date,city,temperature_c,humidity_pct,wind_speed_kmh,precipitation_mm,day_of_year,month,season_sin,season_cos,temp_lag_1,humidity_lag_1,temp_lag_2,humidity_lag_2,temp_lag_3,humidity_lag_3,temp_roll_mean_7,humidity_roll_mean_7,wind_roll_mean_7,target_next_day_temp
2021-01-07,Greater Noida,9.9,59.1,5.5,0.0,7,1,0.1201261651823505,0.9927586335250793,7.8,63.8,6.9,66.6,10.8,62.8,7.871428571428572,64.24285714285715,7.414285714285714,9.4
2021-01-08,Greater Noida,9.4,65.2,6.9,0.0,8,1,0.13718540405660057,0.9905453876091833,9.9,59.1,7.8,63.8,6.9,66.6,7.814285714285714,63.95714285714286,7.285714285714286,9.9
2021-01-09,Greater Noida,9.9,65.8,7.0,0.0,9,1,0.1542040475626894,0.988039023376751,9.4,65.2,9.9,59.1,7.8,63.8,9.314285714285715,63.357142857142854,7.185714285714285,8.8
2021-01-10,Greater Noida,8.8,63.8,7.6,0.0,10,1,0.17117705961019986,0.985240282501282,9.9,65.8,9.4,65.2,9.9,59.1,9.071428571428571,63.87142857142857,7.185714285714285,11.3
2021-01-11,Greater Noida,11.3,64.2,6.4,0.0,11,1,0.18809941761179758,0.9821499931752291,8.8,63.8,9.9,65.8,9.4,65.2,9.142857142857142,64.07142857142857,7.071428571428571,11.3
2021-01-12,Greater Noida,11.3,62.3,7.6,0.0,12,1,0.20496611396949532,0.9787690698649216,11.3,64.2,8.8,63.8,9.9,65.8,9.771428571428572,63.457142857142856,7.242857142857142,10.4
2021-01-13,Greater Noida,10.4,69.1,6.9,0.0,13,1,0.22177215755648186,0.975098513039961,11.3,62.3,11.3,64.2,8.8,63.8,10.142857142857142,64.21428571428571,6.8428571428571425,12.0
2021-01-14,Greater Noida,12.0,59.6,4.8,0.0,14,1,0.23851257519407648,0.9711394088771653,10.4,69.1,11.3,62.3,11.3,64.2,10.442857142857145,64.28571428571429,6.742857142857143,11.2
2021-01-15,Greater Noida,11.2,60.7,7.2,30.8,15,1,0.2551824131233728,0.9668929289391521,12.0,59.6,10.4,69.1,11.3,62.3,10.700000000000001,63.64285714285713,6.785714285714286,0.9
2021-01-16,Greater Noida,0.9,63.1,5.6,0.0,16,1,0.2717767384711357,0.9623603298276545,11.2,60.7,12.0,59.6,10.4,69.1,9.414285714285713,63.25714285714286,6.585714285714286,11.3
2021-01-17,Greater Noida,11.3,66.5,4.7,0.0,17,1,0.2882906407095177,0.9575429528116719,0.9,63.1,11.2,60.7,12.0,59.6,9.771428571428572,63.642857142857146,6.171428571428572,9.5
2021-01-18,Greater Noida,9.5,56.9,7.6,0.0,18,1,0.3047192331091634,0.9524422234305676,11.3,66.5,0.9,63.1,11.2,60.7,9.514285714285716,62.6,6.3428571428571425,12.2
2021-01-19,Greater Noida,12.2,57.6,8.2,0.0,19,1,0.321057654185271,0.9470596510722283,9.5,56.9,11.3,66.5,0.9,63.1,9.642857142857142,61.92857142857143,6.428571428571429,11.1
2021-01-20,Greater Noida,11.1,54.6,8.3,0.0,20,1,0.3373010691361842,0.9413968285264122,12.2,57.6,9.5,56.9,11.3,66.5,9.742857142857144,59.857142857142854,6.628571428571429,11.0
2021-01-21,Greater Noida,11.0,62.8,8.4,0.0,21,1,0.3534446712740877,0.9354554315134164,11.1,54.6,12.2,57.6,9.5,56.9,9.6,60.31428571428571,7.142857142857143,10.4
2021-01-22,Greater Noida,10.4,58.1,4.7,0.0,22,1,0.3694836834473831,0.9292372181882051,11.0,62.8,11.1,54.6,12.2,57.6,9.485714285714286,59.94285714285714,6.785714285714286,13.3
2021-01-23,Greater Noida,13.3,60.9,5.6,0.0,23,1,0.38541335945432564,0.9227440286201427,10.4,58.1,11.0,62.8,11.1,54.6,11.257142857142858,59.628571428571426,6.785714285714286,11.5
2021-01-24,Greater Noida,11.5,65.0,10.7,0.0,24,1,0.4012289854475009,0.9159777842484877,13.3,60.9,10.4,58.1,11.0,62.8,11.285714285714286,59.41428571428571,7.642857142857143,11.2
2021-01-25,Greater Noida,11.2,59.7,6.2,0.0,25,1,0.4169258813287287,0.908940487313808,11.5,65.0,13.3,60.9,10.4,58.1,11.528571428571427,59.814285714285724,7.442857142857143,11.5
2021-01-26,Greater Noida,11.5,63.1,8.7,0.0,26,1,0.4324994021339788,0.901634220265486,11.2,59.7,11.5,65.0,13.3,60.9,11.428571428571429,60.6,7.514285714285713,12.9
2021-01-27,Greater Noida,12.9,60.9,6.8,0.0,27,1,0.44794493940789115,0.8940611451454876,11.5,63.1,11.2,59.7,11.5,65.0,11.685714285714285,61.5,7.3,12.8
2021-01-28,Greater Noida,12.8,64.7,8.0,0.0,28,1,0.4632579225674917,0.88622350294858,12.9,60.9,11.5,63.1,11.2,59.7,11.942857142857141,61.77142857142858,7.242857142857142,13.1
2021-01-29,Greater Noida,13.1,63.8,7.0,10.6,29,1,0.4784338202547012,0.8781236129591848,12.8,64.7,12.9,60.9,11.5,63.1,12.328571428571427,62.58571428571429,7.571428571428571,10.2
2021-01-30,Greater Noida,10.2,59.1,8.8,0.0,30,1,0.49346814167723735,0.8697638720650646,13.1,63.8,12.8,64.7,12.9,60.9,11.885714285714284,62.32857142857143,8.028571428571428,15.8
2021-01-31,Greater Noida,15.8,61.0,8.3,0.0,31,1,0.5083564379375122,0.8611467540480452,10.2,59.1,13.1,63.8,12.8,64.7,12.5,61.75714285714285,7.685714285714285,12.4
2021-02-01,Greater Noida,12.4,65.8,7.4,0.0,32,2,0.5230943033491326,0.8522748088519838,15.8,61.0,10.2,59.1,13.1,63.8,12.671428571428573,62.628571428571426,7.857142857142857,12.4
2021-02-02,Greater Noida,12.4,63.1,6.6,0.0,33,2,0.5376773767406141,0.8431506618282,12.4,65.8,15.8,61.0,10.2,59.1,12.799999999999999,62.62857142857143,7.557142857142857,12.2
2021-02-03,Greater Noida,12.2,55.8,8.6,0.0,34,2,0.5521013427459208,0.8337770129585915,12.4,63.1,12.4,65.8,15.8,61.0,12.700000000000001,61.89999999999999,7.814285714285715,14.4
2021-02-04,Greater Noida,14.4,63.9,6.4,0.0,35,2,0.5663619330814524,0.8241566360566663,12.2,55.8,12.4,63.1,12.4,65.8,12.928571428571429,61.785714285714285,7.585714285714286,15.3
2021-02-05,Greater Noida,15.3,56.8,9.0,0.0,36,2,0.580454927809098,0.8142923779467267,14.4,63.9,12.2,55.8,12.4,63.1,13.242857142857144,60.785714285714285,7.871428571428572,13.7
2021-02-06,Greater Noida,13.7,66.7,12.3,0.0,37,2,0.5943761565849831,0.804187157621448,15.3,56.8,14.4,63.9,12.2,55.8,13.742857142857142,61.871428571428574,8.37142857142857,12.9
2021-02-07,Greater Noida,12.9,65.0,10.4,0.0,38,2,0.6081214998935418,0.7938439653781019,13.7,66.7,15.3,56.8,14.4,63.9,13.328571428571427,62.44285714285714,8.671428571428573,13.1
2021-02-08,Greater Noida,13.1,62.0,9.5,0.0,39,2,0.6216868902665479,0.7832658619336791,12.9,65.0,13.7,66.7,15.3,56.8,13.428571428571429,61.9,8.971428571428572,15.4
2021-02-09,Greater Noida,15.4,61.3,8.4,0.0,40,2,0.6350683134867438,0.7724559775191742,13.1,62.0,12.9,65.0,13.7,66.7,13.857142857142858,61.642857142857146,9.228571428571428,15.7
2021-02-10,Greater Noida,15.7,59.8,5.7,0.0,41,2,0.6482618097757122,0.7614175109532997,15.4,61.3,13.1,62.0,12.9,65.0,14.357142857142858,62.214285714285715,8.814285714285715,15.7
2021-02-11,Greater Noida,15.7,63.2,6.6,0.0,42,2,0.6612634749656386,0.7501537286959042,15.7,59.8,15.4,61.3,13.1,62.0,14.542857142857144,62.11428571428571,8.842857142857143,14.2
2021-02-12,Greater Noida,14.2,58.9,10.6,0.0,43,2,0.6740694616546161,0.7386679638813748,15.7,63.2,15.7,59.8,15.4,61.3,14.385714285714284,62.41428571428572,9.071428571428571,15.6
2021-02-13,Greater Noida,15.6,61.2,7.5,0.0,44,2,0.6866759803451553,0.726963615332308,14.2,58.9,15.7,63.2,15.7,59.8,14.657142857142858,61.628571428571426,8.385714285714286,15.7
2021-02-14,Greater Noida,15.7,63.6,7.7,0.0,45,2,0.6990793005655562,0.7150441465537444,15.6,61.2,14.2,58.9,15.7,63.2,15.057142857142855,61.42857142857143,8.0,16.0
2021-02-15,Greater Noida,16.0,57.7,8.6,0.0,46,2,0.7112757519738152,0.7029130847082615,15.7,63.6,15.6,61.2,14.2,58.9,15.471428571428573,60.81428571428571,7.871428571428571,17.2
2021-02-16,Greater Noida,17.2,57.4,7.3,0.0,47,2,0.7232617254437388,0.6905740195722294,16.0,57.7,15.7,63.6,15.6,61.2,15.728571428571428,60.25714285714285,7.714285714285714,16.5
2021-02-17,Greater Noida,16.5,54.9,7.1,0.0,48,2,0.7350336741329412,0.6780306024735382,17.2,57.4,16.0,57.7,15.7,63.6,15.842857142857142,59.557142857142864,7.914285714285714,17.3
2021-02-18,Greater Noida,17.3,55.3,8.9,0.0,49,2,0.746588114532413,0.6652865452111116,16.5,54.9,17.2,57.4,16.0,57.7,16.071428571428573,58.42857142857143,8.242857142857144,16.7
2021-02-19,Greater Noida,16.7,52.1,7.7,0.0,50,2,0.7579216274973472,0.6523456189565257,17.3,55.3,16.5,54.9,17.2,57.4,16.428571428571427,57.457142857142856,7.828571428571429,17.2
2021-02-20,Greater Noida,17.2,62.2,7.9,0.0,51,2,0.7690308592589181,0.6392116531380588,16.7,52.1,17.3,55.3,16.5,54.9,16.657142857142855,57.6,7.885714285714286,18.0
2021-02-21,Greater Noida,18.0,66.4,7.9,5.3,52,2,0.7799125224167177,0.6258885343075018,17.2,62.2,16.7,52.1,17.3,55.3,16.985714285714288,58.0,7.914285714285714,12.3
2021-02-22,Greater Noida,12.3,64.7,9.9,0.0,53,2,0.7905633969115482,0.612380204990065,18.0,66.4,17.2,62.2,16.7,52.1,16.45714285714286,59.0,8.1,17.1
2021-02-23,Greater Noida,17.1,52.4,8.9,0.0,54,2,0.8009803309782905,0.5986906625177214,12.3,64.7,18.0,66.4,17.2,62.2,16.442857142857143,58.28571428571429,8.32857142857143,17.1
2021-02-24,Greater Noida,17.1,61.7,9.0,0.0,55,2,0.8111602420785621,0.5848239578463322,17.1,52.4,12.3,64.7,18.0,66.4,16.52857142857143,59.25714285714286,8.6,17.1
2021-02-25,Greater Noida,17.1,64.3,10.2,0.0,56,2,0.8211001178128892,0.5707841943569036,17.1,61.7,17.1,52.4,12.3,64.7,16.500000000000004,60.54285714285714,8.785714285714286,17.9
2021-02-26,Greater Noida,17.9,56.6,9.1,0.0,57,2,0.8307970168121247,0.5565755266413303,17.1,64.3,17.1,61.7,17.1,52.4,16.67142857142857,61.18571428571429,8.985714285714286,20.6
2021-02-27,Greater Noida,20.6,58.7,9.0,0.0,58,2,0.8402480696078469,0.5422021592729844,17.9,56.6,17.1,64.3,17.1,61.7,17.15714285714286,60.68571428571429,9.142857142857142,17.5
2021-02-28,Greater Noida,17.5,50.2,10.1,0.0,59,2,0.8494504794814806,0.527668345562516,20.6,58.7,17.9,56.6,17.1,64.3,17.085714285714285,58.371428571428574,9.457142857142857,20.3
2021-03-01,Greater Noida,20.3,59.1,10.5,0.0,60,3,0.8584015232918917,0.512978386299228,17.5,50.2,20.6,58.7,17.9,56.6,18.22857142857143,57.57142857142857,9.542857142857143,16.8
2021-03-02,Greater Noida,16.8,53.6,9.3,0.0,61,3,0.8670985522812081,0.4981366284784055,20.3,59.1,17.5,50.2,20.6,58.7,18.185714285714287,57.74285714285714,9.6,19.0
2021-03-03,Greater Noida,19.0,58.5,9.7,0.0,62,3,0.8755389928586302,0.4831474640149687,16.8,53.6,20.3,59.1,17.5,50.2,18.45714285714286,57.285714285714285,9.7,19.9
2021-03-04,Greater Noida,19.9,51.4,8.4,0.0,63,3,0.8837203473619977,0.4680153284438345,19.0,58.5,16.8,53.6,20.3,59.1,18.857142857142858,55.44285714285714,9.442857142857141,20.8
2021-03-05,Greater Noida,20.8,59.6,8.4,0.0,64,3,0.8916401947968874,0.45274469960737107,19.9,51.4,19.0,58.5,16.8,53.6,19.271428571428572,55.871428571428574,9.342857142857143,21.2
2021-03-06,Greater Noida,21.2,61.4,10.9,0.0,65,3,0.8992961915530253,0.4373400963303323,20.8,59.6,19.9,51.4,19.0,58.5,19.357142857142858,56.25714285714286,9.614285714285714,21.6
2021-03-07,Greater Noida,21.6,54.0,10.4,0.0,66,3,0.9066860720977985,0.4218060770826634,21.2,61.4,20.8,59.6,19.9,51.4,19.942857142857143,56.8,9.657142857142857,20.2
2021-03-08,Greater Noida,20.2,52.5,10.5,0.0,67,3,0.9138076496466615,0.40614723863057883,21.6,54.0,21.2,61.4,20.8,59.6,19.928571428571427,55.857142857142854,9.657142857142857,20.3
2021-03-09,Greater Noida,20.3,48.2,10.2,0.0,68,3,0.9206588168102428,0.3903682146763026,20.2,52.5,21.6,54.0,21.2,61.4,20.428571428571427,55.08571428571429,9.785714285714286,22.4
2021-03-10,Greater Noida,22.4,55.6,9.9,0.0,69,3,0.9272375462179537,0.374473674486883,20.3,48.2,20.2,52.5,21.6,54.0,20.914285714285715,54.67142857142857,9.814285714285715,21.2
2021-03-11,Greater Noida,21.2,54.2,10.9,0.0,70,3,0.9335418911179212,0.35846832151248087,22.4,55.6,20.3,48.2,20.2,52.5,21.099999999999998,55.07142857142857,10.171428571428573,19.9
2021-03-12,Greater Noida,19.9,50.2,11.3,0.0,71,3,0.9395699859530622,0.342356891994542,21.2,54.2,22.4,55.6,20.3,48.2,20.97142857142857,53.728571428571435,10.585714285714287,20.4
2021-03-13,Greater Noida,20.4,58.1,11.4,0.0,72,3,0.945320046913132,0.3261441535642696,19.9,50.2,21.2,54.2,22.4,55.6,20.857142857142858,53.25714285714286,10.657142857142857,20.9
2021-03-14,Greater Noida,20.9,54.3,9.9,0.0,73,3,0.9507903724625832,0.3098349038318025,20.4,58.1,19.9,50.2,21.2,54.2,20.75714285714286,53.300000000000004,10.585714285714287,23.2
2021-03-15,Greater Noida,23.2,51.7,12.1,0.0,74,3,0.9559793438440766,0.2934339689665273,20.9,54.3,20.4,58.1,19.9,50.2,21.185714285714283,53.18571428571429,10.814285714285715,22.9
2021-03-16,Greater Noida,22.9,53.6,10.4,0.0,75,3,0.9608854255574977,0.27694620226893646,23.2,51.7,20.9,54.3,20.4,58.1,21.557142857142857,53.95714285714286,10.842857142857142,24.0
2021-03-17,Greater Noida,24.0,59.9,11.1,6.0,76,3,0.9655071658143364,0.2603764827344581,22.9,53.6,23.2,51.7,20.9,54.3,21.785714285714285,54.57142857142857,11.014285714285716,19.7
2021-03-18,Greater Noida,19.7,57.9,10.6,0.0,77,3,0.969843196967294,0.24372971360968387,24.0,59.9,22.9,53.6,23.2,51.7,21.571428571428573,55.10000000000001,10.971428571428572,23.7
2021-03-19,Greater Noida,23.7,54.8,10.6,0.0,78,3,0.9738922359149924,0.22701082094141847,19.7,57.9,24.0,59.9,22.9,53.6,22.11428571428571,55.75714285714285,10.87142857142857,24.6
2021-03-20,Greater Noida,24.6,57.7,9.1,0.0,79,3,0.9776530844816641,0.2102247521189836,23.7,54.8,19.7,57.9,24.0,59.9,22.714285714285715,55.7,10.542857142857143,23.6
2021-03-21,Greater Noida,23.6,50.4,11.3,0.0,80,3,0.981124629771712,0.19337647441020586,24.6,57.7,23.7,54.8,19.7,57.9,23.1,55.142857142857146,10.742857142857144,24.9
2021-03-22,Greater Noida,24.9,55.0,14.6,0.0,81,3,0.984305844499033,0.17647097349152166,23.6,50.4,24.6,57.7,23.7,54.8,23.342857142857145,55.614285714285714,11.1,23.6
2021-03-23,Greater Noida,23.6,55.3,9.8,0.0,82,3,0.9871957872910085,0.15951325197263655,24.9,55.0,23.6,50.4,24.6,57.7,23.442857142857143,55.857142857142854,11.014285714285714,24.3
2021-03-24,Greater Noida,24.3,52.7,10.5,0.0,83,3,0.9897936029670716,0.14250832791617088,23.6,55.3,24.9,55.0,23.6,50.4,23.485714285714284,54.82857142857143,10.928571428571429,24.5
2021-03-25,Greater Noida,24.5,56.2,9.7,0.0,84,3,0.992098522791769,0.12546123335273648,24.3,52.7,23.6,55.3,24.9,55.0,24.17142857142857,54.58571428571428,10.799999999999999,23.6
2021-03-26,Greater Noida,23.6,51.2,9.7,0.0,85,3,0.9941098647022418,0.10837701279187609,24.5,56.2,24.3,52.7,23.6,55.3,24.157142857142862,54.07142857142857,10.671428571428573,26.3
2021-03-27,Greater Noida,26.3,56.2,12.8,0.0,86,3,0.9958270335100595,0.09126072172931188,23.6,51.2,24.5,56.2,24.3,52.7,24.4,53.857142857142854,11.200000000000001,25.2
2021-03-28,Greater Noida,25.2,56.2,9.5,0.0,87,3,0.9972495210773451,0.07411742515094437,26.3,56.2,23.6,51.2,24.5,56.2,24.62857142857143,54.68571428571429,10.942857142857141,26.1
2021-03-29,Greater Noida,26.1,42.2,9.8,0.0,88,3,0.998376906467142,0.056952196034039754,25.2,56.2,26.3,56.2,23.6,51.2,24.8,52.857142857142854,10.257142857142856,27.0
2021-03-30,Greater Noida,27.0,58.5,8.2,0.0,89,3,0.9992088560679753,0.03977011384605572,26.1,42.2,25.2,56.2,26.3,56.2,25.285714285714285,53.31428571428571,10.028571428571428,23.15
2021-03-31,Greater Noida,23.15,41.4,9.4,22.7,90,3,0.9997451236925734,0.022576263041545485,27.0,58.5,26.1,42.2,25.2,56.2,25.12142857142857,51.7,9.871428571428572,19.3
2021-04-01,Greater Noida,19.3,51.0,8.0,0.0,91,4,0.9999855506507186,0.005375731557583884,23.15,41.4,27.0,58.5,26.1,42.2,24.37857142857143,50.95714285714286,9.62857142857143,27.0
2021-04-02,Greater Noida,27.0,57.4,11.6,0.0,92,4,0.9999300657962057,-0.011826390691832589,19.3,51.0,23.15,41.4,27.0,58.5,24.86428571428571,51.84285714285714,9.9,26.8
2021-04-03,Greater Noida,26.8,51.9,14.9,29.5,93,4,0.9995786855478958,-0.029025013321975237,27.0,57.4,19.3,51.0,23.15,41.4,24.935714285714287,51.22857142857142,10.200000000000001,19.0
2021-04-04,Greater Noida,19.0,47.2,10.1,0.0,94,4,0.9989315138848577,-0.046215046983708354,26.8,51.9,27.0,57.4,19.3,51.0,24.05,49.94285714285714,10.285714285714286,25.5
2021-04-05,Greater Noida,25.5,48.6,8.2,0.0,95,4,0.9979887423155984,-0.06339140486951038,19.0,47.2,26.8,51.9,27.0,57.4,23.964285714285715,50.857142857142854,10.057142857142859,26.1
2021-04-06,Greater Noida,26.1,56.9,12.1,0.0,96,4,0.9967506498213929,-0.08054900421874167,25.5,48.6,19.0,47.2,26.8,51.9,23.835714285714285,50.62857142857143,10.614285714285714,26.5
2021-04-07,Greater Noida,26.5,45.0,9.7,0.0,97,4,0.9952176027737294,-0.09768276782171598,26.1,56.9,25.5,48.6,19.0,47.2,24.314285714285713,51.142857142857146,10.657142857142857,27.2
2021-04-08,Greater Noida,27.2,57.1,12.7,0.0,98,4,0.9933900548258936,-0.11478762552212701,26.5,45.0,26.1,56.9,25.5,48.6,25.442857142857147,52.01428571428571,11.328571428571427,29.4
2021-04-09,Greater Noida,29.4,52.2,10.4,4.9,99,4,0.9912685467787256,-0.13185851571739118,27.2,57.1,26.5,45.0,26.1,56.9,25.785714285714285,51.271428571428565,11.157142857142857,27.8
2021-04-10,Greater Noida,27.8,47.5,9.9,0.0,100,4,0.9888537064205885,-0.1488903868564548,29.4,52.2,27.2,57.1,26.5,45.0,25.928571428571427,50.642857142857146,10.442857142857141,28.8
2021-04-11,Greater Noida,28.8,49.9,10.6,0.0,101,4,0.986146248341595,-0.16587819893463143,27.8,47.5,29.4,52.2,27.2,57.1,27.32857142857143,51.028571428571425,10.514285714285714,31.4
2021-04-12,Greater Noida,31.4,48.0,12.0,0.0,102,4,0.9831469737221499,-0.1828169249850199,28.8,49.9,27.8,47.5,29.4,52.2,28.17142857142857,50.94285714285714,11.057142857142855,29.3
2021-04-13,Greater Noida,29.3,55.4,10.5,0.0,103,4,0.9798567700958665,-0.1997015525660636,31.4,48.0,28.8,49.9,27.8,47.5,28.62857142857143,50.72857142857142,10.828571428571427,31.1
2021-04-14,Greater Noida,31.1,54.8,10.1,0.0,104,4,0.9762766110869321,-0.21652708524481437,29.3,55.4,31.4,48.0,28.8,49.9,29.285714285714285,52.128571428571426,10.885714285714286,29.0
2021-04-15,Greater Noida,29.0,44.9,10.6,0.0,105,4,0.9724075561219968,-0.23328854407545518,31.1,54.8,29.3,55.4,31.4,48.0,29.54285714285714,50.385714285714286,10.585714285714285,30.2
2021-04-16,Greater Noida,30.2,50.0,9.0,0.0,106,4,0.9682507501166718,-0.2499809690726521,29.0,44.9,31.1,54.8,29.3,55.4,29.657142857142862,50.07142857142857,10.385714285714284,29.4
2021-04-17,Greater Noida,29.4,48.1,11.5,0.0,107,4,0.9638074231367307,-0.26659942067929354,30.2,50.0,29.0,44.9,31.1,54.8,29.885714285714283,50.15714285714286,10.614285714285714,30.5
2021-04-18,Greater Noida,30.5,56.6,8.2,0.0,108,4,0.9590788900341131,-0.28313898122818354,29.4,48.1,30.2,50.0,29.0,44.9,30.128571428571426,51.114285714285714,10.271428571428572,32.4
2021-04-19,Greater Noida,32.4,46.0,10.3,0.0,109,4,0.9540665500578387,-0.2995947563972602,30.5,56.6,29.4,48.1,30.2,50.0,30.271428571428572,50.82857142857143,10.028571428571428,29.0
2021-04-20,Greater Noida,29.0,57.7,12.1,0.0,110,4,0.9487718864399473,-0.31596187665790293,32.4,46.0,30.5,56.6,29.4,48.1,30.228571428571428,51.15714285714286,10.257142857142856,32.3
2021-04-21,Greater Noida,32.3,51.1,11.4,0.0,111,4,0.9431964659565866,-0.33223549871590435,29.0,57.7,32.4,46.0,30.5,56.6,30.400000000000002,50.628571428571426,10.442857142857141,32.2
2021-04-22,Greater Noida,32.2,46.5,11.8,5.3,112,4,0.9373419384643772,-0.3484108069446808,32.3,51.1,29.0,57.7,32.4,46.0,30.857142857142858,50.857142857142854,10.614285714285714,28.3
2021-04-23,Greater Noida,28.3,48.4,10.9,25.9,113,4,0.9312100364121947,-0.3644830148102912,32.2,46.5,32.3,51.1,29.0,57.7,30.585714285714285,50.62857142857143,10.885714285714286,30.450000000000003
2021-04-24,Greater Noida,30.450000000000003,47.8,12.7,0.0,114,4,0.9248025743285089,-0.38044736628785164,28.3,48.4,32.2,46.5,32.3,51.1,30.735714285714288,50.58571428571429,11.057142857142859,32.6
2021-04-25,Greater Noida,32.6,45.9,12.4,0.0,115,4,0.9181214482844365,-0.39629913726891813,30.450000000000003,47.8,28.3,48.4,32.2,46.5,31.035714285714285,49.05714285714286,11.657142857142857,32.0
2021-04-26,Greater Noida,32.0,51.3,11.7,0.0,116,4,0.9111686353326631,-0.41203363695942635,32.6,45.9,30.450000000000003,47.8,28.3,48.4,30.97857142857143,49.81428571428571,11.857142857142858,33.3
2021-04-27,Greater Noida,33.3,45.9,12.4,0.0,117,4,0.9039461929224011,-0.42764620926777464,32.0,51.3,32.6,45.9,30.450000000000003,47.8,31.592857142857145,48.128571428571426,11.900000000000002,33.2
2021-04-28,Greater Noida,33.2,42.1,12.1,0.0,118,4,0.8964562582905575,-0.44313223418263453,33.3,45.9,32.0,51.3,32.6,45.9,31.72142857142857,46.84285714285714,12.0,35.6
2021-04-29,Greater Noida,35.6,49.3,10.3,0.0,119,4,0.8887010478292915,-0.45848712914008766,33.2,42.1,33.3,45.9,32.0,51.3,32.20714285714286,47.24285714285713,11.785714285714286,33.2
2021-04-30,Greater Noida,33.2,43.5,9.0,0.0,120,4,0.8806828564301475,-0.47370635037968,35.6,49.3,33.2,42.1,33.3,45.9,32.90714285714286,46.54285714285714,11.514285714285714,32.3
2021-05-01,Greater Noida,32.3,47.7,11.6,0.0,121,5,0.8724040568049612,-0.48878539428899265,33.2,43.5,35.6,49.3,33.2,42.1,33.17142857142857,46.528571428571425,11.357142857142858,34.2
2021-05-02,Greater Noida,34.2,47.1,11.8,0.0,122,5,0.8638670987837349,-0.503719798736334,32.3,47.7,33.2,43.5,35.6,49.3,33.4,46.699999999999996,11.271428571428572,34.5
2021-05-03,Greater Noida,34.5,47.2,12.6,0.0,123,5,0.8550745085896932,-0.518505144391157,34.2,47.1,32.3,47.7,33.2,43.5,33.75714285714286,46.114285714285714,11.4,36.2
2021-05-04,Greater Noida,36.2,58.7,9.6,0.0,124,5,0.8460288880917339,-0.533137056031809,34.5,47.2,34.2,47.1,32.3,47.7,34.17142857142857,47.94285714285714,11.0,35.7
2021-05-05,Greater Noida,35.7,50.9,9.6,0.0,125,5,0.8367329140344921,-0.5476112038402312,36.2,58.7,34.5,47.2,34.2,47.1,34.528571428571425,49.199999999999996,10.642857142857142,35.2
2021-05-06,Greater Noida,35.2,51.7,11.7,0.0,126,5,0.8271893372462497,-0.5619233046832195,35.7,50.9,36.2,58.7,34.5,47.2,34.471428571428575,49.54285714285715,10.842857142857143,36.9
2021-05-07,Greater Noida,36.9,43.7,10.9,0.0,127,5,0.8174009818249189,-0.5760691233798758,35.2,51.7,35.7,50.9,36.2,58.7,35.0,49.57142857142858,11.114285714285714,33.4
2021-05-08,Greater Noida,33.4,48.2,8.2,0.0,128,5,0.8073707443023492,-0.5900444739548627,36.9,43.7,35.2,51.7,35.7,50.9,35.15714285714286,49.642857142857146,10.628571428571428,34.3
2021-05-09,Greater Noida,34.3,51.7,11.5,0.0,129,5,0.7971015927871943,-0.6038452208771035,33.4,48.2,36.9,43.7,35.2,51.7,35.17142857142857,50.300000000000004,10.585714285714285,34.1
2021-05-10,Greater Noida,34.1,46.8,8.2,0.0,130,5,0.7865965660866021,-0.6174672802835514,34.3,51.7,33.4,48.2,36.9,43.7,35.114285714285714,50.24285714285714,9.957142857142857,35.0
2021-05-11,Greater Noida,35.0,54.6,9.5,0.0,131,5,0.7758587728069828,-0.6309066211876704,34.1,46.8,34.3,51.7,33.4,48.2,34.94285714285714,49.65714285714286,9.942857142857141,33.8
2021-05-12,Greater Noida,33.8,46.2,13.0,0.0,132,5,0.7648913904341226,-0.6441592666722685,35.0,54.6,34.1,46.8,34.3,51.7,34.67142857142857,48.98571428571429,10.428571428571429,36.8
2021-05-13,Greater Noida,36.8,49.9,13.7,0.0,133,5,0.753697664392914,-0.6572212950663319,33.8,46.2,35.0,54.6,34.1,46.8,34.9,48.728571428571435,10.714285714285714,35.7
2021-05-14,Greater Noida,35.7,48.8,9.1,0.0,134,5,0.742280907086982,-0.6700888411055113,36.8,49.9,33.8,46.2,35.0,54.6,34.72857142857142,49.457142857142856,10.457142857142857,34.2
2021-05-15,Greater Noida,34.2,51.9,10.4,0.0,135,5,0.7306444969184916,-0.6827580970759147,35.7,48.8,36.8,49.9,33.8,46.2,34.84285714285714,49.98571428571428,10.771428571428572,34.9
2021-05-16,Greater Noida,34.9,48.8,11.0,18.2,136,5,0.7187918772884232,-0.6952253139408722,34.2,51.9,35.7,48.8,36.8,49.9,34.92857142857143,49.57142857142857,10.700000000000001,28.4
2021-05-17,Greater Noida,28.4,50.4,13.6,40.1,137,5,0.7067265555776158,-0.7074868024503348,34.9,48.8,34.2,51.9,35.7,48.8,34.114285714285714,50.08571428571429,11.471428571428572,29.3
2021-05-18,Greater Noida,29.3,50.7,10.1,0.0,138,5,0.6944521021088763,-0.719538934232584,28.4,50.4,34.9,48.8,34.2,51.9,33.3,49.528571428571425,11.557142857142855,39.6
2021-05-19,Greater Noida,39.6,48.8,10.1,0.0,139,5,0.6819721490904629,-0.7313781428679254,29.3,50.7,28.4,50.4,34.9,48.8,34.12857142857143,49.89999999999999,11.142857142857142,41.0
2021-05-20,Greater Noida,41.0,53.8,13.2,0.0,140,5,0.6692903895412567,-0.7430009249440493,39.6,48.8,29.3,50.7,28.4,50.4,34.728571428571435,50.457142857142856,11.071428571428571,37.6
2021-05-21,Greater Noida,37.6,53.0,10.3,17.0,141,5,0.6564105761979381,-0.7544038410927472,41.0,53.8,39.6,48.8,29.3,50.7,35.00000000000001,51.05714285714286,11.242857142857144,27.3
2021-05-22,Greater Noida,27.3,51.8,11.9,0.0,142,5,0.6433365204044917,-0.765583517007675,37.6,53.0,41.0,53.8,39.6,48.8,34.01428571428571,51.042857142857144,11.457142857142856,34.3
2021-05-23,Greater Noida,34.3,50.6,8.6,0.0,143,5,0.6300720909843687,-0.7765366444428655,27.3,51.8,37.6,53.0,41.0,53.8,33.92857142857143,51.300000000000004,11.114285714285714,37.8
2021-05-24,Greater Noida,37.8,55.7,10.5,0.0,144,5,0.6166212130956382,-0.7872599821916922,34.3,50.6,27.3,51.8,37.6,53.0,35.27142857142858,52.057142857142864,10.671428571428573,36.4
2021-05-25,Greater Noida,36.4,51.8,8.3,37.5,145,5,0.6029878670694714,-0.7977503570459932,37.8,55.7,34.3,50.6,27.3,51.8,36.285714285714285,52.214285714285715,10.414285714285715,28.6
2021-05-26,Greater Noida,28.6,51.7,9.2,0.0,146,5,0.5891760872322963,-0.8080046647350754,36.4,51.8,37.8,55.7,34.3,50.6,34.714285714285715,52.62857142857143,10.285714285714286,36.9
2021-05-27,Greater Noida,36.9,53.5,12.0,18.8,147,5,0.5751899607119775,-0.8180198708443175,28.6,51.7,36.4,51.8,37.8,55.7,34.128571428571426,52.58571428571429,10.114285714285714,29.2
2021-05-28,Greater Noida,29.2,60.1,10.6,0.0,148,5,0.5610336262283677,-0.8277930117131022,36.9,53.5,28.6,51.7,36.4,51.8,32.92857142857143,53.60000000000001,10.157142857142858,39.4
2021-05-29,Greater Noida,39.4,48.2,10.2,21.5,149,5,0.5467112728685939,-0.8373211953118121,29.2,60.1,36.9,53.5,28.6,51.7,34.65714285714286,53.08571428571429,9.914285714285713,29.8
2021-05-30,Greater Noida,29.8,56.9,9.5,15.1,150,5,0.5322271388474397,-0.8466016020976267,39.4,48.2,29.2,60.1,36.9,53.5,34.01428571428571,53.98571428571428,10.042857142857143,29.4
2021-05-31,Greater Noida,29.4,46.5,10.3,36.2,151,5,0.5175855102531889,-0.8556314858488706,29.8,56.9,39.4,48.2,29.2,60.1,32.81428571428572,52.67142857142857,10.014285714285716,28.3
2021-06-01,Greater Noida,28.3,55.2,11.0,0.0,152,6,0.5027907197793043,-0.8644081744776648,29.4,46.5,29.8,56.9,39.4,48.2,31.657142857142862,53.15714285714285,10.4,36.0
2021-06-02,Greater Noida,36.0,60.9,12.0,0.0,153,6,0.4878471454423119,-0.8729290708206411,28.3,55.2,29.4,46.5,29.8,56.9,32.714285714285715,54.471428571428575,10.799999999999999,37.7
2021-06-03,Greater Noida,37.7,56.8,6.6,0.0,154,6,0.47275920928627757,-0.881191653407483,36.0,60.9,28.3,55.2,29.4,46.5,32.82857142857143,54.94285714285714,10.028571428571427,38.4
2021-06-04,Greater Noida,38.4,55.8,9.3,0.0,155,6,0.4575313760742512,-0.8891934772070711,37.7,56.8,36.0,60.9,28.3,55.2,34.142857142857146,54.32857142857142,9.842857142857143,41.0
2021-06-05,Greater Noida,41.0,53.1,10.7,0.0,156,6,0.44216815196707204,-0.8969321743510065,38.4,55.8,37.7,56.8,36.0,60.9,34.371428571428574,55.028571428571425,9.914285714285715,38.8
2021-06-06,Greater Noida,38.8,55.8,10.3,0.0,157,6,0.42667408318992467,-0.9044054548343001,41.0,53.1,38.4,55.8,37.7,56.8,35.65714285714286,54.871428571428574,10.028571428571428,40.0
2021-06-07,Greater Noida,40.0,55.0,11.0,0.0,158,6,0.4110537546870351,-0.9116111071930239,38.8,55.8,41.0,53.1,38.4,55.8,37.17142857142857,56.08571428571429,10.12857142857143,38.0
2021-06-08,Greater Noida,38.0,53.1,10.8,0.0,159,6,0.3953117887649151,-0.9185469991587165,40.0,55.0,38.8,55.8,41.0,53.1,38.55714285714286,55.785714285714285,10.1,37.1
2021-06-09,Greater Noida,37.1,55.4,9.9,0.0,160,6,0.37945284372454435,-0.925211078289358,38.0,53.1,40.0,55.0,38.8,55.8,38.714285714285715,55.0,9.8,37.5
2021-06-10,Greater Noida,37.5,57.7,9.5,0.0,161,6,0.36348161248290634,-0.9316013725767187,37.1,55.4,38.0,53.1,40.0,55.0,38.68571428571429,55.12857142857143,10.214285714285714,37.8
2021-06-11,Greater Noida,37.8,54.1,9.9,0.0,162,6,0.3474028211842774,-0.9377159910299093,37.5,57.7,37.1,55.4,38.0,53.1,38.6,54.88571428571429,10.3,41.9
2021-06-12,Greater Noida,41.9,54.3,12.0,25.6,163,6,0.3312212278016865,-0.9435531242349544,37.8,54.1,37.5,57.7,37.1,55.4,38.72857142857142,55.05714285714286,10.485714285714286,29.3
2021-06-13,Greater Noida,29.3,52.4,9.1,0.0,164,6,0.31494162072895193,-0.9491110448902284,41.9,54.3,37.8,54.1,37.5,57.7,37.371428571428574,54.57142857142857,10.314285714285715,40.1
2021-06-14,Greater Noida,40.1,59.7,10.1,9.1,165,6,0.2985688173637202,-0.9543881083175908,29.3,52.4,41.9,54.3,37.8,54.1,37.385714285714286,55.24285714285714,10.185714285714287,34.7
2021-06-15,Greater Noida,34.7,60.7,10.4,5.6,166,6,0.2821076626819194,-0.9593827529490743,40.1,59.7,29.3,52.4,41.9,54.3,36.91428571428571,56.32857142857143,10.12857142857143,37.3
2021-06-16,Greater Noida,37.3,59.8,10.0,0.0,167,6,0.26556302780405594,-0.9640935007889755,34.7,60.7,40.1,59.7,29.3,52.4,36.942857142857136,56.957142857142856,10.142857142857142,39.6
2021-06-17,Greater Noida,39.6,63.0,9.6,0.0,168,6,0.24893980855376657,-0.9685189578512204,37.3,59.8,34.7,60.7,40.1,59.7,37.24285714285714,57.714285714285715,10.157142857142857,38.8
2021-06-18,Greater Noida,38.8,59.9,11.5,0.0,169,6,0.23224292400907015,-0.9726578145718654,39.6,63.0,37.3,59.8,34.7,60.7,37.385714285714286,58.54285714285714,10.385714285714284,39.0
2021-06-19,Greater Noida,39.0,61.4,11.9,3.9,170,6,0.21547731504673012,-0.976508846196619,38.8,59.9,39.6,63.0,37.3,59.8,36.971428571428575,59.557142857142864,10.37142857142857,38.1
2021-06-20,Greater Noida,38.1,61.4,9.9,0.0,171,6,0.19864794288017112,-0.9800709131432666,39.0,61.4,38.8,59.9,39.6,63.0,38.228571428571435,60.84285714285714,10.485714285714286,39.7
2021-06-21,Greater Noida,39.7,60.2,9.6,0.0,172,6,0.18175978759137534,-0.9833429613388902,38.1,61.4,39.0,61.4,38.8,59.9,38.17142857142857,60.91428571428571,10.414285714285715,38.4
2021-06-22,Greater Noida,38.4,58.7,9.4,0.0,173,6,0.16481784665719793,-0.9863240225317866,39.7,60.2,38.1,61.4,39.0,61.4,38.699999999999996,60.628571428571426,10.271428571428572,37.3
2021-06-23,Greater Noida,37.3,70.0,9.5,0.0,174,6,0.14782713347053048,-0.9890132145779883,38.4,58.7,39.7,60.2,38.1,61.4,38.699999999999996,62.08571428571429,10.200000000000001,37.2
2021-06-24,Greater Noida,37.2,59.7,11.1,22.6,175,6,0.13079267585675922,-0.9914097417023038,37.3,70.0,38.4,58.7,39.7,60.2,38.357142857142854,61.614285714285714,10.414285714285715,30.8
2021-06-25,Greater Noida,30.8,59.2,10.1,0.0,176,6,0.11371951458594969,-0.9935128947338007,37.2,59.7,37.3,70.0,38.4,58.7,37.214285714285715,61.51428571428572,10.214285714285714,41.2
2021-06-26,Greater Noida,41.2,63.9,10.1,0.0,177,6,0.0966127018812031,-0.9953220513156602,30.8,59.2,37.2,59.7,37.3,70.0,37.52857142857143,61.87142857142857,9.957142857142857,39.2
2021-06-27,Greater Noida,39.2,63.5,8.0,0.0,178,6,0.07947729992362097,-0.9968366760893436,41.2,63.9,30.8,59.2,37.2,59.7,37.68571428571429,62.17142857142857,9.685714285714285,38.8
2021-06-28,Greater Noida,38.8,57.2,8.2,0.0,179,6,0.062318379354325076,-0.998056320853012,39.2,63.5,41.2,63.9,30.8,59.2,37.55714285714286,61.74285714285715,9.485714285714286,39.3
2021-06-29,Greater Noida,39.3,67.6,12.8,7.5,180,6,0.04514101777397193,-0.9989806246941579,38.8,57.2,39.2,63.5,41.2,63.9,37.68571428571429,63.01428571428571,9.971428571428572,37.7
2021-06-30,Greater Noida,37.7,63.0,9.3,0.0,181,6,0.02795029824021032,-0.999609314096404,39.3,67.6,38.8,57.2,39.2,63.5,37.74285714285715,62.01428571428572,9.942857142857141,39.1
2021-07-01,Greater Noida,39.1,59.2,8.3,0.0,182,7,0.01075130776352193,-0.9999422030204416,37.7,63.0,39.3,67.6,38.8,57.2,38.01428571428572,61.942857142857136,9.542857142857143,38.2
2021-07-02,Greater Noida,38.2,68.7,11.6,10.8,183,7,-0.00645086419810515,-0.9999791929590823,39.1,59.2,37.7,63.0,39.3,67.6,39.07142857142857,63.300000000000004,9.757142857142856,37.3
2021-07-03,Greater Noida,37.3,66.7,9.8,17.0,184,7,-0.023651127245231586,-0.9997202729664083,38.2,68.7,39.1,59.2,37.7,63.0,38.51428571428572,63.7,9.714285714285714,30.7
2021-07-04,Greater Noida,30.7,59.4,10.2,0.0,185,7,-0.04084439154329611,-0.9991655196610109,37.3,66.7,38.2,68.7,39.1,59.2,37.300000000000004,63.114285714285714,10.028571428571428,40.7
2021-07-05,Greater Noida,40.7,71.9,9.1,0.0,186,7,-0.05802556932878035,-0.9983150972033183,30.7,59.4,37.3,66.7,38.2,68.7,37.57142857142857,65.21428571428571,10.157142857142858,38.8
2021-07-06,Greater Noida,38.8,67.6,8.8,10.4,187,7,-0.07518957641475855,-0.9971692572470178,40.7,71.9,30.7,59.4,37.3,66.7,37.5,65.21428571428571,9.585714285714285,33.7
2021-07-07,Greater Noida,33.7,65.2,9.0,0.0,188,7,-0.09233133369539122,-0.9957283388645872,38.8,67.6,40.7,71.9,30.7,59.4,36.92857142857143,65.52857142857142,9.542857142857143,36.5
2021-07-08,Greater Noida,36.5,71.8,7.1,0.0,189,7,-0.10944576864891556,-0.993992768446958,33.7,65.2,38.8,67.6,40.7,71.9,36.55714285714286,67.32857142857144,9.37142857142857,40.6
2021-07-09,Greater Noida,40.6,66.3,9.0,12.9,190,7,-0.12652781683868314,-0.9919630595773397,36.5,71.8,33.7,65.2,38.8,67.6,36.9,66.9857142857143,9.0,37.6
2021-07-10,Greater Noida,37.6,65.7,9.5,21.4,191,7,-0.1435724234118113,-0.9896398128792412,40.6,66.3,36.5,71.8,33.7,65.2,36.94285714285714,66.84285714285714,8.957142857142857,29.4
2021-07-11,Greater Noida,29.4,63.4,11.8,0.0,192,7,-0.16057454459499376,-0.9870237158387383,37.6,65.7,40.6,66.3,36.5,71.8,36.75714285714286,67.41428571428571,9.185714285714285,37.5
2021-07-12,Greater Noida,37.5,68.6,9.1,0.0,193,7,-0.17752914918703497,-0.984115542601034,29.4,63.4,37.6,65.7,40.6,66.3,36.3,66.94285714285715,9.185714285714285,40.0
2021-07-13,Greater Noida,40.0,68.3,5.4,0.0,194,7,-0.19443122004766195,-0.9809161537413774,37.5,68.6,29.4,63.4,37.6,65.7,36.471428571428575,67.04285714285714,8.7,36.3
2021-07-14,Greater Noida,36.3,66.6,8.8,30.4,195,7,-0.2112757555821793,-0.9774264960104055,40.0,68.3,37.5,68.6,29.4,63.4,36.84285714285714,67.24285714285715,8.671428571428573,28.0
2021-07-15,Greater Noida,28.0,63.5,13.0,0.0,196,7,-0.2280577712215198,-0.9736476020539838,36.3,66.6,40.0,68.3,37.5,68.6,35.628571428571426,66.05714285714285,9.514285714285716,38.5
2021-07-16,Greater Noida,38.5,67.3,10.1,0.0,197,7,-0.24477230089725957,-0.9695805901076308,28.0,63.5,36.3,66.6,40.0,68.3,35.32857142857143,66.2,9.671428571428573,37.0
2021-07-17,Greater Noida,37.0,66.6,7.5,0.0,198,7,-0.2614143985111562,-0.965226663665613,38.5,67.3,28.0,63.5,36.3,66.6,35.24285714285714,66.32857142857142,9.385714285714286,37.4
2021-07-18,Greater Noida,37.4,61.7,9.6,12.7,199,7,-0.2779791393987801,-0.9605871111248129,37.0,66.6,38.5,67.3,28.0,63.5,36.385714285714286,66.08571428571429,9.071428571428571,34.0
2021-07-19,Greater Noida,34.0,61.2,7.5,0.0,200,7,-0.2944616217868012,-0.9556633054034704,37.4,61.7,37.0,66.6,38.5,67.3,35.885714285714286,65.02857142857142,8.842857142857143,37.6
2021-07-20,Greater Noida,37.6,69.4,6.6,9.5,201,7,-0.3108569682435036,-0.9504567035349151,34.0,61.2,37.4,61.7,37.0,66.6,35.542857142857144,65.18571428571428,9.014285714285714,36.0
2021-07-21,Greater Noida,36.0,56.8,8.0,15.9,202,7,-0.3271603271220951,-0.9449688462364056,37.6,69.4,34.0,61.2,37.4,61.7,35.5,63.785714285714285,8.9,28.5
2021-07-22,Greater Noida,28.5,68.1,8.6,0.0,203,7,-0.34336687399638804,-0.939201357453208,36.0,56.8,37.6,69.4,34.0,61.2,35.57142857142857,64.44285714285715,8.27142857142857,37.7
2021-07-23,Greater Noida,37.7,65.3,5.6,0.0,204,7,-0.3594718130884232,-0.9331559438780432,28.5,68.1,36.0,56.8,37.6,69.4,35.457142857142856,64.15714285714286,7.628571428571428,33.7
2021-07-24,Greater Noida,33.7,72.5,6.7,27.8,205,7,-0.3754703786876202,-0.9268343944460494,37.7,65.3,28.5,68.1,36.0,56.8,34.98571428571429,65.0,7.514285714285714,27.9
2021-07-25,Greater Noida,27.9,65.3,8.4,0.0,206,7,-0.3913578365610259,-0.9202385798054075,33.7,72.5,37.7,65.3,28.5,68.1,33.628571428571426,65.5142857142857,7.3428571428571425,35.1
2021-07-26,Greater Noida,35.1,69.9,7.7,50.0,207,7,-0.4071294853542516,-0.9133704517637858,27.9,65.3,33.7,72.5,37.7,65.3,33.785714285714285,66.75714285714285,7.371428571428572,26.0
2021-07-27,Greater Noida,26.0,65.6,8.8,30.6,208,7,-0.4227806579826773,-0.9062320427107697,35.1,69.9,27.9,65.3,33.7,72.5,32.128571428571426,66.21428571428571,7.685714285714285,26.3
2021-07-28,Greater Noida,26.3,67.6,6.4,8.0,209,7,-0.4383067230125192,-0.898825465016444,26.0,65.6,35.1,69.9,27.9,65.3,30.74285714285714,67.75714285714285,7.457142857142856,32.4
2021-07-29,Greater Noida,32.4,70.1,9.2,4.0,210,7,-0.45370308603134424,-0.8911529104063088,26.3,67.6,26.0,65.6,35.1,69.9,31.3,68.04285714285713,7.542857142857143,37.0
2021-07-30,Greater Noida,37.0,65.2,6.3,0.0,211,7,-0.46896519100763184,-0.8832166493127127,32.4,70.1,26.3,67.6,26.0,65.6,31.2,68.02857142857144,7.642857142857143,33.7
2021-07-31,Greater Noida,33.7,71.0,10.5,0.0,212,7,-0.48408852163897587,-0.8750190302029955,37.0,65.2,32.4,70.1,26.3,67.6,31.199999999999996,67.81428571428572,8.185714285714285,35.4
2021-08-01,Greater Noida,35.4,62.9,5.4,0.0,213,8,-0.4990686026885319,-0.8665624788845385,33.7,71.0,37.0,65.2,32.4,70.1,32.27142857142857,67.47142857142858,7.757142857142857,34.5
2021-08-02,Greater Noida,34.5,68.0,6.3,1.9,214,8,-0.5139010013093103,-0.8578494977869301,35.4,62.9,33.7,71.0,37.0,65.2,32.18571428571428,67.2,7.557142857142857,34.6
2021-08-03,Greater Noida,34.6,70.4,8.5,3.0,215,8,-0.5285813283559292,-0.8488826652214553,34.5,68.0,35.4,62.9,33.7,71.0,33.41428571428571,67.88571428571429,7.514285714285713,36.3
2021-08-04,Greater Noida,36.3,69.2,10.3,19.2,216,8,-0.5431052396834317,-0.8396646346181327,34.6,70.4,34.5,68.0,35.4,62.9,34.84285714285714,68.11428571428571,8.071428571428571,26.9
2021-08-05,Greater Noida,26.9,74.1,8.2,0.0,217,8,-0.5574684374327892,-0.8301981337405212,36.3,69.2,34.6,70.4,34.5,68.0,34.05714285714286,68.68571428571428,7.928571428571429,36.4
2021-08-06,Greater Noida,36.4,63.2,8.6,9.0,218,8,-0.5716666713027052,-0.8204859638785327,26.9,74.1,36.3,69.2,34.6,70.4,33.971428571428575,68.4,8.257142857142856,31.1
2021-08-07,Greater Noida,31.1,60.6,7.7,0.0,219,8,-0.5856957398073508,-0.8105309990194823,36.4,63.2,26.9,74.1,36.3,69.2,33.6,66.91428571428573,7.857142857142857,33.1
2021-08-08,Greater Noida,33.1,62.0,6.1,0.0,220,8,-0.5995514915196489,-0.8003361849976323,31.1,60.6,36.4,63.2,26.9,74.1,33.27142857142857,66.78571428571429,7.957142857142857,33.6
2021-08-09,Greater Noida,33.6,68.4,6.8,0.0,221,8,-0.6132298262997502,-0.7899045386224707,33.1,62.0,31.1,60.6,36.4,63.2,33.142857142857146,66.84285714285714,8.028571428571428,34.1
2021-08-10,Greater Noida,34.1,67.6,5.7,21.3,222,8,-0.6267266965083301,-0.7792391467859886,33.6,68.4,33.1,62.0,31.1,60.6,33.07142857142857,66.44285714285715,7.628571428571429,25.3
2021-08-11,Greater Noida,25.3,65.9,5.5,11.2,223,8,-0.6400381082043503,-0.7683431655492202,34.1,67.6,33.6,68.4,33.1,62.0,31.5,65.97142857142856,6.942857142857143,28.8
2021-08-12,Greater Noida,28.8,60.8,8.0,0.0,224,8,-0.65316012232693,-0.7572198192083127,25.3,65.9,34.1,67.6,33.6,68.4,31.771428571428572,64.07142857142857,6.9142857142857155,33.2
2021-08-13,Greater Noida,33.2,68.1,5.7,0.0,225,8,-0.666088855860977,-0.7458723993404063,28.8,60.8,25.3,65.9,34.1,67.6,31.314285714285713,64.77142857142857,6.5,33.2
2021-08-14,Greater Noida,33.2,60.0,7.8,4.6,226,8,-0.6788204829862355,-0.734304263829602,33.2,68.1,28.8,60.8,25.3,65.9,31.614285714285717,64.68571428571428,6.514285714285714,36.2
2021-08-15,Greater Noida,36.2,69.3,5.3,0.0,227,8,-0.6913512362094071,-0.722518835873311,33.2,60.0,33.2,68.1,28.8,60.8,32.05714285714286,65.72857142857143,6.3999999999999995,35.1
2021-08-16,Greater Noida,35.1,75.9,7.7,0.0,228,8,-0.7036774074790128,-0.7105196029692745,36.2,69.3,33.2,60.0,33.2,68.1,32.27142857142858,66.8,6.528571428571429,31.1
2021-08-17,Greater Noida,31.1,65.7,6.4,0.0,229,8,-0.7157953492826642,-0.6983101158835584,35.1,75.9,36.2,69.3,33.2,60.0,31.842857142857145,66.52857142857142,6.628571428571428,31.7
2021-08-18,Greater Noida,31.7,66.4,9.2,4.6,230,8,-0.7277014757264236,-0.6858939875998223,31.1,65.7,35.1,75.9,36.2,69.3,32.75714285714286,66.6,7.157142857142857,29.8
2021-08-19,Greater Noida,29.8,61.9,7.6,28.6,231,8,-0.7393922635959241,-0.673274892250183,31.7,66.4,31.1,65.7,35.1,75.9,32.9,66.75714285714285,7.1,26.55
2021-08-20,Greater Noida,26.55,56.4,8.9,15.2,232,8,-0.7508642533989489,-0.6604565640279754,29.8,61.9,31.7,66.4,31.1,65.7,31.95,65.08571428571429,7.557142857142858,23.3
2021-08-21,Greater Noida,23.3,61.0,5.8,38.0,233,8,-0.7621140503891487,-0.6474427960827475,26.55,56.4,29.8,61.9,31.7,66.4,30.535714285714285,65.22857142857143,7.271428571428571,24.4
2021-08-22,Greater Noida,24.4,58.9,7.0,0.0,234,8,-0.7731383255706026,-0.6342374393978054,23.3,61.0,26.55,56.4,29.8,61.9,28.85,63.74285714285715,7.514285714285714,29.9
2021-08-23,Greater Noida,29.9,57.2,5.4,0.0,235,8,-0.7839338166829201,-0.620844401650647,24.4,58.9,23.3,61.0,26.55,56.4,28.107142857142858,61.07142857142857,7.185714285714285,29.8
2021-08-24,Greater Noida,29.8,69.7,6.2,0.0,236,8,-0.7944973291665992,-0.6072676460566135,29.9,57.2,24.4,58.9,23.3,61.0,27.92142857142857,61.642857142857146,7.1571428571428575,27.5
2021-08-25,Greater Noida,27.5,63.7,6.4,0.0,237,8,-0.8048257371083452,-0.593511190196115,29.8,69.7,29.9,57.2,24.4,58.9,27.321428571428573,61.25714285714286,6.757142857142858,30.0
2021-08-26,Greater Noida,30.0,63.9,5.6,5.6,238,8,-0.8149159841660791,-0.5795791048257612,27.5,63.7,29.8,69.7,29.9,57.2,27.349999999999998,61.542857142857144,6.471428571428572,25.5
2021-08-27,Greater Noida,25.5,61.0,4.9,9.3,239,8,-0.8247650844733614,-0.5654755126737576,30.0,63.9,27.5,63.7,29.8,69.7,27.2,62.199999999999996,5.9,26.0
2021-08-28,Greater Noida,26.0,61.3,4.5,0.0,240,8,-0.8343701235229537,-0.5512045872199277,25.5,61.0,30.0,63.9,27.5,63.7,27.585714285714285,62.24285714285714,5.714285714285714,28.3
2021-08-29,Greater Noida,28.3,65.7,3.1,0.0,241,8,-0.8437282590292712,-0.5367705514607103,26.0,61.3,25.5,61.0,30.0,63.9,28.142857142857142,63.214285714285715,5.1571428571428575,29.2
2021-08-30,Greater Noida,29.2,61.5,5.0,0.0,242,8,-0.8528367217694595,-0.522177676659508,28.3,65.7,26.0,61.3,25.5,61.0,28.042857142857144,63.82857142857143,5.1000000000000005,26.6
2021-08-31,Greater Noida,26.6,63.5,7.4,11.1,243,8,-0.8616928164028521,-0.5074302810827518,29.2,61.5,28.3,65.7,26.0,61.3,27.585714285714285,62.94285714285714,5.271428571428571,23.8
2021-09-01,Greater Noida,23.8,60.5,4.1,20.8,244,9,-0.8702939222685674,-0.49253272872205434,26.6,63.5,29.2,61.5,28.3,65.7,27.057142857142857,62.48571428571428,4.942857142857143,23.0
2021-09-02,Greater Noida,23.0,59.7,4.4,4.5,245,9,-0.8786374941610001,-0.4774894280028391,23.8,60.5,26.6,63.5,29.2,61.5,26.057142857142857,61.885714285714286,4.771428571428571,24.75
2021-09-03,Greater Noida,24.75,55.3,9.1,0.0,246,9,-0.886721063082993,-0.46230483047981086,23.0,59.7,23.8,60.5,26.6,63.5,25.95,61.07142857142857,5.371428571428572,26.5
2021-09-04,Greater Noida,26.5,52.8,5.4,0.0,247,9,-0.8945422369764496,-0.4469834295196741,24.75,55.3,23.0,59.7,23.8,60.5,26.021428571428572,59.857142857142854,5.5,30.4
2021-09-05,Greater Noida,30.4,59.5,6.8,0.0,248,9,-0.9020987014301837,-0.43152975897147144,26.5,52.8,24.75,55.3,23.0,59.7,26.321428571428573,58.971428571428575,6.028571428571428,31.6
2021-09-06,Greater Noida,31.6,60.6,7.2,0.0,249,9,-0.9093882203647925,-0.4159483918249421,30.4,59.5,26.5,52.8,24.75,55.3,26.664285714285715,58.84285714285714,6.3428571428571425,25.7
2021-09-07,Greater Noida,25.7,55.1,7.2,5.7,250,9,-0.9164086366943458,-0.4002439388573056,31.6,60.6,30.4,59.5,26.5,52.8,26.535714285714285,57.642857142857146,6.314285714285715,23.5
2021-09-08,Greater Noida,23.5,60.0,3.9,0.0,251,9,-0.9231578729647039,-0.38442104726885545,25.7,55.1,31.6,60.6,30.4,59.5,26.49285714285714,57.57142857142857,6.285714285714286,27.3
2021-09-09,Greater Noida,27.3,60.2,5.8,12.9,252,9,-0.9296339319682695,-0.3684843993077793,23.5,60.0,25.7,55.1,31.6,60.6,27.107142857142858,57.642857142857146,6.485714285714286,26.0
2021-09-10,Greater Noida,26.0,51.2,3.7,0.0,253,9,-0.9358348973349941,-0.35243871088460327,27.3,60.2,23.5,60.0,25.7,55.1,27.285714285714285,57.05714285714286,5.714285714285714,24.9
2021-09-11,Greater Noida,24.9,56.1,9.7,0.0,254,9,-0.9417589340994617,-0.33628873017668287,26.0,51.2,27.3,60.2,23.5,60.0,27.057142857142857,57.528571428571425,6.328571428571428,25.7
2021-09-12,Greater Noida,25.7,61.3,3.6,0.0,255,9,-0.9474042892438845,-0.32003923622313857,24.9,56.1,26.0,51.2,27.3,60.2,26.385714285714283,57.785714285714285,5.871428571428572,26.9
2021-09-13,Greater Noida,26.9,61.1,4.4,0.0,256,9,-0.9527692922168511,-0.30369503751065885,25.7,61.3,24.9,56.1,26.0,51.2,25.714285714285715,57.857142857142854,5.471428571428571,26.1
2021-09-14,Greater Noida,26.1,54.8,4.4,0.0,257,9,-0.9578523554276669,-0.28726097055059635,26.9,61.1,25.7,61.3,24.9,56.1,25.771428571428572,57.81428571428571,5.071428571428571,24.8
2021-09-15,Greater Noida,24.8,60.0,3.6,0.0,258,9,-0.9626519747161487,-0.2707418984477642,26.1,54.8,26.9,61.1,25.7,61.3,25.95714285714286,57.81428571428571,5.028571428571429,24.8
2021-09-16,Greater Noida,24.8,63.4,7.9,17.2,259,9,-0.9671667297977312,-0.2541427094613622,24.8,60.0,26.1,54.8,26.9,61.1,25.599999999999998,58.27142857142858,5.328571428571429,14.3
2021-09-17,Greater Noida,14.3,62.3,9.5,11.5,260,9,-0.97139528468375,-0.23746831555846842,24.8,63.4,24.8,60.0,26.1,54.8,23.928571428571427,59.857142857142854,6.1571428571428575,21.2
2021-09-18,Greater Noida,21.2,58.7,5.1,0.0,261,9,-0.9753363880767837,-0.2207236509605022,14.3,62.3,24.8,63.4,24.8,60.0,23.4,60.228571428571435,5.5,23.9
2021-09-19,Greater Noida,23.9,57.2,3.8,0.0,262,9,-0.9789888737409319,-0.20391367068311472,21.2,58.7,14.3,62.3,24.8,63.4,23.142857142857142,59.642857142857146,5.528571428571429,24.3
2021-09-20,Greater Noida,24.3,56.5,2.4,20.5,263,9,-0.9823516608469237,-0.18704334906991657,23.9,57.2,21.2,58.7,14.3,62.3,22.771428571428572,58.98571428571428,5.242857142857142,14.5
2021-09-21,Greater Noida,14.5,60.8,5.3,10.0,264,9,-0.9854237542919524,-0.17011767832049052,24.3,56.5,23.9,57.2,21.2,58.7,21.114285714285717,59.84285714285715,5.371428571428571,21.1
2021-09-22,Greater Noida,21.1,59.7,5.2,2.9,265,9,-0.9882042449941422,-0.15314166701312007,14.5,60.8,24.3,56.5,23.9,57.2,20.585714285714285,59.800000000000004,5.6,24.6
2021-09-23,Greater Noida,24.6,61.4,4.6,0.0,266,9,-0.9906923101615609,-0.13612033862266704,21.1,59.7,14.5,60.8,24.3,56.5,20.557142857142857,59.51428571428571,5.128571428571428,23.2
2021-09-24,Greater Noida,23.2,59.4,5.9,0.0,267,9,-0.9928872135356962,-0.11905873003404988,24.6,61.4,21.1,59.7,14.5,60.8,21.82857142857143,59.10000000000001,4.614285714285714,23.2
2021-09-25,Greater Noida,23.2,62.1,6.1,0.0,268,9,-0.994788305609327,-0.10196189005174576,23.2,59.4,24.6,61.4,21.1,59.7,22.114285714285717,59.58571428571428,4.757142857142857,22.5
2021-09-26,Greater Noida,22.5,59.2,6.0,0.0,269,9,-0.9963950238187231,-0.08483487790576538,23.2,62.1,23.2,59.4,24.6,61.4,21.91428571428571,59.871428571428574,5.071428571428571,22.2
2021-09-27,Greater Noida,22.2,62.0,5.0,0.0,270,9,-0.9977068927101168,-0.06768276175455162,22.5,59.2,23.2,62.1,23.2,59.4,21.614285714285717,60.65714285714286,5.442857142857143,20.9
2021-09-28,Greater Noida,20.9,62.3,3.8,0.0,271,9,-0.9987235240803972,-0.050510617185222886,22.2,62.0,22.5,59.2,23.2,62.1,22.528571428571432,60.87142857142857,5.228571428571428,22.1
2021-09-29,Greater Noida,22.1,55.6,6.4,0.0,272,9,-0.9994446170919858,-0.033323525711631344,20.9,62.3,22.2,62.0,22.5,59.2,22.671428571428574,60.285714285714285,5.3999999999999995,21.3
2021-09-30,Greater Noida,21.3,51.6,5.4,0.0,273,9,-0.9998699583618592,-0.016126573270657762,22.1,55.6,20.9,62.3,22.2,62.0,22.199999999999996,58.88571428571429,5.514285714285714,24.1
2021-10-01,Greater Noida,24.1,65.1,6.7,0.0,274,10,-0.9999994220246925,0.001075151282798226,21.3,51.6,22.1,55.6,20.9,62.3,22.32857142857143,59.699999999999996,5.628571428571428,23.1
2021-10-02,Greater Noida,23.1,59.9,6.5,0.0,275,10,-0.999832969770105,0.018276557681691223,24.1,65.1,21.3,51.6,22.1,55.6,22.314285714285717,59.385714285714286,5.685714285714285,21.2
2021-10-03,Greater Noida,21.2,52.1,3.2,22.2,276,10,-0.9993706508539969,0.03547255575312556,23.1,59.9,24.1,65.1,21.3,51.6,22.128571428571426,58.371428571428574,5.285714285714286,10.9
2021-10-04,Greater Noida,10.9,56.1,3.2,0.0,277,10,-0.9986126020839734,0.052658056924614005,21.2,52.1,23.1,59.9,24.1,65.1,20.514285714285712,57.52857142857143,5.028571428571429,18.6
2021-10-05,Greater Noida,18.6,62.1,4.2,0.0,278,10,-0.9975590477788613,0.06982797572987089,10.9,56.1,21.2,52.1,23.1,59.9,20.185714285714287,57.5,5.085714285714286,21.6
2021-10-06,Greater Noida,21.6,57.9,3.7,0.0,279,10,-0.9962102997023297,0.0869772313136861,18.6,62.1,10.9,56.1,21.2,52.1,20.114285714285717,57.82857142857143,4.7,20.0
2021-10-07,Greater Noida,20.0,57.1,6.4,37.4,280,10,-0.9945667569706337,0.1041007489354256,21.6,57.9,18.6,62.1,10.9,56.1,19.928571428571427,58.614285714285714,4.842857142857143,11.6
2021-10-08,Greater Noida,11.6,64.8,5.8,0.0,281,10,-0.9926289059345095,0.121193461470736,20.0,57.1,21.6,57.9,18.6,62.1,18.142857142857146,58.57142857142857,4.714285714285714,16.7
2021-10-09,Greater Noida,16.7,55.0,6.9,0.0,282,10,-0.9903973200352558,0.1382503109109819,11.6,64.8,20.0,57.1,21.6,57.9,17.228571428571428,57.871428571428574,4.771428571428571,18.0
2021-10-10,Greater Noida,18.0,56.1,5.8,0.0,283,10,-0.9878726596350429,0.15526624985999563,16.7,55.0,11.6,64.8,20.0,57.1,16.771428571428572,58.44285714285714,5.142857142857143,19.3
2021-10-11,Greater Noida,19.3,60.2,5.5,0.0,284,10,-0.9850556718215013,0.172236243027682,18.0,56.1,16.7,55.0,11.6,64.8,17.97142857142857,59.028571428571425,5.471428571428571,16.9
2021-10-12,Greater Noida,16.9,61.0,7.0,19.9,285,10,-0.981947190186646,0.18915526872004093,19.3,60.2,18.0,56.1,16.7,55.0,17.728571428571428,58.871428571428574,5.871428571428572,9.1
2021-10-13,Greater Noida,9.1,61.5,5.8,0.0,286,10,-0.9785481345802031,0.20601832032517084,16.9,61.0,19.3,60.2,18.0,56.1,15.942857142857145,59.385714285714286,6.171428571428572,18.4
2021-10-14,Greater Noida,18.4,63.2,5.2,0.0,287,10,-0.9748595108374125,0.22282040779479959,9.1,61.5,16.9,61.0,19.3,60.2,15.714285714285712,60.25714285714286,6.0,17.8
2021-10-15,Greater Noida,17.8,60.4,7.3,0.0,288,10,-0.9708824104813836,0.23955655912092708,18.4,63.2,9.1,61.5,16.9,61.0,16.599999999999998,59.628571428571426,6.214285714285714,17.1
2021-10-16,Greater Noida,17.1,61.7,5.3,0.0,289,10,-0.9666180104000972,0.2562218218071163,17.8,60.4,18.4,63.2,9.1,61.5,16.65714285714286,60.58571428571429,5.985714285714286,17.1
2021-10-17,Greater Noida,17.1,58.8,4.6,7.0,290,10,-0.9620675724981452,0.27281126433401914,17.1,61.7,17.8,60.4,18.4,63.2,16.52857142857143,60.97142857142857,5.814285714285715,13.7
2021-10-18,Greater Noida,13.7,60.2,3.8,0.0,291,10,-0.957232443323312,0.28931997761869527,17.1,58.8,17.1,61.7,17.8,60.4,15.728571428571428,60.971428571428575,5.571428571428571,17.0
2021-10-19,Greater Noida,17.0,60.4,6.1,17.8,292,10,-0.9521140536681102,0.3057430764672831,13.7,60.2,17.1,58.8,17.1,61.7,15.742857142857144,60.885714285714286,5.442857142857143,10.2
2021-10-20,Greater Noida,10.2,60.9,6.9,0.0,293,10,-0.9467139181463862,0.3220757010206104,17.0,60.4,13.7,60.2,17.1,58.8,15.9,60.800000000000004,5.6,12.8
2021-10-21,Greater Noida,12.8,63.3,5.0,0.0,294,10,-0.9410336347451197,0.3383130181923076,10.2,60.9,17.0,60.4,13.7,60.2,15.1,60.81428571428571,5.571428571428571,15.8
2021-10-22,Greater Noida,15.8,62.5,7.0,0.0,295,10,-0.9350748843515574,0.3544502230989869,12.8,63.3,10.2,60.9,17.0,60.4,14.814285714285715,61.11428571428571,5.528571428571429,16.2
2021-10-23,Greater Noida,16.2,60.5,2.1,0.0,296,10,-0.9288394302558068,0.3704825404820963,15.8,62.5,12.8,63.3,10.2,60.9,14.685714285714285,60.942857142857136,5.071428571428571,16.1
2021-10-24,Greater Noida,16.1,57.2,4.9,0.0,297,10,-0.9223291176290545,0.3864052261209853,16.2,60.5,15.8,62.5,12.8,63.3,14.542857142857144,60.714285714285715,5.114285714285714,15.0
2021-10-25,Greater Noida,15.0,60.8,5.0,0.0,298,10,-0.9155458729775467,0.40221356823680365,16.1,57.2,16.2,60.5,15.8,62.5,14.728571428571428,60.8,5.285714285714286,12.9
2021-10-26,Greater Noida,12.9,60.5,3.9,0.0,299,10,-0.9084917035725082,0.41790288888678667,15.0,60.8,16.1,57.2,16.2,60.5,14.142857142857142,60.81428571428571,4.971428571428571,15.6
2021-10-27,Greater Noida,15.6,61.5,8.6,0.0,300,10,-0.9011686968561569,0.4334685453485363,12.9,60.5,15.0,60.8,16.1,57.2,14.914285714285715,60.89999999999999,5.214285714285714,17.3
2021-10-28,Greater Noida,17.3,69.7,4.9,0.0,301,10,-0.8935790198239952,0.4489059314938798,15.6,61.5,12.9,60.5,15.0,60.8,15.557142857142859,61.814285714285724,5.2,12.6
2021-10-29,Greater Noida,12.6,58.8,4.4,0.0,302,10,-0.8857249183835637,0.4642104791518923,17.3,69.7,15.6,61.5,12.9,60.5,15.1,61.285714285714285,4.828571428571428,15.7
2021-10-30,Greater Noida,15.7,62.7,5.0,0.0,303,10,-0.8776087166898392,0.4793776594606945,12.6,58.8,17.3,69.7,15.6,61.5,15.028571428571428,61.60000000000001,5.242857142857143,13.8
2021-10-31,Greater Noida,13.8,65.4,2.0,0.0,304,10,-0.8692328164574792,0.49440298420761813,15.7,62.7,12.6,58.8,17.3,69.7,14.7,62.771428571428565,4.828571428571428,14.0
2021-11-01,Greater Noida,14.0,61.6,3.9,0.0,305,11,-0.8605996962501181,0.5092820071573356,13.8,65.4,15.7,62.7,12.6,58.8,14.557142857142859,62.88571428571429,4.671428571428572,12.4
2021-11-02,Greater Noida,12.4,70.7,6.5,0.0,306,11,-0.8517119107469189,0.5240103253675756,14.0,61.6,13.8,65.4,15.7,62.7,14.485714285714286,64.34285714285714,5.042857142857144,13.3
2021-11-03,Greater Noida,13.3,59.9,4.1,0.0,307,11,-0.8425720899866032,0.5385835804920232,12.4,70.7,14.0,61.6,13.8,65.4,14.157142857142858,64.11428571428571,4.4,15.4
2021-11-04,Greater Noida,15.4,62.8,3.8,0.0,308,11,-0.8331829385891785,0.5529974600700271,13.3,59.9,12.4,70.7,14.0,61.6,13.885714285714286,63.12857142857143,4.242857142857143,14.2
2021-11-05,Greater Noida,14.2,58.4,7.0,0.0,309,11,-0.8235472349556007,0.5672476988027229,15.4,62.8,13.3,59.9,12.4,70.7,14.114285714285714,63.07142857142857,4.614285714285714,15.6
2021-11-06,Greater Noida,15.6,60.3,7.0,0.0,310,11,-0.8136678304455991,0.5813300798152042,14.2,58.4,15.4,62.8,13.3,59.9,14.1,62.72857142857142,4.8999999999999995,14.7
2021-11-07,Greater Noida,14.7,62.8,5.8,0.0,311,11,-0.8035476485339116,0.5952404359043674,15.6,60.3,14.2,58.4,15.4,62.8,14.228571428571428,62.357142857142854,5.442857142857143,13.5
2021-11-08,Greater Noida,13.5,65.3,4.3,20.8,312,11,-0.7931896839451843,0.6089746507720486,14.7,62.8,15.6,60.3,14.2,58.4,14.157142857142857,62.885714285714286,5.5,6.6
2021-11-09,Greater Noida,6.6,63.2,4.7,0.0,313,11,-0.7825970017677834,0.6225286602431057,13.5,65.3,14.7,62.8,15.6,60.3,13.328571428571427,61.81428571428571,5.242857142857143,13.1
2021-11-10,Greater Noida,13.1,67.1,3.8,0.0,314,11,-0.7717727365467837,0.6358984534680745,6.6,63.2,13.5,65.3,14.7,62.8,13.299999999999999,62.84285714285714,5.2,13.5
2021-11-11,Greater Noida,13.5,61.8,3.6,0.0,315,11,-0.7607200913564104,0.6490800741100398,13.1,67.1,6.6,63.2,13.5,65.3,13.028571428571427,62.699999999999996,5.171428571428572,11.8
2021-11-12,Greater Noida,11.8,60.9,3.5,0.0,316,11,-0.7494423368521953,0.6620696215153815,13.5,61.8,13.1,67.1,6.6,63.2,12.685714285714287,63.057142857142864,4.671428571428571,12.1
2021-11-13,Greater Noida,12.1,73.1,4.1,0.0,317,11,-0.7379428103031386,0.6748632518680403,11.8,60.9,13.5,61.8,13.1,67.1,12.185714285714285,64.88571428571429,4.257142857142857,10.9
2021-11-14,Greater Noida,10.9,64.0,3.5,0.0,318,11,-0.7262249146041543,0.6874571793269664,12.1,73.1,11.8,60.9,13.5,61.8,11.642857142857142,65.05714285714285,3.9285714285714284,13.1
2021-11-15,Greater Noida,13.1,59.6,2.8,0.0,319,11,-0.7142921172691032,0.699847677146407,10.9,64.0,12.1,73.1,11.8,60.9,11.585714285714285,64.24285714285715,3.7142857142857144,8.55
2021-11-16,Greater Noida,8.55,59.25,5.4,22.5,320,11,-0.7021479494046978,0.7120310787787131,13.1,59.6,10.9,64.0,12.1,73.1,11.864285714285714,63.67857142857143,3.814285714285714,4.0
2021-11-17,Greater Noida,4.0,58.9,5.5,0.0,321,11,-0.6897960046655887,0.7240037789593305,8.55,59.25,13.1,59.6,10.9,64.0,10.564285714285715,62.50714285714285,4.057142857142858,11.0
2021-11-18,Greater Noida,11.0,66.5,7.7,0.0,322,11,-0.6772399381909491,0.7357622347736527,4.0,58.9,8.55,59.25,13.1,59.6,10.207142857142857,63.17857142857143,4.642857142857143,12.8
2021-11-19,Greater Noida,12.8,61.3,4.2,0.0,323,11,-0.6644834655228552,0.7473029667054297,11.0,66.5,4.0,58.9,8.55,59.25,10.35,63.23571428571428,4.742857142857143,12.1
2021-11-20,Greater Noida,12.1,63.4,5.6,0.0,324,11,-0.6515303615068021,0.75862255966641,12.8,61.3,11.0,66.5,4.0,58.9,10.35,61.85,4.957142857142856,13.5
2021-11-21,Greater Noida,13.5,62.7,5.7,0.0,325,11,-0.6383844591746642,0.769717664006921,12.1,63.4,12.8,61.3,11.0,66.5,10.721428571428572,61.66428571428571,5.271428571428571,11.8
2021-11-22,Greater Noida,11.8,65.9,4.8,0.0,326,11,-0.6250496486104377,0.7805849965070866,13.5,62.7,12.1,63.4,12.8,61.3,10.535714285714286,62.56428571428571,5.557142857142857,8.5
2021-11-23,Greater Noida,8.5,59.7,6.3,0.0,327,11,-0.6115298757991053,0.7912213413483807,11.8,65.9,13.5,62.7,12.1,63.4,10.528571428571428,62.628571428571426,5.685714285714286,10.5
2021-11-24,Greater Noida,10.5,58.8,6.4,0.0,328,11,-0.5978291414589552,0.801623551065242,8.5,59.7,11.8,65.9,13.5,62.7,11.457142857142857,62.614285714285714,5.814285714285715,8.8
2021-11-25,Greater Noida,8.8,64.1,5.8,0.0,329,11,-0.5839514998576998,0.8117885474764613,10.5,58.8,8.5,59.7,11.8,65.9,11.142857142857142,62.271428571428565,5.542857142857143,9.6
2021-11-26,Greater Noida,9.6,65.7,4.9,0.0,330,11,-0.5699010576127624,0.821713322596059,8.8,64.1,10.5,58.8,8.5,59.7,10.685714285714287,62.9,5.642857142857143,12.4
2021-11-27,Greater Noida,12.4,64.7,4.8,0.0,331,11,-0.5556819724760489,0.8313949395234058,9.6,65.7,8.8,64.1,10.5,58.8,10.728571428571428,63.08571428571429,5.528571428571429,11.1
2021-11-28,Greater Noida,11.1,60.1,3.3,0.0,332,11,-0.5412984521036173,0.8408305333122887,12.4,64.7,9.6,65.7,8.8,64.1,10.385714285714286,62.71428571428572,5.185714285714285,9.1
2021-11-29,Greater Noida,9.1,66.1,4.2,0.0,333,11,-0.5267547528105542,0.8500173118187018,11.1,60.1,12.4,64.7,9.6,65.7,10.0,62.74285714285714,5.1000000000000005,8.6
2021-11-30,Greater Noida,8.6,60.5,4.5,0.0,334,11,-0.5120551783114646,0.8589525565270845,9.1,66.1,11.1,60.1,12.4,64.7,10.014285714285714,62.857142857142854,4.842857142857143,9.9
2021-12-01,Greater Noida,9.9,61.5,3.7,17.2,335,12,-0.4972040784469378,0.8676336233547726,8.6,60.5,9.1,66.1,11.1,60.1,9.928571428571429,63.24285714285714,4.457142857142857,-0.4
2021-12-02,Greater Noida,-0.4,59.8,6.1,0.0,336,12,-0.4822058478963526,0.8760579434344281,9.9,61.5,8.6,60.5,9.1,66.1,8.614285714285716,62.62857142857143,4.5,8.8
2021-12-03,Greater Noida,8.8,68.8,7.3,0.0,337,12,-0.46706492487743034,0.8842230238742036,-0.4,59.8,9.9,61.5,8.6,60.5,8.5,63.07142857142857,4.8428571428571425,10.1
2021-12-04,Greater Noida,10.1,66.2,4.1,0.0,338,12,-0.451785789832884,0.8921264484954345,8.8,68.8,-0.4,59.8,9.9,61.5,8.17142857142857,63.285714285714285,4.742857142857143,11.2
2021-12-05,Greater Noida,11.2,66.1,6.0,0.0,339,12,-0.4363729641045924,0.8997658785476209,10.1,66.2,8.8,68.8,-0.4,59.8,8.185714285714285,64.14285714285714,5.128571428571428,10.4
2021-12-06,Greater Noida,10.4,68.7,4.0,0.0,340,12,-0.42083100859565564,0.9071390534005044,11.2,66.1,10.1,66.2,8.8,68.8,8.371428571428572,64.51428571428572,5.1000000000000005,8.1
2021-12-07,Greater Noida,8.1,75.0,5.1,0.0,341,12,-0.4051645224207563,0.9142437912130223,10.4,68.7,11.2,66.1,10.1,66.2,8.299999999999999,66.58571428571429,5.185714285714285,9.9
2021-12-08,Greater Noida,9.9,57.0,4.6,0.0,342,12,-0.3893781415452015,0.9210779895789526,8.1,75.0,10.4,68.7,11.2,66.1,8.3,65.94285714285715,5.314285714285714,9.5
2021-12-09,Greater Noida,9.5,60.9,6.6,0.0,343,12,-0.37347653741307074,0.9276396261490467,9.9,57.0,8.1,75.0,10.4,68.7,9.714285714285714,66.1,5.385714285714285,9.9
2021-12-10,Greater Noida,9.9,61.4,4.7,2.5,344,12,-0.3574644155648614,0.9339267592294762,9.5,60.9,9.9,57.0,8.1,75.0,9.87142857142857,65.04285714285713,5.014285714285714,11.6
2021-12-11,Greater Noida,11.6,60.5,7.2,0.0,345,12,-0.34134651424503615,0.9399375283564133,9.9,61.4,9.5,60.9,9.9,57.0,10.085714285714285,64.22857142857143,5.457142857142857,6.4
2021-12-12,Greater Noida,6.4,59.6,5.4,0.0,346,12,-0.3251276029999093,0.9456701548465688,11.6,60.5,9.9,61.4,9.5,60.9,9.4,63.300000000000004,5.371428571428572,8.4
2021-12-13,Greater Noida,8.4,62.7,4.8,0.0,347,12,-0.30881248126625377,0.9511229423235357,6.4,59.6,11.6,60.5,9.9,61.4,9.114285714285714,62.442857142857136,5.485714285714286,10.0
2021-12-14,Greater Noida,10.0,59.1,3.9,0.0,348,12,-0.29240597695107734,0.9562942772197719,8.4,62.7,6.4,59.6,11.6,60.5,9.385714285714286,60.17142857142858,5.314285714285714,7.0
2021-12-15,Greater Noida,7.0,65.3,6.2,0.0,349,12,-0.27591294500296043,0.9611826292540837,10.0,59.1,8.4,62.7,6.4,59.6,8.971428571428572,61.357142857142854,5.542857142857143,11.2
2021-12-16,Greater Noida,11.2,64.2,7.2,0.0,350,12,-0.2593382659754056,0.9657865518844574,7.0,65.3,10.0,59.1,8.4,62.7,9.214285714285714,61.82857142857143,5.628571428571429,9.6
2021-12-17,Greater Noida,9.6,65.9,6.3,37.5,351,12,-0.2426868445825954,0.9701046827361175,11.2,64.2,7.0,65.3,10.0,59.1,9.171428571428573,62.471428571428575,5.857142857142857,1.8
2021-12-18,Greater Noida,1.8,66.0,9.3,0.0,352,12,-0.22596360824801906,0.974135744004672,9.6,65.9,11.2,64.2,7.0,65.3,7.771428571428571,63.25714285714286,6.157142857142857,8.3
2021-12-19,Greater Noida,8.3,66.4,8.2,0.0,353,12,-0.20917350564635637,0.9778785428342386,1.8,66.0,9.6,65.9,11.2,64.2,8.042857142857143,64.22857142857143,6.557142857142857,10.3
2021-12-20,Greater Noida,10.3,62.5,5.6,0.0,354,12,-0.19232150523909483,0.9813319716704275,8.3,66.4,1.8,66.0,9.6,65.9,8.314285714285715,64.2,6.671428571428572,10.6
2021-12-21,Greater Noida,10.6,72.5,5.6,0.0,355,12,-0.17541259380427843,0.9844950085880858,10.3,62.5,8.3,66.4,1.8,66.0,8.4,66.11428571428571,6.9142857142857155,9.5
2021-12-22,Greater Noida,9.5,64.9,6.8,0.0,356,12,-0.15845177496083632,0.9873667175937016,10.6,72.5,10.3,62.5,8.3,66.4,8.757142857142858,66.05714285714285,7.0,9.5
2021-12-23,Greater Noida,9.5,56.5,4.9,0.0,357,12,-0.14144406768794202,0.9899462489023779,9.5,64.9,10.6,72.5,10.3,62.5,8.514285714285714,64.95714285714286,6.671428571428571,9.5
2021-12-24,Greater Noida,9.5,60.0,8.0,0.0,358,12,-0.12439450483979998,0.9922328391893008,9.5,56.5,9.5,64.9,10.6,72.5,8.5,64.11428571428571,6.914285714285714,8.0
2021-12-25,Greater Noida,8.0,57.0,6.8,0.0,359,12,-0.10730813165636247,0.9942258118156161,9.5,60.0,9.5,56.5,9.5,64.9,9.385714285714286,62.82857142857143,6.557142857142856,9.0
2021-12-26,Greater Noida,9.0,64.0,6.7,0.0,360,12,-0.09019000427034513,0.9959245770286599,8.0,57.0,9.5,60.0,9.5,56.5,9.485714285714286,62.48571428571428,6.3428571428571425,9.0
2021-12-27,Greater Noida,9.0,63.4,7.4,0.0,361,12,-0.07304518821104743,0.9973286321364752,9.0,64.0,8.0,57.0,9.5,60.0,9.299999999999999,62.614285714285714,6.6,9.8
2021-12-28,Greater Noida,9.8,62.0,9.0,7.7,362,12,-0.05587875690537313,0.9984375616565666,9.0,63.4,9.0,64.0,8.0,57.0,9.185714285714285,61.114285714285714,7.0857142857142845,7.7
2021-12-29,Greater Noida,7.7,71.9,6.7,0.0,363,12,-0.03869579017652689,0.9992510374388481,9.8,62.0,9.0,63.4,9.0,64.0,8.928571428571429,62.114285714285714,7.071428571428571,7.9
2021-12-30,Greater Noida,7.9,66.1,6.3,0.0,364,12,-0.021501372740813793,0.999768818762748,7.7,71.9,9.8,62.0,9.0,63.4,8.7,63.48571428571428,7.271428571428571,9.2
2021-12-31,Greater Noida,9.2,66.7,8.8,0.0,365,12,-0.004300592702981974,0.9999907524084426,7.9,66.1,7.7,71.9,9.8,62.0,8.657142857142857,64.44285714285715,7.385714285714286,11.5
2022-01-01,Greater Noida,11.5,60.1,8.0,0.0,1,1,0.017201575418260506,0.9998520419557735,9.2,66.7,7.9,66.1,7.7,71.9,9.157142857142857,64.88571428571429,7.557142857142858,8.5
2022-01-02,Greater Noida,8.5,59.8,6.1,0.0,2,1,0.03439806061360801,0.9994082116062598,11.5,60.1,9.2,66.7,7.9,66.1,9.085714285714285,64.28571428571429,7.471428571428571,8.4
2022-01-03,Greater Noida,8.4,63.9,6.7,0.0,3,1,0.051584366869408364,0.9986686402879997,8.5,59.8,11.5,60.1,9.2,66.7,9.0,64.35714285714286,7.371428571428572,9.9
2022-01-04,Greater Noida,9.9,64.4,7.0,0.0,4,1,0.06875540848113941,0.9976335468520451,8.4,63.9,8.5,59.8,11.5,60.1,9.014285714285714,64.7,7.085714285714286,10.9
2022-01-05,Greater Noida,10.9,56.2,7.3,0.0,5,1,0.08590610426133272,0.9963032375991965,9.9,64.4,8.4,63.9,8.5,59.8,9.471428571428572,62.457142857142856,7.171428571428572,11.3
2022-01-06,Greater Noida,11.3,62.9,4.8,0.0,6,1,0.10303137904317879,0.9946781061893646,10.9,56.2,9.9,64.4,8.4,63.9,9.957142857142857,62.00000000000001,6.957142857142857,11.7
2022-01-07,Greater Noida,11.7,63.6,4.5,0.0,7,1,0.1201261651823505,0.9927586335250793,11.3,62.9,10.9,56.2,9.9,64.4,10.314285714285715,61.55714285714286,6.3428571428571425,11.1
2022-01-08,Greater Noida,11.1,62.6,5.6,0.0,8,1,0.13718540405660057,0.9905453876091833,11.7,63.6,11.3,62.9,10.9,56.2,10.257142857142856,61.91428571428572,6.0,11.2
2022-01-09,Greater Noida,11.2,60.2,5.5,0.0,9,1,0.1542040475626894,0.988039023376751,11.1,62.6,11.7,63.6,11.3,62.9,10.642857142857142,61.971428571428575,5.9142857142857155,10.9
2022-01-10,Greater Noida,10.9,61.2,6.0,0.0,10,1,0.17117705961019986,0.985240282501282,11.2,60.2,11.1,62.6,11.7,63.6,11.0,61.58571428571428,5.814285714285715,13.5
2022-01-11,Greater Noida,13.5,62.6,8.0,0.0,11,1,0.18809941761179758,0.9821499931752291,10.9,61.2,11.2,60.2,11.1,62.6,11.514285714285714,61.32857142857143,5.957142857142857,10.0
2022-01-12,Greater Noida,10.0,63.6,6.8,6.8,12,1,0.20496611396949532,0.9787690698649216,13.5,62.6,10.9,61.2,11.2,60.2,11.385714285714284,62.38571428571429,5.885714285714286,4.6
2022-01-13,Greater Noida,4.6,65.6,7.4,0.0,13,1,0.22177215755648186,0.975098513039961,10.0,63.6,13.5,62.6,10.9,61.2,10.428571428571429,62.771428571428565,6.257142857142857,12.8
2022-01-14,Greater Noida,12.8,67.5,5.3,0.0,14,1,0.23851257519407648,0.9711394088771653,4.6,65.6,10.0,63.6,13.5,62.6,10.585714285714285,63.32857142857143,6.371428571428572,10.0
2022-01-15,Greater Noida,10.0,61.9,6.5,0.0,15,1,0.2551824131233728,0.9668929289391521,12.8,67.5,4.6,65.6,10.0,63.6,10.428571428571429,63.22857142857142,6.5,10.9
2022-01-16,Greater Noida,10.9,61.2,8.2,0.0,16,1,0.2717767384711357,0.9623603298276545,10.0,61.9,12.8,67.5,4.6,65.6,10.385714285714286,63.371428571428574,6.885714285714285,12.7
2022-01-17,Greater Noida,12.7,64.7,8.2,0.0,17,1,0.2882906407095177,0.9575429528116719,10.9,61.2,10.0,61.9,12.8,67.5,10.642857142857142,63.871428571428574,7.199999999999998,8.7
2022-01-18,Greater Noida,8.7,65.3,6.3,0.0,18,1,0.3047192331091634,0.9524422234305676,12.7,64.7,10.9,61.2,10.0,61.9,9.957142857142857,64.25714285714285,6.957142857142856,9.4
2022-01-19,Greater Noida,9.4,61.1,7.7,0.0,19,1,0.321057654185271,0.9470596510722283,8.7,65.3,12.7,64.7,10.9,61.2,9.87142857142857,63.89999999999999,7.0857142857142845,9.0
2022-01-20,Greater Noida,9.0,65.9,10.8,0.0,20,1,0.3373010691361842,0.9413968285264122,9.4,61.1,8.7,65.3,12.7,64.7,10.5,63.94285714285714,7.571428571428571,10.3
2022-01-21,Greater Noida,10.3,66.6,7.5,0.0,21,1,0.3534446712740877,0.9354554315134164,9.0,65.9,9.4,61.1,8.7,65.3,10.142857142857142,63.814285714285724,7.885714285714285,12.1
2022-01-22,Greater Noida,12.1,67.7,6.5,0.0,22,1,0.3694836834473831,0.9292372181882051,10.3,66.6,9.0,65.9,9.4,61.1,10.442857142857141,64.64285714285715,7.885714285714285,12.4
2022-01-23,Greater Noida,12.4,69.6,7.4,0.0,23,1,0.38541335945432564,0.9227440286201427,12.1,67.7,10.3,66.6,9.0,65.9,10.657142857142857,65.84285714285714,7.771428571428571,12.2
2022-01-24,Greater Noida,12.2,58.9,7.8,0.0,24,1,0.4012289854475009,0.9159777842484877,12.4,69.6,12.1,67.7,10.3,66.6,10.585714285714285,65.01428571428572,7.714285714285715,10.0
2022-01-25,Greater Noida,10.0,62.4,7.5,0.0,25,1,0.4169258813287287,0.908940487313808,12.2,58.9,12.4,69.6,12.1,67.7,10.77142857142857,64.6,7.885714285714286,8.9
2022-01-26,Greater Noida,8.9,62.3,7.7,0.0,26,1,0.4324994021339788,0.901634220265486,10.0,62.4,12.2,58.9,12.4,69.6,10.700000000000001,64.77142857142857,7.885714285714285,12.3
2022-01-27,Greater Noida,12.3,61.7,5.7,0.0,27,1,0.44794493940789115,0.8940611451454876,8.9,62.3,10.0,62.4,12.2,58.9,11.171428571428573,64.17142857142856,7.1571428571428575,11.8
2022-01-28,Greater Noida,11.8,59.4,6.5,0.0,28,1,0.4632579225674917,0.88622350294858,12.3,61.7,8.9,62.3,10.0,62.4,11.385714285714286,63.142857142857146,7.014285714285714,13.2
2022-01-29,Greater Noida,13.2,56.0,7.7,0.0,29,1,0.4784338202547012,0.8781236129591848,11.8,59.4,12.3,61.7,8.9,62.3,11.542857142857143,61.47142857142857,7.185714285714285,13.7
2022-01-30,Greater Noida,13.7,62.2,7.8,0.0,30,1,0.49346814167723735,0.8697638720650646,13.2,56.0,11.8,59.4,12.3,61.7,11.72857142857143,60.41428571428572,7.242857142857143,13.1
2022-01-31,Greater Noida,13.1,58.6,7.2,0.0,31,1,0.5083564379375122,0.8611467540480452,13.7,62.2,13.2,56.0,11.8,59.4,11.857142857142858,60.37142857142857,7.157142857142857,14.2
2022-02-01,Greater Noida,14.2,62.0,7.8,0.0,32,2,0.5230943033491326,0.8522748088519838,13.1,58.6,13.7,62.2,13.2,56.0,12.457142857142857,60.31428571428571,7.2,13.6
2022-02-02,Greater Noida,13.6,58.3,8.2,0.0,33,2,0.5376773767406141,0.8431506618282,14.2,62.0,13.1,58.6,13.7,62.2,13.128571428571428,59.74285714285714,7.271428571428572,14.2
2022-02-03,Greater Noida,14.2,57.0,9.5,0.0,34,2,0.5521013427459208,0.8337770129585915,13.6,58.3,14.2,62.0,13.1,58.6,13.4,59.07142857142857,7.814285714285715,12.7
2022-02-04,Greater Noida,12.7,62.2,8.1,0.0,35,2,0.5663619330814524,0.8241566360566663,14.2,57.0,13.6,58.3,14.2,62.0,13.528571428571428,59.471428571428575,8.042857142857143,13.6
2022-02-05,Greater Noida,13.6,61.8,8.9,0.0,36,2,0.580454927809098,0.8142923779467267,12.7,62.2,14.2,57.0,13.6,58.3,13.585714285714285,60.300000000000004,8.214285714285714,14.3
2022-02-06,Greater Noida,14.3,63.4,7.5,0.0,37,2,0.5943761565849831,0.804187157621448,13.6,61.8,12.7,62.2,14.2,57.0,13.671428571428569,60.47142857142857,8.171428571428573,15.4
2022-02-07,Greater Noida,15.4,69.7,9.3,22.1,38,2,0.6081214998935418,0.7938439653781019,14.3,63.4,13.6,61.8,12.7,62.2,14.0,62.05714285714286,8.471428571428572,5.4
2022-02-08,Greater Noida,5.4,61.9,9.0,0.0,39,2,0.6216868902665479,0.7832658619336791,15.4,69.7,14.3,63.4,13.6,61.8,12.742857142857144,62.042857142857144,8.642857142857142,15.3
2022-02-09,Greater Noida,15.3,62.7,9.8,0.0,40,2,0.6350683134867438,0.7724559775191742,5.4,61.9,15.4,69.7,14.3,63.4,12.985714285714286,62.67142857142857,8.87142857142857,14.4
2022-02-10,Greater Noida,14.4,56.3,9.6,0.0,41,2,0.6482618097757122,0.7614175109532997,15.3,62.7,5.4,61.9,15.4,69.7,13.014285714285716,62.57142857142857,8.885714285714284,14.8
2022-02-11,Greater Noida,14.8,55.3,9.5,0.0,42,2,0.6612634749656386,0.7501537286959042,14.4,56.3,15.3,62.7,5.4,61.9,13.314285714285715,61.58571428571429,9.085714285714285,16.4
2022-02-12,Greater Noida,16.4,66.7,8.5,0.0,43,2,0.6740694616546161,0.7386679638813748,14.8,55.3,14.4,56.3,15.3,62.7,13.714285714285714,62.285714285714285,9.028571428571428,12.6
2022-02-13,Greater Noida,12.6,56.5,9.1,0.0,44,2,0.6866759803451553,0.726963615332308,16.4,66.7,14.8,55.3,14.4,56.3,13.471428571428572,61.300000000000004,9.257142857142858,13.8
2022-02-14,Greater Noida,13.8,55.9,10.4,0.0,45,2,0.6990793005655562,0.7150441465537444,12.6,56.5,16.4,66.7,14.8,55.3,13.242857142857144,59.32857142857142,9.414285714285715,13.8
2022-02-15,Greater Noida,13.8,59.8,7.8,0.0,46,2,0.7112757519738152,0.7029130847082615,13.8,55.9,12.6,56.5,16.4,66.7,14.442857142857141,59.028571428571425,9.242857142857144,12.8
2022-02-16,Greater Noida,12.8,59.5,7.9,0.0,47,2,0.7232617254437388,0.6905740195722294,13.8,59.8,13.8,55.9,12.6,56.5,14.085714285714287,58.57142857142857,8.971428571428572,15.3
2022-02-17,Greater Noida,15.3,56.1,9.2,0.0,48,2,0.7350336741329412,0.6780306024735382,12.8,59.5,13.8,59.8,13.8,55.9,14.214285714285714,58.542857142857144,8.914285714285715,17.6
2022-02-18,Greater Noida,17.6,58.4,9.6,0.0,49,2,0.746588114532413,0.6652865452111116,15.3,56.1,12.8,59.5,13.8,59.8,14.614285714285716,58.98571428571428,8.928571428571429,16.3
2022-02-19,Greater Noida,16.3,64.4,7.8,0.0,50,2,0.7579216274973472,0.6523456189565257,17.6,58.4,15.3,56.1,12.8,59.5,14.6,58.65714285714286,8.82857142857143,17.2
2022-02-20,Greater Noida,17.2,56.1,8.9,0.0,51,2,0.7690308592589181,0.6392116531380588,16.3,64.4,17.6,58.4,15.3,56.1,15.257142857142858,58.6,8.8,18.7
2022-02-21,Greater Noida,18.7,53.6,9.0,0.0,52,2,0.7799125224167177,0.6258885343075018,17.2,56.1,16.3,64.4,17.6,58.4,15.957142857142857,58.27142857142858,8.6,19.3
2022-02-22,Greater Noida,19.3,62.8,5.8,0.0,53,2,0.7905633969115482,0.612380204990065,18.7,53.6,17.2,56.1,16.3,64.4,16.742857142857144,58.699999999999996,8.314285714285713,17.6
2022-02-23,Greater Noida,17.6,60.9,8.9,0.0,54,2,0.8009803309782905,0.5986906625177214,19.3,62.8,18.7,53.6,17.2,56.1,17.428571428571427,58.9,8.457142857142857,19.8
2022-02-24,Greater Noida,19.8,56.3,9.0,0.0,55,2,0.8111602420785621,0.5848239578463322,17.6,60.9,19.3,62.8,18.7,53.6,18.071428571428573,58.92857142857143,8.428571428571429,18.2
2022-02-25,Greater Noida,18.2,52.3,9.1,0.0,56,2,0.8211001178128892,0.5707841943569036,19.8,56.3,17.6,60.9,19.3,62.8,18.15714285714286,58.05714285714286,8.357142857142858,17.2
2022-02-26,Greater Noida,17.2,55.5,11.5,0.0,57,2,0.8307970168121247,0.5565755266413303,18.2,52.3,19.8,56.3,17.6,60.9,18.285714285714285,56.785714285714285,8.885714285714284,17.8
2022-02-27,Greater Noida,17.8,58.1,7.6,0.0,58,2,0.8402480696078469,0.5422021592729844,17.2,55.5,18.2,52.3,19.8,56.3,18.371428571428574,57.07142857142857,8.7,16.8
2022-02-28,Greater Noida,16.8,62.8,8.2,4.8,59,2,0.8494504794814806,0.527668345562516,17.8,58.1,17.2,55.5,18.2,52.3,18.1,58.385714285714286,8.585714285714285,17.8
2022-03-01,Greater Noida,17.8,53.9,5.6,0.0,60,3,0.8584015232918917,0.512978386299228,16.8,62.8,17.8,58.1,17.2,55.5,17.88571428571429,57.11428571428571,8.557142857142857,18.8
2022-03-02,Greater Noida,18.8,57.6,8.8,0.0,61,3,0.8670985522812081,0.4981366284784055,17.8,53.9,16.8,62.8,17.8,58.1,18.057142857142857,56.642857142857146,8.542857142857143,20.7
2022-03-03,Greater Noida,20.7,60.5,9.0,0.0,62,3,0.8755389928586302,0.4831474640149687,18.8,57.6,17.8,53.9,16.8,62.8,18.185714285714287,57.24285714285714,8.542857142857143,22.2
2022-03-04,Greater Noida,22.2,48.1,8.8,0.0,63,3,0.8837203473619977,0.4680153284438345,20.7,60.5,18.8,57.6,17.8,53.9,18.75714285714286,56.642857142857146,8.5,18.1
2022-03-05,Greater Noida,18.1,61.6,11.3,0.0,64,3,0.8916401947968874,0.45274469960737107,22.2,48.1,20.7,60.5,18.8,57.6,18.885714285714283,57.51428571428572,8.471428571428572,20.9
2022-03-06,Greater Noida,20.9,52.6,11.0,0.0,65,3,0.8992961915530253,0.4373400963303323,18.1,61.6,22.2,48.1,20.7,60.5,19.32857142857143,56.728571428571435,8.957142857142857,19.1
2022-03-07,Greater Noida,19.1,58.5,9.9,0.0,66,3,0.9066860720977985,0.4218060770826634,20.9,52.6,18.1,61.6,22.2,48.1,19.657142857142855,56.114285714285714,9.200000000000001,21.5
2022-03-08,Greater Noida,21.5,58.0,9.2,5.7,67,3,0.9138076496466615,0.40614723863057883,19.1,58.5,20.9,52.6,18.1,61.6,20.185714285714283,56.7,9.714285714285714,17.9
2022-03-09,Greater Noida,17.9,61.2,11.4,0.0,68,3,0.9206588168102428,0.3903682146763026,21.5,58.0,19.1,58.5,20.9,52.6,20.057142857142857,57.214285714285715,10.085714285714285,18.8
2022-03-10,Greater Noida,18.8,58.9,9.8,0.0,69,3,0.9272375462179537,0.374473674486883,17.9,61.2,21.5,58.0,19.1,58.5,19.785714285714285,56.98571428571428,10.200000000000001,22.9
2022-03-11,Greater Noida,22.9,47.1,8.7,0.0,70,3,0.9335418911179212,0.35846832151248087,18.8,58.9,17.9,61.2,21.5,58.0,19.885714285714283,56.84285714285715,10.185714285714285,21.0
2022-03-12,Greater Noida,21.0,53.3,7.4,0.0,71,3,0.9395699859530622,0.342356891994542,22.9,47.1,18.8,58.9,17.9,61.2,20.3,55.65714285714286,9.62857142857143,21.3
2022-03-13,Greater Noida,21.3,56.8,9.3,0.0,72,3,0.945320046913132,0.3261441535642696,21.0,53.3,22.9,47.1,18.8,58.9,20.357142857142858,56.25714285714285,9.385714285714286,20.8
2022-03-14,Greater Noida,20.8,55.3,11.2,0.0,73,3,0.9507903724625832,0.3098349038318025,21.3,56.8,21.0,53.3,22.9,47.1,20.599999999999998,55.8,9.571428571428571,21.7
2022-03-15,Greater Noida,21.7,57.9,13.5,0.0,74,3,0.9559793438440766,0.2934339689665273,20.8,55.3,21.3,56.8,21.0,53.3,20.62857142857143,55.785714285714285,10.185714285714285,23.5
2022-03-16,Greater Noida,23.5,59.0,10.2,0.0,75,3,0.9608854255574977,0.27694620226893646,21.7,57.9,20.8,55.3,21.3,56.8,21.428571428571427,55.47142857142857,10.014285714285714,22.8
2022-03-17,Greater Noida,22.8,58.1,9.0,0.0,76,3,0.9655071658143364,0.2603764827344581,23.5,59.0,21.7,57.9,20.8,55.3,22.0,55.357142857142854,9.9,23.8
2022-03-18,Greater Noida,23.8,54.6,8.4,0.0,77,3,0.969843196967294,0.24372971360968387,22.8,58.1,23.5,59.0,21.7,57.9,22.12857142857143,56.42857142857143,9.857142857142858,24.1
2022-03-19,Greater Noida,24.1,48.0,11.0,0.0,78,3,0.9738922359149924,0.22701082094141847,23.8,54.6,22.8,58.1,23.5,59.0,22.571428571428573,55.67142857142857,10.37142857142857,25.7
2022-03-20,Greater Noida,25.7,53.4,7.6,0.0,79,3,0.9776530844816641,0.2102247521189836,24.1,48.0,23.8,54.6,22.8,58.1,23.2,55.18571428571429,10.12857142857143,23.7
2022-03-21,Greater Noida,23.7,56.7,11.1,19.3,80,3,0.981124629771712,0.19337647441020586,25.7,53.4,24.1,48.0,23.8,54.6,23.61428571428571,55.385714285714286,10.114285714285714,13.8
2022-03-22,Greater Noida,13.8,50.5,11.5,8.2,81,3,0.984305844499033,0.17647097349152166,23.7,56.7,25.7,53.4,24.1,48.0,22.485714285714288,54.32857142857142,9.828571428571427,23.2
2022-03-23,Greater Noida,23.2,57.3,11.0,0.0,82,3,0.9871957872910085,0.15951325197263655,13.8,50.5,23.7,56.7,25.7,53.4,22.442857142857143,54.08571428571428,9.942857142857141,24.5
2022-03-24,Greater Noida,24.5,58.2,10.0,0.0,83,3,0.9897936029670716,0.14250832791617088,23.2,57.3,13.8,50.5,23.7,56.7,22.685714285714283,54.1,10.085714285714285,26.7
2022-03-25,Greater Noida,26.7,55.0,11.3,0.0,84,3,0.992098522791769,0.12546123335273648,24.5,58.2,23.2,57.3,13.8,50.5,23.1,54.15714285714285,10.5,26.0
2022-03-26,Greater Noida,26.0,42.1,10.7,0.0,85,3,0.9941098647022418,0.10837701279187609,26.7,55.0,24.5,58.2,23.2,57.3,23.37142857142857,53.31428571428571,10.457142857142857,25.5
2022-03-27,Greater Noida,25.5,49.1,9.3,0.0,86,3,0.9958270335100595,0.09126072172931188,26.0,42.1,26.7,55.0,24.5,58.2,23.342857142857145,52.7,10.700000000000001,26.4
2022-03-28,Greater Noida,26.4,61.6,13.3,0.0,87,3,0.9972495210773451,0.07411742515094437,25.5,49.1,26.0,42.1,26.7,55.0,23.72857142857143,53.4,11.014285714285716,28.9
2022-03-29,Greater Noida,28.9,51.7,12.5,0.0,88,3,0.998376906467142,0.056952196034039754,26.4,61.6,25.5,49.1,26.0,42.1,25.885714285714283,53.57142857142857,11.157142857142858,29.4
2022-03-30,Greater Noida,29.4,45.8,11.7,0.0,89,3,0.9992088560679753,0.03977011384605572,28.9,51.7,26.4,61.6,25.5,49.1,26.771428571428572,51.92857142857143,11.257142857142856,26.8
2022-03-31,Greater Noida,26.8,58.5,6.9,0.0,90,3,0.9997451236925734,0.022576263041545485,29.4,45.8,28.9,51.7,26.4,61.6,27.1,51.971428571428575,10.814285714285715,27.2
2022-04-01,Greater Noida,27.2,53.5,12.5,0.0,91,4,0.9999855506507186,0.005375731557583884,26.8,58.5,29.4,45.8,28.9,51.7,27.17142857142857,51.75714285714286,10.985714285714286,28.7
2022-04-02,Greater Noida,28.7,57.7,12.8,0.0,92,4,0.9999300657962057,-0.011826390691832589,27.2,53.5,26.8,58.5,29.4,45.8,27.557142857142853,53.98571428571428,11.285714285714286,26.3
2022-04-03,Greater Noida,26.3,54.3,10.7,0.0,93,4,0.9995786855478958,-0.029025013321975237,28.7,57.7,27.2,53.5,26.8,58.5,27.67142857142857,54.72857142857142,11.485714285714286,28.2
2022-04-04,Greater Noida,28.2,54.9,11.5,0.0,94,4,0.9989315138848577,-0.046215046983708354,26.3,54.3,28.7,57.7,27.2,53.5,27.928571428571427,53.77142857142858,11.228571428571428,27.9
2022-04-05,Greater Noida,27.9,54.4,11.5,0.0,95,4,0.9979887423155984,-0.06339140486951038,28.2,54.9,26.3,54.3,28.7,57.7,27.785714285714285,54.15714285714286,11.085714285714285,28.7
2022-04-06,Greater Noida,28.7,55.6,9.8,0.0,96,4,0.9967506498213929,-0.08054900421874167,27.9,54.4,28.2,54.9,26.3,54.3,27.685714285714287,55.557142857142864,10.814285714285715,27.3
2022-04-07,Greater Noida,27.3,61.8,11.6,20.0,97,4,0.9952176027737294,-0.09768276782171598,28.7,55.6,27.9,54.4,28.2,54.9,27.757142857142856,56.028571428571425,11.485714285714286,18.0
2022-04-08,Greater Noida,18.0,56.4,9.5,28.3,98,4,0.9933900548258936,-0.11478762552212701,27.3,61.8,28.7,55.6,27.9,54.4,26.442857142857143,56.44285714285714,11.057142857142859,17.6
2022-04-09,Greater Noida,17.6,46.1,9.9,0.0,99,4,0.9912685467787256,-0.13185851571739118,18.0,56.4,27.3,61.8,28.7,55.6,24.857142857142858,54.78571428571428,10.642857142857142,27.6
2022-04-10,Greater Noida,27.6,54.1,12.5,0.0,100,4,0.9888537064205885,-0.1488903868564548,17.6,46.1,18.0,56.4,27.3,61.8,25.042857142857144,54.75714285714286,10.9,28.8
2022-04-11,Greater Noida,28.8,56.8,12.3,0.0,101,4,0.986146248341595,-0.16587819893463143,27.6,54.1,17.6,46.1,18.0,56.4,25.12857142857143,55.028571428571425,11.014285714285714,29.3
2022-04-12,Greater Noida,29.3,56.9,9.8,0.0,102,4,0.9831469737221499,-0.1828169249850199,28.8,56.8,27.6,54.1,17.6,46.1,25.32857142857143,55.385714285714286,10.771428571428572,32.6
2022-04-13,Greater Noida,32.6,50.3,9.8,0.0,103,4,0.9798567700958665,-0.1997015525660636,29.3,56.9,28.8,56.8,27.6,54.1,25.88571428571429,54.628571428571426,10.771428571428572,31.7
2022-04-14,Greater Noida,31.7,56.5,9.9,4.8,104,4,0.9762766110869321,-0.21652708524481437,32.6,50.3,29.3,56.9,28.8,56.8,26.514285714285712,53.871428571428574,10.528571428571428,29.1
2022-04-15,Greater Noida,29.1,55.5,12.0,0.0,105,4,0.9724075561219968,-0.23328854407545518,31.7,56.5,32.6,50.3,29.3,56.9,28.1,53.74285714285714,10.885714285714286,31.1
2022-04-16,Greater Noida,31.1,61.9,9.4,0.0,106,4,0.9682507501166718,-0.2499809690726521,29.1,55.5,31.7,56.5,32.6,50.3,30.028571428571432,56.0,10.814285714285715,30.3
2022-04-17,Greater Noida,30.3,48.6,11.4,20.4,107,4,0.9638074231367307,-0.26659942067929354,31.1,61.9,29.1,55.5,31.7,56.5,30.41428571428571,55.214285714285715,10.657142857142857,22.2
2022-04-18,Greater Noida,22.2,49.4,12.0,0.0,108,4,0.9590788900341131,-0.28313898122818354,30.3,48.6,31.1,61.9,29.1,55.5,29.47142857142857,54.15714285714285,10.614285714285714,31.6
2022-04-19,Greater Noida,31.6,50.2,10.8,4.9,109,4,0.9540665500578387,-0.2995947563972602,22.2,49.4,30.3,48.6,31.1,61.9,29.8,53.199999999999996,10.757142857142858,32.4
2022-04-20,Greater Noida,32.4,49.3,12.5,0.0,110,4,0.9487718864399473,-0.31596187665790293,31.6,50.2,22.2,49.4,30.3,48.6,29.771428571428572,53.05714285714286,11.142857142857142,31.3
2022-04-21,Greater Noida,31.3,47.7,10.5,0.0,111,4,0.9431964659565866,-0.33223549871590435,32.4,49.3,31.6,50.2,22.2,49.4,29.71428571428572,51.800000000000004,11.22857142857143,33.5
2022-04-22,Greater Noida,33.5,40.1,10.6,0.0,112,4,0.9373419384643772,-0.3484108069446808,31.3,47.7,32.4,49.3,31.6,50.2,30.342857142857138,49.6,11.028571428571428,30.6
2022-04-23,Greater Noida,30.6,49.3,9.5,0.0,113,4,0.9312100364121947,-0.3644830148102912,33.5,40.1,31.3,47.7,32.4,49.3,30.271428571428572,47.800000000000004,11.042857142857143,32.4
2022-04-24,Greater Noida,32.4,52.5,12.5,0.0,114,4,0.9248025743285089,-0.38044736628785164,30.6,49.3,33.5,40.1,31.3,47.7,30.571428571428573,48.357142857142854,11.200000000000001,36.3
2022-04-25,Greater Noida,36.3,49.0,9.8,0.0,115,4,0.9181214482844365,-0.39629913726891813,32.4,52.5,30.6,49.3,33.5,40.1,32.58571428571428,48.300000000000004,10.885714285714286,33.2
2022-04-26,Greater Noida,33.2,58.6,11.5,18.6,116,4,0.9111686353326631,-0.41203363695942635,36.3,49.0,32.4,52.5,30.6,49.3,32.81428571428571,49.5,10.985714285714284,26.6
2022-04-27,Greater Noida,26.6,50.9,10.9,0.0,117,4,0.9039461929224011,-0.42764620926777464,33.2,58.6,36.3,49.0,32.4,52.5,31.985714285714288,49.728571428571435,10.757142857142856,33.4
2022-04-28,Greater Noida,33.4,56.0,9.4,0.0,118,4,0.8964562582905575,-0.44313223418263453,26.6,50.9,33.2,58.6,36.3,49.0,32.285714285714285,50.91428571428571,10.599999999999998,34.3
2022-04-29,Greater Noida,34.3,51.8,10.1,0.0,119,4,0.8887010478292915,-0.45848712914008766,33.4,56.0,26.6,50.9,33.2,58.6,32.4,52.58571428571429,10.528571428571428,33.6
2022-04-30,Greater Noida,33.6,54.1,13.1,0.0,120,4,0.8806828564301475,-0.47370635037968,34.3,51.8,33.4,56.0,26.6,50.9,32.82857142857143,53.271428571428565,11.042857142857143,33.6
2022-05-01,Greater Noida,33.6,51.8,11.3,0.0,121,5,0.8724040568049612,-0.48878539428899265,33.6,54.1,34.3,51.8,33.4,56.0,33.0,53.17142857142857,10.87142857142857,33.0
2022-05-02,Greater Noida,33.0,56.2,9.5,17.9,122,5,0.8638670987837349,-0.503719798736334,33.6,51.8,33.6,54.1,34.3,51.8,32.528571428571425,54.199999999999996,10.828571428571431,26.4
2022-05-03,Greater Noida,26.4,50.9,11.5,0.0,123,5,0.8550745085896932,-0.518505144391157,33.0,56.2,33.6,51.8,33.6,54.1,31.557142857142857,53.1,10.828571428571431,33.3
2022-05-04,Greater Noida,33.3,52.7,10.8,0.0,124,5,0.8460288880917339,-0.533137056031809,26.4,50.9,33.0,56.2,33.6,51.8,32.51428571428571,53.357142857142854,10.814285714285715,35.6
2022-05-05,Greater Noida,35.6,52.2,16.2,0.0,125,5,0.8367329140344921,-0.5476112038402312,33.3,52.7,26.4,50.9,33.0,56.2,32.82857142857143,52.81428571428571,11.785714285714286,36.3
2022-05-06,Greater Noida,36.3,49.6,11.4,0.0,126,5,0.8271893372462497,-0.5619233046832195,35.6,52.2,33.3,52.7,26.4,50.9,33.114285714285714,52.5,11.971428571428572,35.5
2022-05-07,Greater Noida,35.5,52.4,10.4,0.0,127,5,0.8174009818249189,-0.5760691233798758,36.3,49.6,35.6,52.2,33.3,52.7,33.385714285714286,52.25714285714286,11.585714285714287,34.8
2022-05-08,Greater Noida,34.8,59.7,13.1,0.0,128,5,0.8073707443023492,-0.5900444739548627,35.5,52.4,36.3,49.6,35.6,52.2,33.55714285714286,53.385714285714286,11.842857142857143,36.0
2022-05-09,Greater Noida,36.0,49.8,8.2,0.0,129,5,0.7971015927871943,-0.6038452208771035,34.8,59.7,35.5,52.4,36.3,49.6,33.98571428571428,52.471428571428575,11.657142857142858,35.1
2022-05-10,Greater Noida,35.1,52.6,11.1,0.0,130,5,0.7865965660866021,-0.6174672802835514,36.0,49.8,34.8,59.7,35.5,52.4,35.22857142857143,52.714285714285715,11.599999999999998,37.0
2022-05-11,Greater Noida,37.0,56.0,14.0,0.0,131,5,0.7758587728069828,-0.6309066211876704,35.1,52.6,36.0,49.8,34.8,59.7,35.75714285714285,53.18571428571429,12.057142857142855,33.3
2022-05-12,Greater Noida,33.3,55.6,10.8,0.0,132,5,0.7648913904341226,-0.6441592666722685,37.0,56.0,35.1,52.6,36.0,49.8,35.42857142857143,53.67142857142857,11.285714285714286,35.6
2022-05-13,Greater Noida,35.6,51.1,8.3,12.9,133,5,0.753697664392914,-0.6572212950663319,33.3,55.6,37.0,56.0,35.1,52.6,35.32857142857143,53.885714285714286,10.842857142857143,30.4
2022-05-14,Greater Noida,30.4,41.6,10.3,0.0,134,5,0.742280907086982,-0.6700888411055113,35.6,51.1,33.3,55.6,37.0,56.0,34.6,52.34285714285715,10.828571428571427,34.2
2022-05-15,Greater Noida,34.2,53.3,13.1,0.0,135,5,0.7306444969184916,-0.6827580970759147,30.4,41.6,35.6,51.1,33.3,55.6,34.51428571428571,51.42857142857143,10.828571428571427,38.4
2022-05-16,Greater Noida,38.4,42.5,11.5,10.1,136,5,0.7187918772884232,-0.6952253139408722,34.2,53.3,30.4,41.6,35.6,51.1,34.857142857142854,50.385714285714286,11.299999999999999,34.9
2022-05-17,Greater Noida,34.9,57.4,9.6,0.0,137,5,0.7067265555776158,-0.7074868024503348,38.4,42.5,34.2,53.3,30.4,41.6,34.82857142857143,51.07142857142857,11.085714285714287,35.8
2022-05-18,Greater Noida,35.8,52.3,9.8,0.0,138,5,0.6944521021088763,-0.719538934232584,34.9,57.4,38.4,42.5,34.2,53.3,34.65714285714286,50.54285714285714,10.485714285714286,34.8
2022-05-19,Greater Noida,34.8,55.7,10.0,0.0,139,5,0.6819721490904629,-0.7313781428679254,35.8,52.3,34.9,57.4,38.4,42.5,34.871428571428574,50.557142857142864,10.37142857142857,32.9
2022-05-20,Greater Noida,32.9,48.3,11.4,0.0,140,5,0.6692903895412567,-0.7430009249440493,34.8,55.7,35.8,52.3,34.9,57.4,34.48571428571428,50.15714285714286,10.814285714285715,36.4
2022-05-21,Greater Noida,36.4,45.8,12.8,0.0,141,5,0.6564105761979381,-0.7544038410927472,32.9,48.3,34.8,55.7,35.8,52.3,35.34285714285714,50.75714285714285,11.171428571428573,40.7
2022-05-22,Greater Noida,40.7,53.2,12.4,0.0,142,5,0.6433365204044917,-0.765583517007675,36.4,45.8,32.9,48.3,34.8,55.7,36.27142857142857,50.74285714285715,11.071428571428571,38.0
2022-05-23,Greater Noida,38.0,52.2,11.5,9.8,143,5,0.6300720909843687,-0.7765366444428655,40.7,53.2,36.4,45.8,32.9,48.3,36.214285714285715,52.12857142857143,11.071428571428571,33.8
2022-05-24,Greater Noida,33.8,50.6,8.8,0.0,144,5,0.6166212130956382,-0.7872599821916922,38.0,52.2,40.7,53.2,36.4,45.8,36.05714285714286,51.15714285714285,10.957142857142857,38.3
2022-05-25,Greater Noida,38.3,53.1,8.8,5.4,145,5,0.6029878670694714,-0.7977503570459932,33.8,50.6,38.0,52.2,40.7,53.2,36.41428571428572,51.271428571428565,10.814285714285717,32.6
2022-05-26,Greater Noida,32.6,64.0,11.5,7.7,146,5,0.5891760872322963,-0.8080046647350754,38.3,53.1,33.8,50.6,38.0,52.2,36.1,52.457142857142856,11.02857142857143,34.5
2022-05-27,Greater Noida,34.5,56.5,8.7,0.0,147,5,0.5751899607119775,-0.8180198708443175,32.6,64.0,38.3,53.1,33.8,50.6,36.32857142857143,53.628571428571426,10.642857142857142,38.1
2022-05-28,Greater Noida,38.1,57.5,10.4,0.0,148,5,0.5610336262283677,-0.8277930117131022,34.5,56.5,32.6,64.0,38.3,53.1,36.57142857142857,55.300000000000004,10.299999999999999,38.0
2022-05-29,Greater Noida,38.0,56.9,11.1,0.0,149,5,0.5467112728685939,-0.8373211953118121,38.1,57.5,34.5,56.5,32.6,64.0,36.18571428571428,55.82857142857142,10.114285714285714,39.3
2022-05-30,Greater Noida,39.3,59.7,8.9,12.6,150,5,0.5322271388474397,-0.8466016020976267,38.0,56.9,38.1,57.5,34.5,56.5,36.371428571428574,56.9,9.742857142857144,35.7
2022-05-31,Greater Noida,35.7,53.3,9.1,0.0,151,5,0.5175855102531889,-0.8556314858488706,39.3,59.7,38.0,56.9,38.1,57.5,36.642857142857146,57.285714285714285,9.785714285714286,39.3
2022-06-01,Greater Noida,39.3,46.1,10.5,28.4,152,6,0.5027907197793043,-0.8644081744776648,35.7,53.3,39.3,59.7,38.0,56.9,36.785714285714285,56.285714285714285,10.028571428571428,29.0
2022-06-02,Greater Noida,29.0,53.8,11.3,20.1,153,6,0.4878471454423119,-0.8729290708206411,39.3,46.1,35.7,53.3,39.3,59.7,36.27142857142857,54.82857142857143,10.0,31.3
2022-06-03,Greater Noida,31.3,58.1,12.1,0.0,154,6,0.47275920928627757,-0.881191653407483,29.0,53.8,39.3,46.1,35.7,53.3,35.81428571428571,55.05714285714286,10.485714285714284,40.9
2022-06-04,Greater Noida,40.9,51.2,11.4,3.4,155,6,0.4575313760742512,-0.8891934772070711,31.3,58.1,29.0,53.8,39.3,46.1,36.214285714285715,54.15714285714286,10.62857142857143,37.3
2022-06-05,Greater Noida,37.3,54.7,10.6,8.8,156,6,0.44216815196707204,-0.8969321743510065,40.9,51.2,31.3,58.1,29.0,53.8,36.114285714285714,53.84285714285715,10.557142857142859,34.5
2022-06-06,Greater Noida,34.5,52.9,9.3,0.0,157,6,0.42667408318992467,-0.9044054548343001,37.3,54.7,40.9,51.2,31.3,58.1,35.42857142857143,52.87142857142857,10.614285714285714,40.7
2022-06-07,Greater Noida,40.7,62.0,8.8,0.0,158,6,0.4110537546870351,-0.9116111071930239,34.5,52.9,37.3,54.7,40.9,51.2,36.142857142857146,54.114285714285714,10.571428571428571,38.6
2022-06-08,Greater Noida,38.6,59.3,9.6,8.0,159,6,0.3953117887649151,-0.9185469991587165,40.7,62.0,34.5,52.9,37.3,54.7,36.04285714285714,56.0,10.442857142857145,37.9
2022-06-09,Greater Noida,37.9,59.2,11.0,18.9,160,6,0.37945284372454435,-0.925211078289358,38.6,59.3,40.7,62.0,34.5,52.9,37.31428571428571,56.771428571428565,10.4,29.8
2022-06-10,Greater Noida,29.8,59.4,10.8,21.9,161,6,0.36348161248290634,-0.9316013725767187,37.9,59.2,38.6,59.3,40.7,62.0,37.1,56.95714285714286,10.214285714285714,32.5
2022-06-11,Greater Noida,32.5,57.1,7.1,0.0,162,6,0.3474028211842774,-0.9377159910299093,29.8,59.4,37.9,59.2,38.6,59.3,35.9,57.8,9.6,39.2
2022-06-12,Greater Noida,39.2,58.3,9.1,8.3,163,6,0.3312212278016865,-0.9435531242349544,32.5,57.1,29.8,59.4,37.9,59.2,36.17142857142857,58.31428571428571,9.385714285714286,36.4
2022-06-13,Greater Noida,36.4,53.1,12.0,11.0,164,6,0.31494162072895193,-0.9491110448902284,39.2,58.3,32.5,57.1,29.8,59.4,36.44285714285714,58.34285714285715,9.771428571428572,38.3
2022-06-14,Greater Noida,38.3,49.4,10.3,0.0,165,6,0.2985688173637202,-0.9543881083175908,36.4,53.1,39.2,58.3,32.5,57.1,36.1,56.542857142857144,9.985714285714286,38.6
2022-06-15,Greater Noida,38.6,59.1,8.0,24.4,166,6,0.2821076626819194,-0.9593827529490743,38.3,49.4,36.4,53.1,39.2,58.3,36.1,56.51428571428572,9.757142857142858,29.3
2022-06-16,Greater Noida,29.3,60.1,13.7,52.6,167,6,0.26556302780405594,-0.9640935007889755,38.6,59.1,38.3,49.4,36.4,53.1,34.871428571428574,56.642857142857146,10.142857142857142,30.0
2022-06-17,Greater Noida,30.0,64.0,10.0,38.3,168,6,0.24893980855376657,-0.9685189578512204,29.3,60.1,38.6,59.1,38.3,49.4,34.9,57.3,10.028571428571428,31.3
2022-06-18,Greater Noida,31.3,65.8,10.6,0.0,169,6,0.23224292400907015,-0.9726578145718654,30.0,64.0,29.3,60.1,38.6,59.1,34.728571428571435,58.542857142857144,10.528571428571428,37.0
2022-06-19,Greater Noida,37.0,66.1,10.6,0.0,170,6,0.21547731504673012,-0.976508846196619,31.3,65.8,30.0,64.0,29.3,60.1,34.41428571428572,59.65714285714286,10.742857142857144,40.1
2022-06-20,Greater Noida,40.1,56.2,9.4,0.0,171,6,0.19864794288017112,-0.9800709131432666,37.0,66.1,31.3,65.8,30.0,64.0,34.94285714285714,60.1,10.371428571428572,38.4
2022-06-21,Greater Noida,38.4,59.1,8.8,0.0,172,6,0.18175978759137534,-0.9833429613388902,40.1,56.2,37.0,66.1,31.3,65.8,34.95714285714286,61.48571428571428,10.157142857142857,40.8
2022-06-22,Greater Noida,40.8,62.8,13.1,8.1,173,6,0.16481784665719793,-0.9863240225317866,38.4,59.1,40.1,56.2,37.0,66.1,35.27142857142857,62.01428571428571,10.885714285714286,32.8
2022-06-23,Greater Noida,32.8,71.3,11.4,0.0,174,6,0.14782713347053048,-0.9890132145779883,40.8,62.8,38.4,59.1,40.1,56.2,35.77142857142857,63.614285714285714,10.557142857142855,38.0
2022-06-24,Greater Noida,38.0,67.4,11.0,0.0,175,6,0.13079267585675922,-0.9914097417023038,32.8,71.3,40.8,62.8,38.4,59.1,36.91428571428571,64.10000000000001,10.7,36.8
2022-06-25,Greater Noida,36.8,66.3,10.6,0.0,176,6,0.11371951458594969,-0.9935128947338007,38.0,67.4,32.8,71.3,40.8,62.8,37.699999999999996,64.17142857142856,10.700000000000001,37.9
2022-06-26,Greater Noida,37.9,60.6,8.2,0.0,177,6,0.0966127018812031,-0.9953220513156602,36.8,66.3,38.0,67.4,32.8,71.3,37.82857142857142,63.38571428571429,10.357142857142858,39.4
2022-06-27,Greater Noida,39.4,58.9,11.6,4.1,178,6,0.07947729992362097,-0.9968366760893436,37.9,60.6,36.8,66.3,38.0,67.4,37.72857142857142,63.771428571428565,10.671428571428573,38.8
2022-06-28,Greater Noida,38.8,65.9,8.4,0.8,179,6,0.062318379354325076,-0.998056320853012,39.4,58.9,37.9,60.6,36.8,66.3,37.785714285714285,64.74285714285715,10.614285714285716,38.7
2022-06-29,Greater Noida,38.7,58.7,10.0,41.9,180,6,0.04514101777397193,-0.9989806246941579,38.8,65.9,39.4,58.9,37.9,60.6,37.48571428571428,64.15714285714286,10.171428571428569,30.2
2022-06-30,Greater Noida,30.2,62.4,7.1,14.3,181,6,0.02795029824021032,-0.999609314096404,38.7,58.7,38.8,65.9,39.4,58.9,37.114285714285714,62.885714285714286,9.557142857142855,36.2
2022-07-01,Greater Noida,36.2,63.2,6.4,10.5,182,7,0.01075130776352193,-0.9999422030204416,30.2,62.4,38.7,58.7,38.8,65.9,36.857142857142854,62.285714285714285,8.9,34.5
2022-07-02,Greater Noida,34.5,70.3,9.9,8.7,183,7,-0.00645086419810515,-0.9999791929590823,36.2,63.2,30.2,62.4,38.7,58.7,36.528571428571425,62.857142857142854,8.8,36.8
2022-07-03,Greater Noida,36.8,62.8,8.2,13.2,184,7,-0.023651127245231586,-0.9997202729664083,34.5,70.3,36.2,63.2,30.2,62.4,36.371428571428574,63.17142857142857,8.8,36.7
2022-07-04,Greater Noida,36.7,54.7,6.4,0.0,185,7,-0.04084439154329611,-0.9991655196610109,36.8,62.8,34.5,70.3,36.2,63.2,35.98571428571428,62.57142857142857,8.057142857142857,39.2
2022-07-05,Greater Noida,39.2,66.8,10.1,0.0,186,7,-0.05802556932878035,-0.9983150972033183,36.7,54.7,36.8,62.8,34.5,70.3,36.042857142857144,62.699999999999996,8.3,39.4
2022-07-06,Greater Noida,39.4,62.2,12.5,0.0,187,7,-0.07518957641475855,-0.9971692572470178,39.2,66.8,36.7,54.7,36.8,62.8,36.142857142857146,63.199999999999996,8.657142857142857,39.0
2022-07-07,Greater Noida,39.0,65.4,11.3,33.3,188,7,-0.09233133369539122,-0.9957283388645872,39.4,62.2,39.2,66.8,36.7,54.7,37.4,63.62857142857143,9.257142857142856,32.8
2022-07-08,Greater Noida,32.8,65.1,8.8,0.0,189,7,-0.10944576864891556,-0.993992768446958,39.0,65.4,39.4,62.2,39.2,66.8,36.91428571428572,63.89999999999999,9.6,38.3
2022-07-09,Greater Noida,38.3,64.6,9.2,0.0,190,7,-0.12652781683868314,-0.9919630595773397,32.8,65.1,39.0,65.4,39.4,62.2,37.457142857142856,63.08571428571429,9.5,37.9
2022-07-10,Greater Noida,37.9,69.0,10.4,0.0,191,7,-0.1435724234118113,-0.9896398128792412,38.3,64.6,32.8,65.1,39.0,65.4,37.614285714285714,63.971428571428575,9.814285714285715,37.2
2022-07-11,Greater Noida,37.2,59.9,10.7,0.0,192,7,-0.16057454459499376,-0.9870237158387383,37.9,69.0,38.3,64.6,32.8,65.1,37.68571428571429,64.71428571428571,10.428571428571429,36.7
2022-07-12,Greater Noida,36.7,64.2,8.5,6.8,193,7,-0.17752914918703497,-0.984115542601034,37.2,59.9,37.9,69.0,38.3,64.6,37.32857142857143,64.34285714285714,10.200000000000001,33.3
2022-07-13,Greater Noida,33.3,69.1,9.0,17.1,194,7,-0.19443122004766195,-0.9809161537413774,36.7,64.2,37.2,59.9,37.9,69.0,36.457142857142856,65.32857142857142,9.700000000000001,28.2
2022-07-14,Greater Noida,28.2,64.1,9.3,0.0,195,7,-0.2112757555821793,-0.9774264960104055,33.3,69.1,36.7,64.2,37.2,59.9,34.91428571428571,65.14285714285714,9.414285714285715,37.8
2022-07-15,Greater Noida,37.8,60.2,9.7,0.0,196,7,-0.2280577712215198,-0.9736476020539838,28.2,64.1,33.3,69.1,36.7,64.2,35.628571428571426,64.44285714285714,9.542857142857143,38.2
2022-07-16,Greater Noida,38.2,69.5,8.6,7.1,197,7,-0.24477230089725957,-0.9695805901076308,37.8,60.2,28.2,64.1,33.3,69.1,35.614285714285714,65.14285714285714,9.457142857142857,34.7
2022-07-17,Greater Noida,34.7,71.4,8.6,4.6,198,7,-0.2614143985111562,-0.965226663665613,38.2,69.5,37.8,60.2,28.2,64.1,35.15714285714286,65.48571428571428,9.2,36.4
2022-07-18,Greater Noida,36.4,66.8,10.8,9.7,199,7,-0.2779791393987801,-0.9605871111248129,34.7,71.4,38.2,69.5,37.8,60.2,35.042857142857144,66.47142857142858,9.214285714285714,35.7
2022-07-19,Greater Noida,35.7,59.2,10.5,19.2,200,7,-0.2944616217868012,-0.9556633054034704,36.4,66.8,34.7,71.4,38.2,69.5,34.9,65.75714285714285,9.5,29.8
2022-07-20,Greater Noida,29.8,70.0,9.3,0.0,201,7,-0.3108569682435036,-0.9504567035349151,35.7,59.2,36.4,66.8,34.7,71.4,34.4,65.88571428571429,9.542857142857143,36.9
2022-07-21,Greater Noida,36.9,60.6,11.1,0.0,202,7,-0.3271603271220951,-0.9449688462364056,29.8,70.0,35.7,59.2,36.4,66.8,35.642857142857146,65.38571428571429,9.8,36.1
2022-07-22,Greater Noida,36.1,68.5,7.9,14.9,203,7,-0.34336687399638804,-0.939201357453208,36.9,60.6,29.8,70.0,35.7,59.2,35.4,66.57142857142857,9.542857142857143,34.6
2022-07-23,Greater Noida,34.6,63.7,10.9,15.3,204,7,-0.3594718130884232,-0.9331559438780432,36.1,68.5,36.9,60.6,29.8,70.0,34.885714285714286,65.74285714285715,9.87142857142857,33.1
2022-07-24,Greater Noida,33.1,62.6,9.2,14.5,205,7,-0.3754703786876202,-0.9268343944460494,34.6,63.7,36.1,68.5,36.9,60.6,34.65714285714286,64.4857142857143,9.957142857142857,31.6
2022-07-25,Greater Noida,31.6,65.5,13.2,26.7,206,7,-0.3913578365610259,-0.9202385798054075,33.1,62.6,34.6,63.7,36.1,68.5,33.971428571428575,64.3,10.299999999999999,27.9
2022-07-26,Greater Noida,27.9,66.5,6.5,23.3,207,7,-0.4071294853542516,-0.9133704517637858,31.6,65.5,33.1,62.6,34.6,63.7,32.857142857142854,65.34285714285714,9.728571428571428,28.2
2022-07-27,Greater Noida,28.2,64.6,7.2,0.0,208,7,-0.4227806579826773,-0.9062320427107697,27.9,66.5,31.6,65.5,33.1,62.6,32.628571428571426,64.57142857142857,9.428571428571429,34.9
2022-07-28,Greater Noida,34.9,69.5,8.8,0.0,209,7,-0.4383067230125192,-0.898825465016444,28.2,64.6,27.9,66.5,31.6,65.5,32.34285714285714,65.84285714285714,9.1,36.3
2022-07-29,Greater Noida,36.3,65.3,8.7,25.5,210,7,-0.45370308603134424,-0.8911529104063088,34.9,69.5,28.2,64.6,27.9,66.5,32.371428571428574,65.38571428571429,9.214285714285714,25.3
2022-07-30,Greater Noida,25.3,71.0,11.0,0.0,211,7,-0.46896519100763184,-0.8832166493127127,36.3,65.3,34.9,69.5,28.2,64.6,31.042857142857144,66.42857142857143,9.228571428571428,37.5
2022-07-31,Greater Noida,37.5,68.1,7.0,0.0,212,7,-0.48408852163897587,-0.8750190302029955,25.3,71.0,36.3,65.3,34.9,69.5,31.67142857142857,67.21428571428571,8.914285714285715,37.2
2022-08-01,Greater Noida,37.2,64.1,9.3,15.9,213,8,-0.4990686026885319,-0.8665624788845385,37.5,68.1,25.3,71.0,36.3,65.3,32.47142857142857,67.0142857142857,8.357142857142858,26.5
2022-08-02,Greater Noida,26.5,63.3,9.7,0.0,214,8,-0.5139010013093103,-0.8578494977869301,37.2,64.1,37.5,68.1,25.3,71.0,32.27142857142857,66.55714285714285,8.814285714285715,35.7
2022-08-03,Greater Noida,35.7,60.1,8.9,0.0,215,8,-0.5285813283559292,-0.8488826652214553,26.5,63.3,37.2,64.1,37.5,68.1,33.34285714285714,65.91428571428571,9.057142857142859,31.6
2022-08-04,Greater Noida,31.6,67.7,6.4,0.0,216,8,-0.5431052396834317,-0.8396646346181327,35.7,60.1,26.5,63.3,37.2,64.1,32.871428571428574,65.65714285714286,8.714285714285714,33.2
2022-08-05,Greater Noida,33.2,65.0,9.9,14.2,217,8,-0.5574684374327892,-0.8301981337405212,31.6,67.7,35.7,60.1,26.5,63.3,32.42857142857143,65.61428571428571,8.885714285714284,31.2
2022-08-06,Greater Noida,31.2,56.8,9.6,7.3,218,8,-0.5716666713027052,-0.8204859638785327,33.2,65.0,31.6,67.7,35.7,60.1,33.27142857142857,63.58571428571429,8.685714285714287,29.9
2022-08-07,Greater Noida,29.9,64.0,8.6,16.8,219,8,-0.5856957398073508,-0.8105309990194823,31.2,56.8,33.2,65.0,31.6,67.7,32.18571428571429,63.0,8.914285714285715,26.7
2022-08-08,Greater Noida,26.7,62.4,7.9,22.7,220,8,-0.5995514915196489,-0.8003361849976323,29.9,64.0,31.2,56.8,33.2,65.0,30.685714285714287,62.75714285714286,8.714285714285714,28.3
2022-08-09,Greater Noida,28.3,72.1,7.9,26.2,221,8,-0.6132298262997502,-0.7899045386224707,26.7,62.4,29.9,64.0,31.2,56.8,30.942857142857143,64.01428571428572,8.457142857142857,23.7
2022-08-10,Greater Noida,23.7,58.8,7.4,0.0,222,8,-0.6267266965083301,-0.7792391467859886,28.3,72.1,26.7,62.4,29.9,64.0,29.228571428571428,63.82857142857142,8.242857142857144,32.5
2022-08-11,Greater Noida,32.5,59.7,8.4,34.9,223,8,-0.6400381082043503,-0.7683431655492202,23.7,58.8,28.3,72.1,26.7,62.4,29.357142857142858,62.685714285714276,8.528571428571428,25.3
2022-08-12,Greater Noida,25.3,69.7,7.5,22.1,224,8,-0.65316012232693,-0.7572198192083127,32.5,59.7,23.7,58.8,28.3,72.1,28.228571428571428,63.357142857142854,8.185714285714287,27.0
2022-08-13,Greater Noida,27.0,70.5,6.1,0.0,225,8,-0.666088855860977,-0.7458723993404063,25.3,69.7,32.5,59.7,23.7,58.8,27.628571428571426,65.31428571428572,7.685714285714285,31.3
2022-08-14,Greater Noida,31.3,61.9,5.7,0.0,226,8,-0.6788204829862355,-0.734304263829602,27.0,70.5,25.3,69.7,32.5,59.7,27.82857142857143,65.0142857142857,7.271428571428571,33.2
2022-08-15,Greater Noida,33.2,62.1,6.1,0.0,227,8,-0.6913512362094071,-0.722518835873311,31.3,61.9,27.0,70.5,25.3,69.7,28.75714285714286,64.97142857142858,7.014285714285714,35.2
2022-08-16,Greater Noida,35.2,66.9,7.5,0.0,228,8,-0.7036774074790128,-0.7105196029692745,33.2,62.1,31.3,61.9,27.0,70.5,29.742857142857144,64.22857142857143,6.957142857142857,30.1
2022-08-17,Greater Noida,30.1,55.0,7.1,10.7,229,8,-0.7157953492826642,-0.6983101158835584,35.2,66.9,33.2,62.1,31.3,61.9,30.657142857142855,63.68571428571429,6.914285714285714,27.4
2022-08-18,Greater Noida,27.4,56.6,7.4,22.6,230,8,-0.7277014757264236,-0.6858939875998223,30.1,55.0,35.2,66.9,33.2,62.1,29.928571428571427,63.24285714285715,6.771428571428571,22.9
2022-08-19,Greater Noida,22.9,62.7,7.8,0.0,231,8,-0.7393922635959241,-0.673274892250183,27.4,56.6,30.1,55.0,35.2,66.9,29.58571428571429,62.24285714285714,6.814285714285714,31.0
2022-08-20,Greater Noida,31.0,69.8,6.1,8.5,232,8,-0.7508642533989489,-0.6604565640279754,22.9,62.7,27.4,56.6,30.1,55.0,30.157142857142862,62.142857142857146,6.814285714285714,29.7
2022-08-21,Greater Noida,29.7,61.7,9.2,3.7,233,8,-0.7621140503891487,-0.6474427960827475,31.0,69.8,22.9,62.7,27.4,56.6,29.928571428571427,62.114285714285714,7.314285714285715,31.6
2022-08-22,Greater Noida,31.6,63.6,6.5,22.2,234,8,-0.7731383255706026,-0.6342374393978054,29.7,61.7,31.0,69.8,22.9,62.7,29.7,62.32857142857143,7.371428571428571,20.1
2022-08-23,Greater Noida,20.1,67.5,6.2,0.0,235,8,-0.7839338166829201,-0.620844401650647,31.6,63.6,29.7,61.7,31.0,69.8,27.542857142857144,62.41428571428572,7.185714285714285,31.6
2022-08-24,Greater Noida,31.6,71.2,7.5,13.5,236,8,-0.7944973291665992,-0.6072676460566135,20.1,67.5,31.6,63.6,29.7,61.7,27.75714285714286,64.72857142857143,7.242857142857142,26.8
2022-08-25,Greater Noida,26.8,60.3,4.0,0.0,237,8,-0.8048257371083452,-0.593511190196115,31.6,71.2,20.1,67.5,31.6,63.6,27.67142857142857,65.25714285714285,6.757142857142857,32.1
2022-08-26,Greater Noida,32.1,62.3,5.5,0.0,238,8,-0.8149159841660791,-0.5795791048257612,26.8,60.3,31.6,71.2,20.1,67.5,28.985714285714288,65.2,6.428571428571429,29.2
2022-08-27,Greater Noida,29.2,69.5,8.2,0.0,239,8,-0.8247650844733614,-0.5654755126737576,32.1,62.3,26.8,60.3,31.6,71.2,28.728571428571428,65.15714285714286,6.728571428571428,29.0
2022-08-28,Greater Noida,29.0,55.9,4.0,15.5,240,8,-0.8343701235229537,-0.5512045872199277,29.2,69.5,32.1,62.3,26.8,60.3,28.62857142857143,64.32857142857144,5.985714285714285,21.9
2022-08-29,Greater Noida,21.9,65.9,8.3,4.0,241,8,-0.8437282590292712,-0.5367705514607103,29.0,55.9,29.2,69.5,32.1,62.3,27.242857142857144,64.65714285714286,6.242857142857142,30.5
2022-08-30,Greater Noida,30.5,57.5,8.8,0.0,242,8,-0.8528367217694595,-0.522177676659508,21.9,65.9,29.0,55.9,29.2,69.5,28.728571428571428,63.228571428571435,6.614285714285714,29.8
2022-08-31,Greater Noida,29.8,61.8,5.9,0.0,243,8,-0.8616928164028521,-0.5074302810827518,30.5,57.5,21.9,65.9,29.0,55.9,28.47142857142857,61.885714285714286,6.385714285714286,26.6
2022-09-01,Greater Noida,26.6,60.3,6.9,14.2,244,9,-0.8702939222685674,-0.49253272872205434,29.8,61.8,30.5,57.5,21.9,65.9,28.442857142857143,61.885714285714286,6.8,26.4
2022-09-02,Greater Noida,26.4,57.2,8.1,0.0,245,9,-0.8786374941610001,-0.4774894280028391,26.6,60.3,29.8,61.8,30.5,57.5,27.628571428571426,61.15714285714285,7.171428571428572,27.0
2022-09-03,Greater Noida,27.0,57.0,5.7,0.0,246,9,-0.886721063082993,-0.46230483047981086,26.4,57.2,26.6,60.3,29.8,61.8,27.314285714285713,59.37142857142857,6.814285714285714,28.5
2022-09-04,Greater Noida,28.5,61.8,7.6,16.4,247,9,-0.8945422369764496,-0.4469834295196741,27.0,57.0,26.4,57.2,26.6,60.3,27.24285714285714,60.214285714285715,7.328571428571429,17.4
2022-09-05,Greater Noida,17.4,64.6,5.3,0.0,248,9,-0.9020987014301837,-0.43152975897147144,28.5,61.8,27.0,57.0,26.4,57.2,26.599999999999998,60.02857142857143,6.8999999999999995,28.3
2022-09-06,Greater Noida,28.3,59.9,5.5,9.5,249,9,-0.9093882203647925,-0.4159483918249421,17.4,64.6,28.5,61.8,27.0,57.0,26.285714285714285,60.371428571428574,6.428571428571429,23.3
2022-09-07,Greater Noida,23.3,60.6,5.0,0.0,250,9,-0.9164086366943458,-0.4002439388573056,28.3,59.9,17.4,64.6,28.5,61.8,25.357142857142858,60.199999999999996,6.299999999999999,25.4
2022-09-08,Greater Noida,25.4,62.4,6.7,35.4,251,9,-0.9231578729647039,-0.38442104726885545,23.3,60.6,28.3,59.9,17.4,64.6,25.185714285714283,60.5,6.271428571428571,19.4
2022-09-09,Greater Noida,19.4,56.1,7.9,0.0,252,9,-0.9296339319682695,-0.3684843993077793,25.4,62.4,23.3,60.6,28.3,59.9,24.185714285714283,60.34285714285714,6.242857142857142,27.0
2022-09-10,Greater Noida,27.0,62.8,5.8,0.0,253,9,-0.9358348973349941,-0.35243871088460327,19.4,56.1,25.4,62.4,23.3,60.6,24.185714285714287,61.17142857142857,6.257142857142858,25.6
2022-09-11,Greater Noida,25.6,63.0,4.1,0.0,254,9,-0.9417589340994617,-0.33628873017668287,27.0,62.8,19.4,56.1,25.4,62.4,23.771428571428572,61.34285714285714,5.757142857142857,28.2
2022-09-12,Greater Noida,28.2,70.1,4.4,0.0,255,9,-0.9474042892438845,-0.32003923622313857,25.6,63.0,27.0,62.8,19.4,56.1,25.314285714285717,62.128571428571426,5.628571428571429,25.3
2022-09-13,Greater Noida,25.3,58.0,6.6,0.0,256,9,-0.9527692922168511,-0.30369503751065885,28.2,70.1,25.6,63.0,27.0,62.8,24.885714285714283,61.857142857142854,5.785714285714286,25.7
2022-09-14,Greater Noida,25.7,57.6,8.7,0.0,257,9,-0.9578523554276669,-0.28726097055059635,25.3,58.0,28.2,70.1,25.6,63.0,25.228571428571428,61.42857142857142,6.314285714285715,25.8
2022-09-15,Greater Noida,25.8,62.4,6.5,0.0,258,9,-0.9626519747161487,-0.2707418984477642,25.7,57.6,25.3,58.0,28.2,70.1,25.285714285714285,61.42857142857143,6.285714285714286,24.3
2022-09-16,Greater Noida,24.3,62.5,5.3,0.0,259,9,-0.9671667297977312,-0.2541427094613622,25.8,62.4,25.7,57.6,25.3,58.0,25.985714285714288,62.34285714285714,5.914285714285714,25.5
2022-09-17,Greater Noida,25.5,57.1,7.0,0.0,260,9,-0.97139528468375,-0.23746831555846842,24.3,62.5,25.8,62.4,25.7,57.6,25.771428571428572,61.528571428571425,6.0857142857142845,23.9
2022-09-18,Greater Noida,23.9,57.5,5.4,14.4,261,9,-0.9753363880767837,-0.2207236509605022,25.5,57.1,24.3,62.5,25.8,62.4,25.528571428571432,60.74285714285714,6.271428571428572,20.8
2022-09-19,Greater Noida,20.8,61.2,5.2,0.0,262,9,-0.9789888737409319,-0.20391367068311472,23.9,57.5,25.5,57.1,24.3,62.5,24.471428571428568,59.471428571428575,6.385714285714285,26.0
2022-09-20,Greater Noida,26.0,55.7,4.3,0.0,263,9,-0.9823516608469237,-0.18704334906991657,20.8,61.2,23.9,57.5,25.5,57.1,24.571428571428573,59.142857142857146,6.057142857142857,22.4
2022-09-21,Greater Noida,22.4,57.3,7.8,0.0,264,9,-0.9854237542919524,-0.17011767832049052,26.0,55.7,20.8,61.2,23.9,57.5,24.099999999999998,59.10000000000001,5.928571428571429,20.2
2022-09-22,Greater Noida,20.2,59.3,1.8,0.0,265,9,-0.9882042449941422,-0.15314166701312007,22.4,57.3,26.0,55.7,20.8,61.2,23.3,58.65714285714285,5.257142857142857,25.6
2022-09-23,Greater Noida,25.6,62.9,6.8,0.0,266,9,-0.9906923101615609,-0.13612033862266704,20.2,59.3,22.4,57.3,26.0,55.7,23.485714285714288,58.714285714285715,5.471428571428571,26.6
2022-09-24,Greater Noida,26.6,56.5,4.9,0.0,267,9,-0.9928872135356962,-0.11905873003404988,25.6,62.9,20.2,59.3,22.4,57.3,23.642857142857142,58.62857142857143,5.171428571428572,19.0
2022-09-25,Greater Noida,19.0,51.5,4.9,16.6,268,9,-0.994788305609327,-0.10196189005174576,26.6,56.5,25.6,62.9,20.2,59.3,22.942857142857143,57.77142857142858,5.1000000000000005,11.4
2022-09-26,Greater Noida,11.4,51.2,8.1,0.0,269,9,-0.9963950238187231,-0.08483487790576538,19.0,51.5,26.6,56.5,25.6,62.9,21.6,56.34285714285714,5.514285714285713,21.9
2022-09-27,Greater Noida,21.9,53.8,4.4,0.0,270,9,-0.9977068927101168,-0.06768276175455162,11.4,51.2,19.0,51.5,26.6,56.5,21.014285714285716,56.07142857142857,5.528571428571429,21.7
2022-09-28,Greater Noida,21.7,53.6,4.4,30.2,271,9,-0.9987235240803972,-0.050510617185222886,21.9,53.8,11.4,51.2,19.0,51.5,20.914285714285715,55.54285714285714,5.042857142857143,13.0
2022-09-29,Greater Noida,13.0,58.2,5.2,0.0,272,9,-0.9994446170919858,-0.033323525711631344,21.7,53.6,21.9,53.8,11.4,51.2,19.885714285714283,55.38571428571429,5.528571428571429,20.0
2022-09-30,Greater Noida,20.0,54.1,6.0,0.0,273,9,-0.9998699583618592,-0.016126573270657762,13.0,58.2,21.7,53.6,21.9,53.8,19.085714285714285,54.128571428571426,5.414285714285714,22.1
2022-10-01,Greater Noida,22.1,56.1,4.7,0.0,274,10,-0.9999994220246925,0.001075151282798226,20.0,54.1,13.0,58.2,21.7,53.6,18.442857142857143,54.07142857142857,5.385714285714286,21.8
2022-10-02,Greater Noida,21.8,55.8,3.0,0.0,275,10,-0.999832969770105,0.018276557681691223,22.1,56.1,20.0,54.1,13.0,58.2,18.842857142857145,54.68571428571429,5.114285714285715,18.7
2022-10-03,Greater Noida,18.7,57.2,4.0,0.0,276,10,-0.9993706508539969,0.03547255575312556,21.8,55.8,22.1,56.1,20.0,54.1,19.88571428571429,55.542857142857144,4.528571428571429,21.5
2022-10-04,Greater Noida,21.5,64.3,7.2,0.0,277,10,-0.9986126020839734,0.052658056924614005,18.7,57.2,21.8,55.8,22.1,56.1,19.82857142857143,57.04285714285714,4.928571428571429,23.2
2022-10-05,Greater Noida,23.2,61.7,5.4,0.0,278,10,-0.9975590477788613,0.06982797572987089,21.5,64.3,18.7,57.2,21.8,55.8,20.042857142857144,58.2,5.071428571428571,21.25
2022-10-06,Greater Noida,21.25,59.1,5.9,0.0,279,10,-0.9962102997023297,0.0869772313136861,23.2,61.7,21.5,64.3,18.7,57.2,21.22142857142857,58.32857142857142,5.171428571428572,19.3
2022-10-07,Greater Noida,19.3,57.3,4.9,0.0,280,10,-0.9945667569706337,0.1041007489354256,21.25,59.1,23.2,61.7,21.5,64.3,21.12142857142857,58.785714285714285,5.014285714285714,19.4
2022-10-08,Greater Noida,19.4,57.4,4.2,0.0,281,10,-0.9926289059345095,0.121193461470736,19.3,57.3,21.25,59.1,23.2,61.7,20.735714285714288,58.97142857142857,4.942857142857143,20.2
2022-10-09,Greater Noida,20.2,60.5,7.7,0.0,282,10,-0.9903973200352558,0.1382503109109819,19.4,57.4,19.3,57.3,21.25,59.1,20.507142857142856,59.642857142857146,5.614285714285714,16.6
2022-10-10,Greater Noida,16.6,61.6,4.9,0.0,283,10,-0.9878726596350429,0.15526624985999563,20.2,60.5,19.4,57.4,19.3,57.3,20.207142857142856,60.271428571428565,5.742857142857143,19.1
2022-10-11,Greater Noida,19.1,55.7,4.5,0.0,284,10,-0.9850556718215013,0.172236243027682,16.6,61.6,20.2,60.5,19.4,57.4,19.864285714285717,59.042857142857144,5.3571428571428585,18.0
2022-10-12,Greater Noida,18.0,59.6,6.8,0.0,285,10,-0.981947190186646,0.18915526872004093,19.1,55.7,16.6,61.6,20.2,60.5,19.12142857142857,58.74285714285714,5.557142857142857,20.9
2022-10-13,Greater Noida,20.9,51.4,4.1,0.0,286,10,-0.9785481345802031,0.20601832032517084,18.0,59.6,19.1,55.7,16.6,61.6,19.071428571428573,57.642857142857146,5.3,17.9
2022-10-14,Greater Noida,17.9,60.4,4.2,0.0,287,10,-0.9748595108374125,0.22282040779479959,20.9,51.4,18.0,59.6,19.1,55.7,18.87142857142857,58.08571428571429,5.2,20.2
2022-10-15,Greater Noida,20.2,62.7,5.1,1.6,288,10,-0.9708824104813836,0.23955655912092708,17.9,60.4,20.9,51.4,18.0,59.6,18.985714285714288,58.84285714285715,5.328571428571428,16.1
2022-10-16,Greater Noida,16.1,58.6,5.1,0.0,289,10,-0.9666180104000972,0.2562218218071163,20.2,62.7,17.9,60.4,20.9,51.4,18.400000000000002,58.57142857142857,4.957142857142856,18.2
2022-10-17,Greater Noida,18.2,67.1,5.5,0.0,290,10,-0.9620675724981452,0.27281126433401914,16.1,58.6,20.2,62.7,17.9,60.4,18.62857142857143,59.357142857142854,5.042857142857143,17.6
2022-10-18,Greater Noida,17.6,56.4,8.2,0.0,291,10,-0.957232443323312,0.28931997761869527,18.2,67.1,16.1,58.6,20.2,62.7,18.414285714285715,59.457142857142856,5.571428571428571,15.7
2022-10-19,Greater Noida,15.7,60.9,5.6,2.0,292,10,-0.9521140536681102,0.3057430764672831,17.6,56.4,18.2,67.1,16.1,58.6,18.085714285714285,59.642857142857146,5.4,17.0
2022-10-20,Greater Noida,17.0,59.9,1.5,0.0,293,10,-0.9467139181463862,0.3220757010206104,15.7,60.9,17.6,56.4,18.2,67.1,17.52857142857143,60.857142857142854,5.028571428571429,18.2
2022-10-21,Greater Noida,18.2,59.8,5.5,12.2,294,10,-0.9410336347451197,0.3383130181923076,17.0,59.9,15.7,60.9,17.6,56.4,17.571428571428573,60.771428571428565,5.214285714285714,12.8
2022-10-22,Greater Noida,12.8,59.8,5.1,20.5,295,10,-0.9350748843515574,0.3544502230989869,18.2,59.8,17.0,59.9,15.7,60.9,16.514285714285716,60.357142857142854,5.214285714285714,5.2
2022-10-23,Greater Noida,5.2,60.8,5.25,0.0,296,10,-0.9288394302558068,0.3704825404820963,12.8,59.8,18.2,59.8,17.0,59.9,14.957142857142857,60.671428571428564,5.235714285714286,15.8
2022-10-24,Greater Noida,15.8,63.8,5.4,0.0,297,10,-0.9223291176290545,0.3864052261209853,5.2,60.8,12.8,59.8,18.2,59.8,14.614285714285714,60.199999999999996,5.221428571428571,14.4
2022-10-25,Greater Noida,14.4,66.1,5.0,0.0,298,10,-0.9155458729775467,0.40221356823680365,15.8,63.8,5.2,60.8,12.8,59.8,14.157142857142857,61.58571428571429,4.764285714285714,15.0
2022-10-26,Greater Noida,15.0,60.6,4.9,11.9,299,10,-0.9084917035725082,0.41790288888678667,14.4,66.1,15.8,63.8,5.2,60.8,14.057142857142855,61.54285714285714,4.664285714285714,12.1
2022-10-27,Greater Noida,12.1,64.0,5.9,13.6,300,10,-0.9011686968561569,0.4334685453485363,15.0,60.6,14.4,66.1,15.8,63.8,13.357142857142858,62.128571428571426,5.292857142857143,9.6
2022-10-28,Greater Noida,9.6,58.0,4.2,0.0,301,10,-0.8935790198239952,0.4489059314938798,12.1,64.0,15.0,60.6,14.4,66.1,12.12857142857143,61.87142857142857,5.107142857142857,12.6
2022-10-29,Greater Noida,12.6,64.0,3.6,0.0,302,10,-0.8857249183835637,0.4642104791518923,9.6,58.0,12.1,64.0,15.0,60.6,12.099999999999998,62.47142857142857,4.892857142857143,15.3
2022-10-30,Greater Noida,15.3,58.0,9.5,0.0,303,10,-0.8776087166898392,0.4793776594606945,12.6,64.0,9.6,58.0,12.1,64.0,13.542857142857143,62.07142857142857,5.5,13.7
2022-10-31,Greater Noida,13.7,65.5,3.9,0.0,304,10,-0.8692328164574792,0.49440298420761813,15.3,58.0,12.6,64.0,9.6,58.0,13.242857142857142,62.31428571428571,5.285714285714286,10.6
2022-11-01,Greater Noida,10.6,70.1,5.2,51.1,305,11,-0.8605996962501181,0.5092820071573356,13.7,65.5,15.3,58.0,12.6,64.0,12.700000000000001,62.88571428571429,5.314285714285715,6.6
2022-11-02,Greater Noida,6.6,60.8,2.8,0.0,306,11,-0.8517119107469189,0.5240103253675756,10.6,70.1,13.7,65.5,15.3,58.0,11.5,62.91428571428571,5.014285714285713,14.2
2022-11-03,Greater Noida,14.2,52.6,5.2,0.0,307,11,-0.8425720899866032,0.5385835804920232,6.6,60.8,10.6,70.1,13.7,65.5,11.799999999999999,61.285714285714285,4.914285714285714,12.7
2022-11-04,Greater Noida,12.7,59.3,3.6,0.0,308,11,-0.8331829385891785,0.5529974600700271,14.2,52.6,6.6,60.8,10.6,70.1,12.242857142857144,61.471428571428575,4.828571428571428,11.6
2022-11-05,Greater Noida,11.6,66.5,4.3,0.0,309,11,-0.8235472349556007,0.5672476988027229,12.7,59.3,14.2,52.6,6.6,60.8,12.099999999999998,61.82857142857142,4.928571428571429,14.5
2022-11-06,Greater Noida,14.5,63.9,6.6,0.0,310,11,-0.8136678304455991,0.5813300798152042,11.6,66.5,12.7,59.3,14.2,52.6,11.985714285714284,62.67142857142857,4.514285714285714,13.6
2022-11-07,Greater Noida,13.6,62.8,5.7,0.0,311,11,-0.8035476485339116,0.5952404359043674,14.5,63.9,11.6,66.5,12.7,59.3,11.97142857142857,62.285714285714285,4.771428571428571,16.3
2022-11-08,Greater Noida,16.3,65.9,5.9,0.0,312,11,-0.7931896839451843,0.6089746507720486,13.6,62.8,14.5,63.9,11.6,66.5,12.785714285714286,61.685714285714276,4.871428571428572,13.4
2022-11-09,Greater Noida,13.4,63.9,2.4,0.0,313,11,-0.7825970017677834,0.6225286602431057,16.3,65.9,13.6,62.8,14.5,63.9,13.757142857142856,62.128571428571426,4.814285714285715,13.2
2022-11-10,Greater Noida,13.2,64.85,2.8499999999999996,0.0,314,11,-0.7717727365467837,0.6358984534680745,13.4,63.9,16.3,65.9,13.6,62.8,13.614285714285714,63.878571428571426,4.478571428571429,12.2
2022-11-11,Greater Noida,12.2,65.8,3.3,0.0,315,11,-0.7607200913564104,0.6490800741100398,13.2,64.85,13.4,63.9,16.3,65.9,13.542857142857143,64.80714285714285,4.435714285714285,13.4
2022-11-12,Greater Noida,13.4,68.3,7.4,0.0,316,11,-0.7494423368521953,0.6620696215153815,12.2,65.8,13.2,64.85,13.4,63.9,13.799999999999999,65.0642857142857,4.878571428571429,13.0
2022-11-13,Greater Noida,13.0,63.8,6.6,0.0,317,11,-0.7379428103031386,0.6748632518680403,13.4,68.3,12.2,65.8,13.2,64.85,13.585714285714285,65.05,4.878571428571428,13.8
2022-11-14,Greater Noida,13.8,66.0,6.0,0.0,318,11,-0.7262249146041543,0.6874571793269664,13.0,63.8,13.4,68.3,12.2,65.8,13.614285714285716,65.50714285714285,4.921428571428572,11.1
2022-11-15,Greater Noida,11.1,61.3,3.8,0.0,319,11,-0.7142921172691032,0.699847677146407,13.8,66.0,13.0,63.8,13.4,68.3,12.87142857142857,64.85,4.621428571428572,11.1
2022-11-16,Greater Noida,11.1,60.2,5.3,0.0,320,11,-0.7021479494046978,0.7120310787787131,11.1,61.3,13.8,66.0,13.0,63.8,12.542857142857144,64.32142857142857,5.035714285714286,10.9
2022-11-17,Greater Noida,10.9,61.900000000000006,5.25,0.0,321,11,-0.6897960046655887,0.7240037789593305,11.1,60.2,11.1,61.3,13.8,66.0,12.214285714285714,63.9,5.378571428571428,12.5
2022-11-18,Greater Noida,12.5,63.6,5.2,0.0,322,11,-0.6772399381909491,0.7357622347736527,10.9,61.900000000000006,11.1,60.2,11.1,61.3,12.257142857142856,63.58571428571428,5.65,13.4
2022-11-19,Greater Noida,13.4,66.0,4.8,0.0,323,11,-0.6644834655228552,0.7473029667054297,12.5,63.6,10.9,61.900000000000006,11.1,60.2,12.257142857142858,63.25714285714285,5.278571428571429,10.5
2022-11-20,Greater Noida,10.5,63.4,2.1,0.0,324,11,-0.6515303615068021,0.75862255966641,13.4,66.0,12.5,63.6,10.9,61.900000000000006,11.900000000000002,63.2,4.635714285714286,10.5
2022-11-21,Greater Noida,10.5,60.6,6.9,0.0,325,11,-0.6383844591746642,0.769717664006921,10.5,63.4,13.4,66.0,12.5,63.6,11.428571428571429,62.42857142857143,4.764285714285714,11.4
2022-11-22,Greater Noida,11.4,63.1,5.1,0.0,326,11,-0.6250496486104377,0.7805849965070866,10.5,60.6,10.5,63.4,13.4,66.0,11.471428571428572,62.68571428571429,4.95,10.5
2022-11-23,Greater Noida,10.5,68.8,4.5,0.0,327,11,-0.6115298757991053,0.7912213413483807,11.4,63.1,10.5,60.6,10.5,63.4,11.385714285714284,63.91428571428572,4.835714285714286,12.0
2022-11-24,Greater Noida,12.0,65.4,4.4,0.0,328,11,-0.5978291414589552,0.801623551065242,10.5,68.8,11.4,63.1,10.5,60.6,11.542857142857143,64.41428571428571,4.714285714285714,7.4
2022-11-25,Greater Noida,7.4,56.4,5.8,0.0,329,11,-0.5839514998576998,0.8117885474764613,12.0,65.4,10.5,68.8,11.4,63.1,10.814285714285715,63.38571428571429,4.8,9.3
2022-11-26,Greater Noida,9.3,62.4,4.0,0.0,330,11,-0.5699010576127624,0.821713322596059,7.4,56.4,12.0,65.4,10.5,68.8,10.228571428571428,62.871428571428574,4.685714285714285,9.3
2022-11-27,Greater Noida,9.3,70.5,1.9,0.0,331,11,-0.5556819724760489,0.8313949395234058,9.3,62.4,7.4,56.4,12.0,65.4,10.057142857142859,63.885714285714286,4.6571428571428575,7.0
2022-11-28,Greater Noida,7.0,62.5,6.0,0.0,332,11,-0.5412984521036173,0.8408305333122887,9.3,70.5,9.3,62.4,7.4,56.4,9.557142857142859,64.15714285714286,4.5285714285714285,8.8
2022-11-29,Greater Noida,8.8,56.2,6.1,0.0,333,11,-0.5267547528105542,0.8500173118187018,7.0,62.5,9.3,70.5,9.3,62.4,9.185714285714285,63.17142857142858,4.671428571428572,8.8
2022-11-30,Greater Noida,8.8,71.1,5.1,0.0,334,11,-0.5120551783114646,0.8589525565270845,8.8,56.2,7.0,62.5,9.3,70.5,8.942857142857143,63.5,4.757142857142857,9.7
2022-12-01,Greater Noida,9.7,66.3,3.7,0.0,335,12,-0.4972040784469378,0.8676336233547726,8.8,71.1,8.8,56.2,7.0,62.5,8.614285714285714,63.62857142857143,4.6571428571428575,11.5
2022-12-02,Greater Noida,11.5,63.3,5.6,0.0,336,12,-0.4822058478963526,0.8760579434344281,9.7,66.3,8.8,71.1,8.8,56.2,9.200000000000001,64.61428571428571,4.628571428571428,9.5
2022-12-03,Greater Noida,9.5,62.1,3.3,0.0,337,12,-0.46706492487743034,0.8842230238742036,11.5,63.3,9.7,66.3,8.8,71.1,9.22857142857143,64.57142857142857,4.528571428571428,8.3
2022-12-04,Greater Noida,8.3,68.0,4.0,0.0,338,12,-0.451785789832884,0.8921264484954345,9.5,62.1,11.5,63.3,9.7,66.3,9.085714285714285,64.21428571428571,4.828571428571428,9.6
2022-12-05,Greater Noida,9.6,61.5,4.4,0.0,339,12,-0.4363729641045924,0.8997658785476209,8.3,68.0,9.5,62.1,11.5,63.3,9.457142857142857,64.07142857142857,4.6000000000000005,11.1
2022-12-06,Greater Noida,11.1,68.3,6.8,0.0,340,12,-0.42083100859565564,0.9071390534005044,9.6,61.5,8.3,68.0,9.5,62.1,9.785714285714286,65.8,4.7,8.2
2022-12-07,Greater Noida,8.2,66.0,5.0,0.0,341,12,-0.4051645224207563,0.9142437912130223,11.1,68.3,9.6,61.5,8.3,68.0,9.700000000000001,65.07142857142857,4.685714285714285,8.3
2022-12-08,Greater Noida,8.3,64.8,4.9,0.0,342,12,-0.3893781415452015,0.9210779895789526,8.2,66.0,11.1,68.3,9.6,61.5,9.5,64.85714285714286,4.857142857142857,10.3
2022-12-09,Greater Noida,10.3,64.4,8.6,0.0,343,12,-0.37347653741307074,0.9276396261490467,8.3,64.8,8.2,66.0,11.1,68.3,9.328571428571427,65.01428571428572,5.285714285714286,9.1
2022-12-10,Greater Noida,9.1,63.2,6.2,0.0,344,12,-0.3574644155648614,0.9339267592294762,10.3,64.4,8.3,64.8,8.2,66.0,9.27142857142857,65.17142857142856,5.700000000000001,10.3
2022-12-11,Greater Noida,10.3,68.1,6.2,0.0,345,12,-0.34134651424503615,0.9399375283564133,9.1,63.2,10.3,64.4,8.3,64.8,9.557142857142859,65.18571428571428,6.014285714285714,9.4
2022-12-12,Greater Noida,9.4,60.5,5.2,0.0,346,12,-0.3251276029999093,0.9456701548465688,10.3,68.1,9.1,63.2,10.3,64.4,9.528571428571428,65.04285714285714,6.128571428571429,10.3
2022-12-13,Greater Noida,10.3,57.5,4.9,0.0,347,12,-0.30881248126625377,0.9511229423235357,9.4,60.5,10.3,68.1,9.1,63.2,9.414285714285715,63.5,5.857142857142857,7.9
2022-12-14,Greater Noida,7.9,66.4,2.5,0.0,348,12,-0.29240597695107734,0.9562942772197719,10.3,57.5,9.4,60.5,10.3,68.1,9.371428571428572,63.55714285714286,5.5,9.3
2022-12-15,Greater Noida,9.3,66.5,7.3,0.0,349,12,-0.27591294500296043,0.9611826292540837,7.9,66.4,10.3,57.5,9.4,60.5,9.514285714285716,63.800000000000004,5.842857142857143,9.0
2022-12-16,Greater Noida,9.0,65.9,6.6,0.0,350,12,-0.2593382659754056,0.9657865518844574,9.3,66.5,7.9,66.4,10.3,57.5,9.328571428571427,64.01428571428572,5.557142857142857,7.6
2022-12-17,Greater Noida,7.6,65.6,5.7,0.0,351,12,-0.2426868445825954,0.9701046827361175,9.0,65.9,9.3,66.5,7.9,66.4,9.114285714285714,64.35714285714286,5.485714285714286,7.1
2022-12-18,Greater Noida,7.1,62.7,5.8,0.0,352,12,-0.22596360824801906,0.974135744004672,7.6,65.6,9.0,65.9,9.3,66.5,8.657142857142857,63.58571428571429,5.428571428571429,10.2
2022-12-19,Greater Noida,10.2,67.2,7.1,0.0,353,12,-0.20917350564635637,0.9778785428342386,7.1,62.7,7.6,65.6,9.0,65.9,8.771428571428572,64.54285714285714,5.7,8.7
2022-12-20,Greater Noida,8.7,63.8,3.7,0.0,354,12,-0.19232150523909483,0.9813319716704275,10.2,67.2,7.1,62.7,7.6,65.6,8.542857142857143,65.44285714285715,5.528571428571429,7.8
2022-12-21,Greater Noida,7.8,62.1,5.2,0.0,355,12,-0.17541259380427843,0.9844950085880858,8.7,63.8,10.2,67.2,7.1,62.7,8.528571428571428,64.82857142857144,5.914285714285714,9.1
2022-12-22,Greater Noida,9.1,62.7,4.4,0.0,356,12,-0.15845177496083632,0.9873667175937016,7.8,62.1,8.7,63.8,10.2,67.2,8.5,64.28571428571429,5.5,10.8
2022-12-23,Greater Noida,10.8,72.1,8.8,0.0,357,12,-0.14144406768794202,0.9899462489023779,9.1,62.7,7.8,62.1,8.7,63.8,8.757142857142856,65.17142857142856,5.814285714285715,6.1
2022-12-24,Greater Noida,6.1,57.0,7.5,0.0,358,12,-0.12439450483979998,0.9922328391893008,10.8,72.1,9.1,62.7,7.8,62.1,8.542857142857143,63.94285714285714,6.071428571428571,7.2
2022-12-25,Greater Noida,7.2,66.0,2.9,0.0,359,12,-0.10730813165636247,0.9942258118156161,6.1,57.0,10.8,72.1,9.1,62.7,8.557142857142857,64.41428571428571,5.6571428571428575,8.0
2022-12-26,Greater Noida,8.0,57.2,4.0,0.0,360,12,-0.09019000427034513,0.9959245770286599,7.2,66.0,6.1,57.0,10.8,72.1,8.242857142857144,62.98571428571428,5.214285714285714,11.4
2022-12-27,Greater Noida,11.4,63.5,6.1,0.0,361,12,-0.07304518821104743,0.9973286321364752,8.0,57.2,7.2,66.0,6.1,57.0,8.62857142857143,62.94285714285714,5.557142857142857,9.8
2022-12-28,Greater Noida,9.8,62.2,5.7,0.0,362,12,-0.05587875690537313,0.9984375616565666,11.4,63.5,8.0,57.2,7.2,66.0,8.914285714285715,62.95714285714286,5.628571428571429,10.5
2022-12-29,Greater Noida,10.5,55.6,4.4,0.0,363,12,-0.03869579017652689,0.9992510374388481,9.8,62.2,11.4,63.5,8.0,57.2,9.114285714285714,61.94285714285714,5.628571428571428,7.9
2022-12-30,Greater Noida,7.9,65.4,9.4,0.0,364,12,-0.021501372740813793,0.999768818762748,10.5,55.6,9.8,62.2,11.4,63.5,8.700000000000001,60.98571428571428,5.714285714285714,7.9
2022-12-31,Greater Noida,7.9,62.3,7.0,0.0,365,12,-0.004300592702981974,0.9999907524084426,7.9,65.4,10.5,55.6,9.8,62.2,8.957142857142857,61.74285714285714,5.642857142857143,10.2
2023-01-01,Greater Noida,10.2,55.4,7.3,0.0,1,1,0.017201575418260506,0.9998520419557735,7.9,62.3,7.9,65.4,10.5,55.6,9.385714285714286,60.228571428571435,6.271428571428571,9.7
2023-01-02,Greater Noida,9.7,67.1,5.6,0.0,2,1,0.03439806061360801,0.9994082116062598,10.2,55.4,7.9,62.3,7.9,65.4,9.62857142857143,61.642857142857146,6.5,10.5
2023-01-03,Greater Noida,10.5,69.5,7.7,0.0,3,1,0.051584366869408364,0.9986686402879997,9.7,67.1,10.2,55.4,7.9,62.3,9.5,62.5,6.728571428571429,9.5
2023-01-04,Greater Noida,9.5,69.7,6.1,0.0,4,1,0.06875540848113941,0.9976335468520451,10.5,69.5,9.7,67.1,10.2,55.4,9.457142857142857,63.57142857142856,6.785714285714286,10.2
2023-01-05,Greater Noida,10.2,65.1,6.3,0.0,5,1,0.08590610426133272,0.9963032375991965,9.5,69.7,10.5,69.5,9.7,67.1,9.414285714285715,64.92857142857143,7.057142857142857,10.1
2023-01-06,Greater Noida,10.1,63.8,7.7,0.0,6,1,0.10303137904317879,0.9946781061893646,10.2,65.1,9.5,69.7,10.5,69.5,9.728571428571428,64.7,6.814285714285715,11.1
2023-01-07,Greater Noida,11.1,68.9,4.4,0.0,7,1,0.1201261651823505,0.9927586335250793,10.1,63.8,10.2,65.1,9.5,69.7,10.185714285714285,65.64285714285714,6.442857142857143,11.2
2023-01-08,Greater Noida,11.2,70.2,9.3,0.0,8,1,0.13718540405660057,0.9905453876091833,11.1,68.9,10.1,63.8,10.2,65.1,10.328571428571427,67.75714285714285,6.728571428571429,7.9
2023-01-09,Greater Noida,7.9,68.0,7.2,0.0,9,1,0.1542040475626894,0.988039023376751,11.2,70.2,11.1,68.9,10.1,63.8,10.071428571428571,67.88571428571429,6.957142857142857,7.1
2023-01-10,Greater Noida,7.1,59.6,8.9,0.0,10,1,0.17117705961019986,0.985240282501282,7.9,68.0,11.2,70.2,11.1,68.9,9.585714285714285,66.47142857142858,7.128571428571428,11.7
2023-01-11,Greater Noida,11.7,64.2,5.4,0.0,11,1,0.18809941761179758,0.9821499931752291,7.1,59.6,7.9,68.0,11.2,70.2,9.9,65.68571428571428,7.028571428571428,12.1
2023-01-12,Greater Noida,12.1,65.0,5.7,0.0,12,1,0.20496611396949532,0.9787690698649216,11.7,64.2,7.1,59.6,7.9,68.0,10.171428571428573,65.67142857142856,6.942857142857143,9.1
2023-01-13,Greater Noida,9.1,56.0,5.4,0.0,13,1,0.22177215755648186,0.975098513039961,12.1,65.0,11.7,64.2,7.1,59.6,10.028571428571428,64.55714285714285,6.614285714285715,8.0
2023-01-14,Greater Noida,8.0,65.0,7.6,0.0,14,1,0.23851257519407648,0.9711394088771653,9.1,56.0,12.1,65.0,11.7,64.2,9.585714285714285,64.0,7.071428571428571,10.9
2023-01-15,Greater Noida,10.9,72.2,7.3,0.0,15,1,0.2551824131233728,0.9668929289391521,8.0,65.0,9.1,56.0,12.1,65.0,9.542857142857143,64.28571428571429,6.785714285714286,12.2
2023-01-16,Greater Noida,12.2,65.6,6.6,0.0,16,1,0.2717767384711357,0.9623603298276545,10.9,72.2,8.0,65.0,9.1,56.0,10.157142857142857,63.94285714285714,6.7,13.5
2023-01-17,Greater Noida,13.5,68.8,5.8,0.0,17,1,0.2882906407095177,0.9575429528116719,12.2,65.6,10.9,72.2,8.0,65.0,11.071428571428571,65.25714285714285,6.257142857142857,11.8
2023-01-18,Greater Noida,11.8,63.6,5.5,0.0,18,1,0.3047192331091634,0.9524422234305676,13.5,68.8,12.2,65.6,10.9,72.2,11.085714285714285,65.17142857142856,6.271428571428571,10.7
2023-01-19,Greater Noida,10.7,62.5,7.4,0.0,19,1,0.321057654185271,0.9470596510722283,11.8,63.6,13.5,68.8,12.2,65.6,10.885714285714286,64.81428571428572,6.514285714285714,10.1
2023-01-20,Greater Noida,10.1,64.3,6.8,0.0,20,1,0.3373010691361842,0.9413968285264122,10.7,62.5,11.8,63.6,13.5,68.8,11.028571428571427,66.0,6.714285714285714,11.5
2023-01-21,Greater Noida,11.5,59.4,6.5,0.0,21,1,0.3534446712740877,0.9354554315134164,10.1,64.3,10.7,62.5,11.8,63.6,11.528571428571427,65.2,6.557142857142857,11.2
2023-01-22,Greater Noida,11.2,58.7,9.9,0.0,22,1,0.3694836834473831,0.9292372181882051,11.5,59.4,10.1,64.3,10.7,62.5,11.571428571428571,63.27142857142858,6.928571428571429,10.4
2023-01-23,Greater Noida,10.4,67.5,7.5,0.0,23,1,0.38541335945432564,0.9227440286201427,11.2,58.7,11.5,59.4,10.1,64.3,11.314285714285715,63.54285714285714,7.057142857142857,14.8
2023-01-24,Greater Noida,14.8,67.9,9.6,0.0,24,1,0.4012289854475009,0.9159777842484877,10.4,67.5,11.2,58.7,11.5,59.4,11.5,63.41428571428572,7.6000000000000005,14.6
2023-01-25,Greater Noida,14.6,58.3,6.9,0.0,25,1,0.4169258813287287,0.908940487313808,14.8,67.9,10.4,67.5,11.2,58.7,11.9,62.65714285714286,7.8,13.8
2023-01-26,Greater Noida,13.8,66.1,8.2,0.0,26,1,0.4324994021339788,0.901634220265486,14.6,58.3,14.8,67.9,10.4,67.5,12.342857142857143,63.17142857142857,7.914285714285714,11.1
2023-01-27,Greater Noida,11.1,61.8,7.8,0.0,27,1,0.44794493940789115,0.8940611451454876,13.8,66.1,14.6,58.3,14.8,67.9,12.485714285714286,62.81428571428571,8.057142857142857,13.7
2023-01-28,Greater Noida,13.7,63.4,5.4,0.0,28,1,0.4632579225674917,0.88622350294858,11.1,61.8,13.8,66.1,14.6,58.3,12.8,63.385714285714286,7.8999999999999995,13.6
2023-01-29,Greater Noida,13.6,63.8,10.1,0.0,29,1,0.4784338202547012,0.8781236129591848,13.7,63.4,11.1,61.8,13.8,66.1,13.142857142857142,64.11428571428571,7.928571428571429,13.5
2023-01-30,Greater Noida,13.5,65.8,9.649999999999999,0.0,30,1,0.49346814167723735,0.8697638720650646,13.6,63.8,13.7,63.4,11.1,61.8,13.585714285714285,63.87142857142857,8.235714285714286,14.8
2023-01-31,Greater Noida,14.8,62.1,9.2,0.0,31,1,0.5083564379375122,0.8611467540480452,13.5,65.8,13.6,63.8,13.7,63.4,13.585714285714285,63.042857142857144,8.178571428571429,14.1
2023-02-01,Greater Noida,14.1,67.3,7.0,0.0,32,2,0.5230943033491326,0.8522748088519838,14.8,62.1,13.5,65.8,13.6,63.8,13.514285714285716,64.32857142857142,8.192857142857141,14.4
2023-02-02,Greater Noida,14.4,62.7,7.9,0.0,33,2,0.5376773767406141,0.8431506618282,14.1,67.3,14.8,62.1,13.5,65.8,13.599999999999998,63.84285714285715,8.15,14.5
2023-02-03,Greater Noida,14.5,63.9,6.9,0.0,34,2,0.5521013427459208,0.8337770129585915,14.4,62.7,14.1,67.3,14.8,62.1,14.085714285714285,64.14285714285714,8.02142857142857,14.2
2023-02-04,Greater Noida,14.2,58.0,10.1,0.0,35,2,0.5663619330814524,0.8241566360566663,14.5,63.9,14.4,62.7,14.1,67.3,14.157142857142857,63.371428571428574,8.692857142857143,11.5
2023-02-05,Greater Noida,11.5,69.8,8.8,0.0,36,2,0.580454927809098,0.8142923779467267,14.2,58.0,14.5,63.9,14.4,62.7,13.857142857142858,64.22857142857143,8.507142857142856,14.3
2023-02-06,Greater Noida,14.3,62.9,8.9,0.0,37,2,0.5943761565849831,0.804187157621448,11.5,69.8,14.2,58.0,14.5,63.9,13.971428571428572,63.81428571428571,8.4,13.6
2023-02-07,Greater Noida,13.6,63.8,10.4,0.0,38,2,0.6081214998935418,0.7938439653781019,14.3,62.9,11.5,69.8,14.2,58.0,13.8,64.05714285714285,8.571428571428571,12.7
2023-02-08,Greater Noida,12.7,54.4,10.2,0.0,39,2,0.6216868902665479,0.7832658619336791,13.6,63.8,14.3,62.9,11.5,69.8,13.599999999999998,62.214285714285715,9.028571428571428,17.1
2023-02-09,Greater Noida,17.1,57.4,9.7,0.0,40,2,0.6350683134867438,0.7724559775191742,12.7,54.4,13.6,63.8,14.3,62.9,13.985714285714286,61.457142857142856,9.285714285714286,17.3
2023-02-10,Greater Noida,17.3,65.5,6.4,0.0,41,2,0.6482618097757122,0.7614175109532997,17.1,57.4,12.7,54.4,13.6,63.8,14.385714285714286,61.68571428571429,9.214285714285714,17.0
2023-02-11,Greater Noida,17.0,61.6,7.6,0.0,42,2,0.6612634749656386,0.7501537286959042,17.3,65.5,17.1,57.4,12.7,54.4,14.785714285714286,62.2,8.857142857142858,15.7
2023-02-12,Greater Noida,15.7,52.7,7.2,0.0,43,2,0.6740694616546161,0.7386679638813748,17.0,61.6,17.3,65.5,17.1,57.4,15.385714285714286,59.75714285714286,8.628571428571428,17.4
2023-02-13,Greater Noida,17.4,64.4,9.8,0.0,44,2,0.6866759803451553,0.726963615332308,15.7,52.7,17.0,61.6,17.3,65.5,15.828571428571431,59.97142857142858,8.757142857142858,15.8
2023-02-14,Greater Noida,15.8,57.9,9.0,0.0,45,2,0.6990793005655562,0.7150441465537444,17.4,64.4,15.7,52.7,17.0,61.6,16.142857142857142,59.12857142857143,8.557142857142857,16.3
2023-02-15,Greater Noida,16.3,65.6,6.7,0.0,46,2,0.7112757519738152,0.7029130847082615,15.8,57.9,17.4,64.4,15.7,52.7,16.65714285714286,60.728571428571435,8.057142857142859,14.7
2023-02-16,Greater Noida,14.7,59.5,8.6,0.0,47,2,0.7232617254437388,0.6905740195722294,16.3,65.6,15.8,57.9,17.4,64.4,16.314285714285713,61.02857142857143,7.8999999999999995,17.0
2023-02-17,Greater Noida,17.0,60.5,6.7,0.0,48,2,0.7350336741329412,0.6780306024735382,14.7,59.5,16.3,65.6,15.8,57.9,16.271428571428572,60.314285714285724,7.942857142857143,16.7
2023-02-18,Greater Noida,16.7,64.3,8.9,0.0,49,2,0.746588114532413,0.6652865452111116,17.0,60.5,14.7,59.5,16.3,65.6,16.228571428571428,60.699999999999996,8.12857142857143,15.0
2023-02-19,Greater Noida,15.0,55.9,6.5,0.0,50,2,0.7579216274973472,0.6523456189565257,16.7,64.3,17.0,60.5,14.7,59.5,16.12857142857143,61.15714285714286,8.028571428571428,17.0
2023-02-20,Greater Noida,17.0,55.3,9.9,0.0,51,2,0.7690308592589181,0.6392116531380588,15.0,55.9,16.7,64.3,17.0,60.5,16.071428571428573,59.857142857142854,8.042857142857143,17.2
2023-02-21,Greater Noida,17.2,58.4,9.7,0.0,52,2,0.7799125224167177,0.6258885343075018,17.0,55.3,15.0,55.9,16.7,64.3,16.27142857142857,59.92857142857143,8.142857142857142,20.1
2023-02-22,Greater Noida,20.1,62.3,12.0,0.0,53,2,0.7905633969115482,0.612380204990065,17.2,58.4,17.0,55.3,15.0,55.9,16.814285714285713,59.45714285714285,8.9,19.0
2023-02-23,Greater Noida,19.0,53.6,10.5,0.0,54,2,0.8009803309782905,0.5986906625177214,20.1,62.3,17.2,58.4,17.0,55.3,17.428571428571427,58.61428571428571,9.171428571428573,18.0
2023-02-24,Greater Noida,18.0,52.1,8.6,0.0,55,2,0.8111602420785621,0.5848239578463322,19.0,53.6,20.1,62.3,17.2,58.4,17.571428571428573,57.41428571428571,9.442857142857141,18.6
2023-02-25,Greater Noida,18.6,61.9,10.5,0.0,56,2,0.8211001178128892,0.5707841943569036,18.0,52.1,19.0,53.6,20.1,62.3,17.842857142857145,57.07142857142857,9.671428571428569,18.5
2023-02-26,Greater Noida,18.5,56.1,7.2,0.0,57,2,0.8307970168121247,0.5565755266413303,18.6,61.9,18.0,52.1,19.0,53.6,18.342857142857145,57.1,9.77142857142857,18.4
2023-02-27,Greater Noida,18.4,56.8,7.9,0.0,58,2,0.8402480696078469,0.5422021592729844,18.5,56.1,18.6,61.9,18.0,52.1,18.542857142857144,57.314285714285724,9.485714285714284,17.4
2023-02-28,Greater Noida,17.4,50.8,9.9,0.0,59,2,0.8494504794814806,0.527668345562516,18.4,56.8,18.5,56.1,18.6,61.9,18.571428571428573,56.22857142857142,9.514285714285714,19.0
2023-03-01,Greater Noida,19.0,55.3,6.2,0.0,60,3,0.8584015232918917,0.512978386299228,17.4,50.8,18.4,56.8,18.5,56.1,18.414285714285715,55.22857142857142,8.685714285714287,18.4
2023-03-02,Greater Noida,18.4,57.9,9.5,0.0,61,3,0.8670985522812081,0.4981366284784055,19.0,55.3,17.4,50.8,18.4,56.8,18.328571428571426,55.84285714285714,8.542857142857143,17.9
2023-03-03,Greater Noida,17.9,61.5,8.0,0.0,62,3,0.8755389928586302,0.4831474640149687,18.4,57.9,19.0,55.3,17.4,50.8,18.314285714285713,57.185714285714276,8.457142857142857,20.7
2023-03-04,Greater Noida,20.7,54.5,9.8,3.4,63,3,0.8837203473619977,0.4680153284438345,17.9,61.5,18.4,57.9,19.0,55.3,18.614285714285717,56.128571428571426,8.357142857142858,20.7
2023-03-05,Greater Noida,20.7,64.1,8.0,0.0,64,3,0.8916401947968874,0.45274469960737107,20.7,54.5,17.9,61.5,18.4,57.9,18.928571428571427,57.271428571428565,8.471428571428572,17.9
2023-03-06,Greater Noida,17.9,54.6,10.3,0.0,65,3,0.8992961915530253,0.4373400963303323,20.7,64.1,20.7,54.5,17.9,61.5,18.857142857142858,56.95714285714286,8.814285714285715,20.5
2023-03-07,Greater Noida,20.5,54.4,9.8,0.0,66,3,0.9066860720977985,0.4218060770826634,17.9,54.6,20.7,64.1,20.7,54.5,19.3,57.471428571428575,8.8,22.3
2023-03-08,Greater Noida,22.3,63.2,11.9,0.0,67,3,0.9138076496466615,0.40614723863057883,20.5,54.4,17.9,54.6,20.7,64.1,19.771428571428572,58.6,9.614285714285714,22.7
2023-03-09,Greater Noida,22.7,57.7,9.8,0.0,68,3,0.9206588168102428,0.3903682146763026,22.3,63.2,20.5,54.4,17.9,54.6,20.385714285714283,58.57142857142857,9.657142857142857,22.9
2023-03-10,Greater Noida,22.9,54.5,8.7,0.0,69,3,0.9272375462179537,0.374473674486883,22.7,57.7,22.3,63.2,20.5,54.4,21.099999999999998,57.57142857142857,9.757142857142856,21.7
2023-03-11,Greater Noida,21.7,55.9,9.5,0.0,70,3,0.9335418911179212,0.35846832151248087,22.9,54.5,22.7,57.7,22.3,63.2,21.24285714285714,57.77142857142858,9.714285714285714,20.8
2023-03-12,Greater Noida,20.8,61.8,7.9,34.9,71,3,0.9395699859530622,0.342356891994542,21.7,55.9,22.9,54.5,22.7,57.7,21.257142857142856,57.44285714285714,9.700000000000001,12.2
2023-03-13,Greater Noida,12.2,62.1,10.6,0.0,72,3,0.945320046913132,0.3261441535642696,20.8,61.8,21.7,55.9,22.9,54.5,20.442857142857143,58.51428571428571,9.742857142857144,22.9
2023-03-14,Greater Noida,22.9,52.8,10.9,0.0,73,3,0.9507903724625832,0.3098349038318025,12.2,62.1,20.8,61.8,21.7,55.9,20.785714285714285,58.285714285714285,9.9,23.2
2023-03-15,Greater Noida,23.2,55.8,13.8,0.0,74,3,0.9559793438440766,0.2934339689665273,22.9,52.8,12.2,62.1,20.8,61.8,20.91428571428571,57.228571428571435,10.171428571428573,24.8
2023-03-16,Greater Noida,24.8,56.2,9.2,0.0,75,3,0.9608854255574977,0.27694620226893646,23.2,55.8,22.9,52.8,12.2,62.1,21.214285714285715,57.01428571428571,10.085714285714285,24.8
2023-03-17,Greater Noida,24.8,51.7,9.7,0.0,76,3,0.9655071658143364,0.2603764827344581,24.8,56.2,23.2,55.8,22.9,52.8,21.485714285714288,56.614285714285714,10.228571428571428,23.3
2023-03-18,Greater Noida,23.3,55.3,9.3,0.0,77,3,0.969843196967294,0.24372971360968387,24.8,51.7,24.8,56.2,23.2,55.8,21.714285714285715,56.528571428571425,10.200000000000001,22.0
2023-03-19,Greater Noida,22.0,55.4,10.5,0.0,78,3,0.9738922359149924,0.22701082094141847,23.3,55.3,24.8,51.7,24.8,56.2,21.885714285714283,55.61428571428571,10.571428571428571,23.6
2023-03-20,Greater Noida,23.6,59.8,10.8,0.0,79,3,0.9776530844816641,0.2102247521189836,22.0,55.4,23.3,55.3,24.8,51.7,23.514285714285716,55.285714285714285,10.6,24.6
2023-03-21,Greater Noida,24.6,59.9,10.2,0.0,80,3,0.981124629771712,0.19337647441020586,23.6,59.8,22.0,55.4,23.3,55.3,23.75714285714286,56.300000000000004,10.5,24.2
2023-03-22,Greater Noida,24.2,53.6,11.9,0.0,81,3,0.984305844499033,0.17647097349152166,24.6,59.9,23.6,59.8,22.0,55.4,23.900000000000002,55.98571428571428,10.228571428571428,24.0
2023-03-23,Greater Noida,24.0,53.9,9.4,0.0,82,3,0.9871957872910085,0.15951325197263655,24.2,53.6,24.6,59.9,23.6,59.8,23.785714285714285,55.65714285714286,10.257142857142856,25.4
2023-03-24,Greater Noida,25.4,57.3,11.9,0.0,83,3,0.9897936029670716,0.14250832791617088,24.0,53.9,24.2,53.6,24.6,59.9,23.87142857142857,56.457142857142856,10.571428571428571,24.6
2023-03-25,Greater Noida,24.6,52.1,11.2,0.0,84,3,0.992098522791769,0.12546123335273648,25.4,57.3,24.0,53.9,24.2,53.6,24.057142857142857,56.0,10.842857142857143,24.7
2023-03-26,Greater Noida,24.7,56.7,10.4,0.0,85,3,0.9941098647022418,0.10837701279187609,24.6,52.1,25.4,57.3,24.0,53.9,24.442857142857147,56.18571428571429,10.828571428571431,26.2
2023-03-27,Greater Noida,26.2,53.8,10.0,3.0,86,3,0.9958270335100595,0.09126072172931188,24.7,56.7,24.6,52.1,25.4,57.3,24.814285714285713,55.32857142857143,10.714285714285714,25.5
2023-03-28,Greater Noida,25.5,50.2,14.1,0.0,87,3,0.9972495210773451,0.07411742515094437,26.2,53.8,24.7,56.7,24.6,52.1,24.942857142857143,53.942857142857136,11.271428571428572,26.7
2023-03-29,Greater Noida,26.7,50.1,9.3,0.0,88,3,0.998376906467142,0.056952196034039754,25.5,50.2,26.2,53.8,24.7,56.7,25.3,53.44285714285714,10.9,27.0
2023-03-30,Greater Noida,27.0,59.5,11.0,0.0,89,3,0.9992088560679753,0.03977011384605572,26.7,50.1,25.5,50.2,26.2,53.8,25.728571428571428,54.24285714285715,11.12857142857143,25.2
2023-03-31,Greater Noida,25.2,53.0,9.4,0.0,90,3,0.9997451236925734,0.022576263041545485,27.0,59.5,26.7,50.1,25.5,50.2,25.7,53.62857142857143,10.771428571428572,26.4
2023-04-01,Greater Noida,26.4,60.0,13.3,0.0,91,4,0.9999855506507186,0.005375731557583884,25.2,53.0,27.0,59.5,26.7,50.1,25.957142857142856,54.75714285714286,11.071428571428571,29.4
2023-04-02,Greater Noida,29.4,51.3,12.0,0.0,92,4,0.9999300657962057,-0.011826390691832589,26.4,60.0,25.2,53.0,27.0,59.5,26.62857142857143,53.98571428571428,11.299999999999999,26.0
2023-04-03,Greater Noida,26.0,54.4,9.6,0.0,93,4,0.9995786855478958,-0.029025013321975237,29.4,51.3,26.4,60.0,25.2,53.0,26.599999999999998,54.07142857142857,11.242857142857142,24.9
2023-04-04,Greater Noida,24.9,62.6,11.4,0.0,94,4,0.9989315138848577,-0.046215046983708354,26.0,54.4,29.4,51.3,26.4,60.0,26.514285714285712,55.84285714285714,10.857142857142858,25.5
2023-04-05,Greater Noida,25.5,48.7,11.1,0.0,95,4,0.9979887423155984,-0.06339140486951038,24.9,62.6,26.0,54.4,29.4,51.3,26.342857142857145,55.642857142857146,11.114285714285714,28.4
2023-04-06,Greater Noida,28.4,45.2,9.9,0.0,96,4,0.9967506498213929,-0.08054900421874167,25.5,48.7,24.9,62.6,26.0,54.4,26.542857142857144,53.6,10.957142857142857,28.6
2023-04-07,Greater Noida,28.6,57.8,11.9,0.0,97,4,0.9952176027737294,-0.09768276782171598,28.4,45.2,25.5,48.7,24.9,62.6,27.02857142857143,54.285714285714285,11.314285714285715,28.7
2023-04-08,Greater Noida,28.7,49.2,11.3,0.0,98,4,0.9933900548258936,-0.11478762552212701,28.6,57.8,28.4,45.2,25.5,48.7,27.357142857142858,52.74285714285714,11.028571428571428,30.8
2023-04-09,Greater Noida,30.8,52.3,11.1,0.0,99,4,0.9912685467787256,-0.13185851571739118,28.7,49.2,28.6,57.8,28.4,45.2,27.557142857142857,52.885714285714286,10.9,25.6
2023-04-10,Greater Noida,25.6,50.0,10.7,0.0,100,4,0.9888537064205885,-0.1488903868564548,30.8,52.3,28.7,49.2,28.6,57.8,27.5,52.25714285714286,11.057142857142859,30.1
2023-04-11,Greater Noida,30.1,53.3,11.5,0.0,101,4,0.986146248341595,-0.16587819893463143,25.6,50.0,30.8,52.3,28.7,49.2,28.24285714285714,50.92857142857143,11.071428571428571,32.0
2023-04-12,Greater Noida,32.0,48.3,11.2,0.0,102,4,0.9831469737221499,-0.1828169249850199,30.1,53.3,25.6,50.0,30.8,52.3,29.17142857142857,50.87142857142857,11.085714285714287,28.5
2023-04-13,Greater Noida,28.5,51.2,10.9,0.0,103,4,0.9798567700958665,-0.1997015525660636,32.0,48.3,30.1,53.3,25.6,50.0,29.185714285714287,51.728571428571435,11.228571428571428,29.8
2023-04-14,Greater Noida,29.8,53.7,9.9,0.0,104,4,0.9762766110869321,-0.21652708524481437,28.5,51.2,32.0,48.3,30.1,53.3,29.357142857142858,51.142857142857146,10.942857142857141,29.5
2023-04-15,Greater Noida,29.5,47.7,13.4,0.0,105,4,0.9724075561219968,-0.23328854407545518,29.8,53.7,28.5,51.2,32.0,48.3,29.47142857142857,50.92857142857143,11.242857142857144,29.5
2023-04-16,Greater Noida,29.5,48.9,9.3,0.0,106,4,0.9682507501166718,-0.2499809690726521,29.5,47.7,29.8,53.7,28.5,51.2,29.285714285714285,50.442857142857136,10.985714285714286,30.5
2023-04-17,Greater Noida,30.5,50.2,11.6,0.0,107,4,0.9638074231367307,-0.26659942067929354,29.5,48.9,29.5,47.7,29.8,53.7,29.985714285714288,50.471428571428575,11.114285714285714,33.2
2023-04-18,Greater Noida,33.2,45.7,10.4,0.0,108,4,0.9590788900341131,-0.28313898122818354,30.5,50.2,29.5,48.9,29.5,47.7,30.428571428571427,49.385714285714286,10.957142857142857,34.0
2023-04-19,Greater Noida,34.0,49.7,13.6,0.0,109,4,0.9540665500578387,-0.2995947563972602,33.2,45.7,30.5,50.2,29.5,48.9,30.714285714285715,49.58571428571429,11.299999999999999,31.2
2023-04-20,Greater Noida,31.2,51.8,9.6,0.0,110,4,0.9487718864399473,-0.31596187665790293,34.0,49.7,33.2,45.7,30.5,50.2,31.1,49.67142857142857,11.114285714285716,34.6
2023-04-21,Greater Noida,34.6,49.6,9.9,0.0,111,4,0.9431964659565866,-0.33223549871590435,31.2,51.8,34.0,49.7,33.2,45.7,31.785714285714285,49.08571428571429,11.114285714285714,32.2
2023-04-22,Greater Noida,32.2,50.1,9.5,0.0,112,4,0.9373419384643772,-0.3484108069446808,34.6,49.6,31.2,51.8,34.0,49.7,32.17142857142857,49.42857142857143,10.557142857142855,34.8
2023-04-23,Greater Noida,34.8,51.0,11.5,0.0,113,4,0.9312100364121947,-0.3644830148102912,32.2,50.1,34.6,49.6,31.2,51.8,32.92857142857143,49.728571428571435,10.87142857142857,32.4
2023-04-24,Greater Noida,32.4,48.4,8.9,0.0,114,4,0.9248025743285089,-0.38044736628785164,34.8,51.0,32.2,50.1,34.6,49.6,33.2,49.47142857142857,10.485714285714286,33.0
2023-04-25,Greater Noida,33.0,53.7,10.3,0.0,115,4,0.9181214482844365,-0.39629913726891813,32.4,48.4,34.8,51.0,32.2,50.1,33.17142857142857,50.614285714285714,10.471428571428572,33.5
2023-04-26,Greater Noida,33.5,56.6,7.8,0.0,116,4,0.9111686353326631,-0.41203363695942635,33.0,53.7,32.4,48.4,34.8,51.0,33.1,51.6,9.642857142857142,37.6
2023-04-27,Greater Noida,37.6,49.0,11.4,0.0,117,4,0.9039461929224011,-0.42764620926777464,33.5,56.6,33.0,53.7,32.4,48.4,34.01428571428571,51.199999999999996,9.900000000000002,34.6
2023-04-28,Greater Noida,34.6,52.8,10.2,0.0,118,4,0.8964562582905575,-0.44313223418263453,37.6,49.0,33.5,56.6,33.0,53.7,34.01428571428571,51.65714285714285,9.942857142857141,32.6
2023-04-29,Greater Noida,32.6,49.8,8.8,0.0,119,4,0.8887010478292915,-0.45848712914008766,34.6,52.8,37.6,49.0,33.5,56.6,34.07142857142857,51.614285714285714,9.842857142857143,35.2
2023-04-30,Greater Noida,35.2,52.2,12.6,0.0,120,4,0.8806828564301475,-0.47370635037968,32.6,49.8,34.6,52.8,37.6,49.0,34.128571428571426,51.785714285714285,10.0,33.5
2023-05-01,Greater Noida,33.5,57.0,9.0,0.0,121,5,0.8724040568049612,-0.48878539428899265,35.2,52.2,32.6,49.8,34.6,52.8,34.285714285714285,53.01428571428572,10.014285714285714,33.5
2023-05-02,Greater Noida,33.5,52.8,12.2,0.0,122,5,0.8638670987837349,-0.503719798736334,33.5,57.0,35.2,52.2,32.6,49.8,34.357142857142854,52.885714285714286,10.285714285714286,35.7
2023-05-03,Greater Noida,35.7,43.6,9.9,0.0,123,5,0.8550745085896932,-0.518505144391157,33.5,52.8,33.5,57.0,35.2,52.2,34.67142857142857,51.02857142857143,10.585714285714287,34.6
2023-05-04,Greater Noida,34.6,52.5,13.4,0.0,124,5,0.8460288880917339,-0.533137056031809,35.7,43.6,33.5,52.8,33.5,57.0,34.24285714285715,51.52857142857143,10.87142857142857,35.2
2023-05-05,Greater Noida,35.2,55.7,12.1,0.0,125,5,0.8367329140344921,-0.5476112038402312,34.6,52.5,35.7,43.6,33.5,52.8,34.32857142857143,51.94285714285714,11.142857142857142,35.0
2023-05-06,Greater Noida,35.0,49.9,9.5,0.0,126,5,0.8271893372462497,-0.5619233046832195,35.2,55.7,34.6,52.5,35.7,43.6,34.67142857142857,51.957142857142856,11.242857142857144,35.6
2023-05-07,Greater Noida,35.6,54.7,9.6,0.0,127,5,0.8174009818249189,-0.5760691233798758,35.0,49.9,35.2,55.7,34.6,52.5,34.728571428571435,52.31428571428571,10.814285714285715,35.9
2023-05-08,Greater Noida,35.9,48.0,11.9,0.0,128,5,0.8073707443023492,-0.5900444739548627,35.6,54.7,35.0,49.9,35.2,55.7,35.07142857142857,51.028571428571425,11.22857142857143,32.8
2023-05-09,Greater Noida,32.8,44.9,10.6,0.0,129,5,0.7971015927871943,-0.6038452208771035,35.9,48.0,35.6,54.7,35.0,49.9,34.971428571428575,49.9,11.0,36.6
2023-05-10,Greater Noida,36.6,51.5,10.7,0.0,130,5,0.7865965660866021,-0.6174672802835514,32.8,44.9,35.9,48.0,35.6,54.7,35.1,51.02857142857143,11.114285714285714,34.4
2023-05-11,Greater Noida,34.4,43.9,12.9,0.0,131,5,0.7758587728069828,-0.6309066211876704,36.6,51.5,32.8,44.9,35.9,48.0,35.07142857142857,49.800000000000004,11.042857142857144,34.0
2023-05-12,Greater Noida,34.0,50.1,9.8,0.0,132,5,0.7648913904341226,-0.6441592666722685,34.4,43.9,36.6,51.5,32.8,44.9,34.9,49.0,10.714285714285714,36.1
2023-05-13,Greater Noida,36.1,56.2,11.1,0.0,133,5,0.753697664392914,-0.6572212950663319,34.0,50.1,34.4,43.9,36.6,51.5,35.05714285714286,49.9,10.942857142857141,36.4
2023-05-14,Greater Noida,36.4,43.5,12.4,0.0,134,5,0.742280907086982,-0.6700888411055113,36.1,56.2,34.0,50.1,34.4,43.9,35.17142857142857,48.300000000000004,11.342857142857143,35.5
2023-05-15,Greater Noida,35.5,46.1,12.1,14.4,135,5,0.7306444969184916,-0.6827580970759147,36.4,43.5,36.1,56.2,34.0,50.1,35.114285714285714,48.02857142857143,11.37142857142857,34.8
2023-05-16,Greater Noida,34.8,47.2,10.7,14.4,136,5,0.7187918772884232,-0.6952253139408722,35.5,46.1,36.4,43.5,36.1,56.2,35.4,48.357142857142854,11.385714285714286,31.9
2023-05-17,Greater Noida,31.9,51.2,10.5,0.0,137,5,0.7067265555776158,-0.7074868024503348,34.8,47.2,35.5,46.1,36.4,43.5,34.72857142857143,48.31428571428571,11.357142857142858,36.3
2023-05-18,Greater Noida,36.3,50.1,8.3,0.0,138,5,0.6944521021088763,-0.719538934232584,31.9,51.2,34.8,47.2,35.5,46.1,35.0,49.2,10.7,36.2
2023-05-19,Greater Noida,36.2,57.3,9.3,0.0,139,5,0.6819721490904629,-0.7313781428679254,36.3,50.1,31.9,51.2,34.8,47.2,35.31428571428571,50.228571428571435,10.628571428571428,37.1
2023-05-20,Greater Noida,37.1,55.7,11.3,0.0,140,5,0.6692903895412567,-0.7430009249440493,36.2,57.3,36.3,50.1,31.9,51.2,35.457142857142856,50.15714285714286,10.657142857142858,37.7
2023-05-21,Greater Noida,37.7,54.0,10.6,0.0,141,5,0.6564105761979381,-0.7544038410927472,37.1,55.7,36.2,57.3,36.3,50.1,35.642857142857146,51.65714285714286,10.4,36.0
2023-05-22,Greater Noida,36.0,52.8,10.9,0.0,142,5,0.6433365204044917,-0.765583517007675,37.7,54.0,37.1,55.7,36.2,57.3,35.714285714285715,52.61428571428571,10.22857142857143,38.6
2023-05-23,Greater Noida,38.6,53.9,12.4,0.0,143,5,0.6300720909843687,-0.7765366444428655,36.0,52.8,37.7,54.0,37.1,55.7,36.25714285714286,53.57142857142857,10.471428571428572,37.7
2023-05-24,Greater Noida,37.7,49.1,9.0,0.0,144,5,0.6166212130956382,-0.7872599821916922,38.6,53.9,36.0,52.8,37.7,54.0,37.08571428571429,53.271428571428565,10.257142857142856,35.1
2023-05-25,Greater Noida,35.1,56.2,10.4,0.0,145,5,0.6029878670694714,-0.7977503570459932,37.7,49.1,38.6,53.9,36.0,52.8,36.91428571428571,54.142857142857146,10.557142857142859,35.1
2023-05-26,Greater Noida,35.1,48.5,11.0,0.0,146,5,0.5891760872322963,-0.8080046647350754,35.1,56.2,37.7,49.1,38.6,53.9,36.75714285714286,52.88571428571429,10.8,38.0
2023-05-27,Greater Noida,38.0,56.5,9.7,19.5,147,5,0.5751899607119775,-0.8180198708443175,35.1,48.5,35.1,56.2,37.7,49.1,36.88571428571429,53.0,10.571428571428571,29.3
2023-05-28,Greater Noida,29.3,58.1,12.8,0.0,148,5,0.5610336262283677,-0.8277930117131022,38.0,56.5,35.1,48.5,35.1,56.2,35.68571428571429,53.58571428571428,10.885714285714286,38.1
2023-05-29,Greater Noida,38.1,54.4,12.0,13.9,149,5,0.5467112728685939,-0.8373211953118121,29.3,58.1,38.0,56.5,35.1,48.5,35.98571428571429,53.81428571428571,11.042857142857143,35.3
2023-05-30,Greater Noida,35.3,53.1,11.1,0.0,150,5,0.5322271388474397,-0.8466016020976267,38.1,54.4,29.3,58.1,38.0,56.5,35.51428571428572,53.699999999999996,10.857142857142858,38.7
2023-05-31,Greater Noida,38.7,55.7,13.3,22.9,151,5,0.5175855102531889,-0.8556314858488706,35.3,53.1,38.1,54.4,29.3,58.1,35.65714285714286,54.642857142857146,11.471428571428573,31.3
2023-06-01,Greater Noida,31.3,42.9,8.3,0.0,152,6,0.5027907197793043,-0.8644081744776648,38.7,55.7,35.3,53.1,38.1,54.4,35.114285714285714,52.74285714285714,11.171428571428573,37.0
2023-06-02,Greater Noida,37.0,55.8,10.6,0.0,153,6,0.4878471454423119,-0.8729290708206411,31.3,42.9,38.7,55.7,35.3,53.1,35.385714285714286,53.785714285714285,11.114285714285714,37.0
2023-06-03,Greater Noida,37.0,54.4,11.1,20.0,154,6,0.47275920928627757,-0.881191653407483,37.0,55.8,31.3,42.9,38.7,55.7,35.24285714285714,53.48571428571428,11.314285714285713,28.7
2023-06-04,Greater Noida,28.7,54.9,9.1,0.0,155,6,0.4575313760742512,-0.8891934772070711,37.0,54.4,37.0,55.8,31.3,42.9,35.15714285714286,53.02857142857143,10.785714285714286,39.2
2023-06-05,Greater Noida,39.2,58.2,10.9,14.4,156,6,0.44216815196707204,-0.8969321743510065,28.7,54.9,37.0,54.4,37.0,55.8,35.31428571428571,53.57142857142857,10.62857142857143,37.6
2023-06-06,Greater Noida,37.6,55.4,8.8,0.0,157,6,0.42667408318992467,-0.9044054548343001,39.2,58.2,28.7,54.9,37.0,54.4,35.642857142857146,53.9,10.3,38.3
2023-06-07,Greater Noida,38.3,51.4,11.5,0.0,158,6,0.4110537546870351,-0.9116111071930239,37.6,55.4,39.2,58.2,28.7,54.9,35.58571428571428,53.285714285714285,10.042857142857143,35.5
2023-06-08,Greater Noida,35.5,55.7,12.0,0.0,159,6,0.3953117887649151,-0.9185469991587165,38.3,51.4,37.6,55.4,39.2,58.2,36.18571428571428,55.114285714285714,10.571428571428571,36.6
2023-06-09,Greater Noida,36.6,56.8,10.8,0.0,160,6,0.37945284372454435,-0.925211078289358,35.5,55.7,38.3,51.4,37.6,55.4,36.12857142857143,55.25714285714285,10.6,37.9
2023-06-10,Greater Noida,37.9,57.4,7.5,0.0,161,6,0.36348161248290634,-0.9316013725767187,36.6,56.8,35.5,55.7,38.3,51.4,36.25714285714286,55.68571428571429,10.085714285714285,38.3
2023-06-11,Greater Noida,38.3,57.9,8.8,46.1,162,6,0.3474028211842774,-0.9377159910299093,37.9,57.4,36.6,56.8,35.5,55.7,37.628571428571426,56.11428571428571,10.042857142857143,30.1
2023-06-12,Greater Noida,30.1,61.7,11.1,0.0,163,6,0.3312212278016865,-0.9435531242349544,38.3,57.9,37.9,57.4,36.6,56.8,36.32857142857143,56.61428571428571,10.071428571428571,39.2
2023-06-13,Greater Noida,39.2,53.5,10.3,0.0,164,6,0.31494162072895193,-0.9491110448902284,30.1,61.7,38.3,57.9,37.9,57.4,36.55714285714286,56.34285714285714,10.285714285714286,38.8
2023-06-14,Greater Noida,38.8,58.9,6.2,0.0,165,6,0.2985688173637202,-0.9543881083175908,39.2,53.5,30.1,61.7,38.3,57.9,36.628571428571426,57.41428571428572,9.528571428571428,40.7
2023-06-15,Greater Noida,40.7,63.7,12.0,7.6,166,6,0.2821076626819194,-0.9593827529490743,38.8,58.9,39.2,53.5,30.1,61.7,37.371428571428574,58.55714285714286,9.528571428571428,35.3
2023-06-16,Greater Noida,35.3,51.9,10.3,0.0,167,6,0.26556302780405594,-0.9640935007889755,40.7,63.7,38.8,58.9,39.2,53.5,37.185714285714276,57.857142857142854,9.457142857142857,38.1
2023-06-17,Greater Noida,38.1,59.9,8.9,2.5,168,6,0.24893980855376657,-0.9685189578512204,35.3,51.9,40.7,63.7,38.8,58.9,37.214285714285715,58.214285714285715,9.657142857142858,40.0
2023-06-18,Greater Noida,40.0,57.2,11.5,0.0,169,6,0.23224292400907015,-0.9726578145718654,38.1,59.9,35.3,51.9,40.7,63.7,37.457142857142856,58.114285714285714,10.042857142857144,37.1
2023-06-19,Greater Noida,37.1,58.4,9.0,0.0,170,6,0.21547731504673012,-0.976508846196619,40.0,57.2,38.1,59.9,35.3,51.9,38.457142857142856,57.642857142857146,9.742857142857144,39.8
2023-06-20,Greater Noida,39.8,56.6,8.9,0.0,171,6,0.19864794288017112,-0.9800709131432666,37.1,58.4,40.0,57.2,38.1,59.9,38.542857142857144,58.08571428571429,9.542857142857143,39.4
2023-06-21,Greater Noida,39.4,59.8,10.5,5.0,172,6,0.18175978759137534,-0.9833429613388902,39.8,56.6,37.1,58.4,40.0,57.2,38.628571428571426,58.214285714285715,10.157142857142858,36.1
2023-06-22,Greater Noida,36.1,68.2,12.6,8.9,173,6,0.16481784665719793,-0.9863240225317866,39.4,59.8,39.8,56.6,37.1,58.4,37.971428571428575,58.857142857142854,10.242857142857144,38.5
2023-06-23,Greater Noida,38.5,56.1,12.3,0.0,174,6,0.14782713347053048,-0.9890132145779883,36.1,68.2,39.4,59.8,39.8,56.6,38.42857142857143,59.45714285714286,10.528571428571428,38.4
2023-06-24,Greater Noida,38.4,56.8,10.3,10.6,175,6,0.13079267585675922,-0.9914097417023038,38.5,56.1,36.1,68.2,39.4,59.8,38.471428571428575,59.01428571428571,10.728571428571428,39.1
2023-06-25,Greater Noida,39.1,56.6,10.5,0.0,176,6,0.11371951458594969,-0.9935128947338007,38.4,56.8,38.5,56.1,36.1,68.2,38.34285714285714,58.92857142857143,10.585714285714287,38.9
2023-06-26,Greater Noida,38.9,69.1,10.9,0.0,177,6,0.0966127018812031,-0.9953220513156602,39.1,56.6,38.4,56.8,38.5,56.1,38.6,60.45714285714286,10.857142857142858,37.4
2023-06-27,Greater Noida,37.4,60.6,7.8,0.0,178,6,0.07947729992362097,-0.9968366760893436,38.9,69.1,39.1,56.6,38.4,56.8,38.25714285714286,61.028571428571425,10.7,39.3
2023-06-28,Greater Noida,39.3,62.7,10.6,4.3,179,6,0.062318379354325076,-0.998056320853012,37.4,60.6,38.9,69.1,39.1,56.6,38.24285714285714,61.442857142857136,10.714285714285714,37.6
2023-06-29,Greater Noida,37.6,61.5,8.5,27.8,180,6,0.04514101777397193,-0.9989806246941579,39.3,62.7,37.4,60.6,38.9,69.1,38.457142857142856,60.48571428571428,10.12857142857143,29.5
2023-06-30,Greater Noida,29.5,59.6,10.0,0.0,181,6,0.02795029824021032,-0.999609314096404,37.6,61.5,39.3,62.7,37.4,60.6,37.17142857142857,60.98571428571428,9.799999999999999,39.6
2023-07-01,Greater Noida,39.6,62.7,9.2,10.8,182,7,0.01075130776352193,-0.9999422030204416,29.5,59.6,37.6,61.5,39.3,62.7,37.34285714285714,61.82857142857143,9.642857142857142,36.8
2023-07-02,Greater Noida,36.8,73.8,10.2,9.2,183,7,-0.00645086419810515,-0.9999791929590823,39.6,62.7,29.5,59.6,37.6,61.5,37.01428571428572,64.28571428571429,9.6,35.1
2023-07-03,Greater Noida,35.1,69.8,9.6,34.7,184,7,-0.023651127245231586,-0.9997202729664083,36.8,73.8,39.6,62.7,29.5,59.6,36.47142857142857,64.38571428571429,9.414285714285713,31.8
2023-07-04,Greater Noida,31.8,68.55,4.8,6.9,185,7,-0.04084439154329611,-0.9991655196610109,35.1,69.8,36.8,73.8,39.6,62.7,35.67142857142857,65.52142857142857,8.985714285714286,37.4
2023-07-05,Greater Noida,37.4,67.3,9.6,0.0,186,7,-0.05802556932878035,-0.9983150972033183,31.8,68.55,35.1,69.8,36.8,73.8,35.4,66.17857142857143,8.842857142857142,40.8
2023-07-06,Greater Noida,40.8,61.7,10.2,19.4,187,7,-0.07518957641475855,-0.9971692572470178,37.4,67.3,31.8,68.55,35.1,69.8,35.857142857142854,66.20714285714287,9.085714285714285,30.9
2023-07-07,Greater Noida,30.9,58.1,9.9,15.2,188,7,-0.09233133369539122,-0.9957283388645872,40.8,61.7,37.4,67.3,31.8,68.55,36.05714285714286,65.99285714285715,9.071428571428571,32.0
2023-07-08,Greater Noida,32.0,69.5,9.0,19.8,189,7,-0.10944576864891556,-0.993992768446958,30.9,58.1,40.8,61.7,37.4,67.3,34.971428571428575,66.96428571428571,9.042857142857143,27.4
2023-07-09,Greater Noida,27.4,70.3,11.6,18.9,190,7,-0.12652781683868314,-0.9919630595773397,32.0,69.5,30.9,58.1,40.8,61.7,33.628571428571426,66.46428571428571,9.242857142857142,29.5
2023-07-10,Greater Noida,29.5,70.0,9.6,25.5,191,7,-0.1435724234118113,-0.9896398128792412,27.4,70.3,32.0,69.5,30.9,58.1,32.82857142857143,66.49285714285715,9.242857142857144,28.6
2023-07-11,Greater Noida,28.6,64.2,9.7,0.0,192,7,-0.16057454459499376,-0.9870237158387383,29.5,70.0,27.4,70.3,32.0,69.5,32.371428571428574,65.87142857142857,9.942857142857141,38.4
2023-07-12,Greater Noida,38.4,65.6,10.6,0.0,193,7,-0.17752914918703497,-0.984115542601034,28.6,64.2,29.5,70.0,27.4,70.3,32.51428571428571,65.62857142857142,10.085714285714285,37.4
2023-07-13,Greater Noida,37.4,69.4,9.5,6.5,194,7,-0.19443122004766195,-0.9809161537413774,38.4,65.6,28.6,64.2,29.5,70.0,32.028571428571425,66.72857142857143,9.985714285714286,34.8
2023-07-14,Greater Noida,34.8,68.1,7.5,1.6,195,7,-0.2112757555821793,-0.9774264960104055,37.4,69.4,38.4,65.6,28.6,64.2,32.58571428571428,68.15714285714286,9.642857142857142,40.6
2023-07-15,Greater Noida,40.6,65.1,5.2,18.8,196,7,-0.2280577712215198,-0.9736476020539838,34.8,68.1,37.4,69.4,38.4,65.6,33.81428571428571,67.52857142857142,9.1,29.1
2023-07-16,Greater Noida,29.1,60.3,8.1,18.0,197,7,-0.24477230089725957,-0.9695805901076308,40.6,65.1,34.8,68.1,37.4,69.4,34.05714285714286,66.1,8.6,29.8
2023-07-17,Greater Noida,29.8,67.4,9.9,0.0,198,7,-0.2614143985111562,-0.965226663665613,29.1,60.3,40.6,65.1,34.8,68.1,34.1,65.72857142857143,8.642857142857142,37.3
2023-07-18,Greater Noida,37.3,71.3,8.2,25.8,199,7,-0.2779791393987801,-0.9605871111248129,29.8,67.4,29.1,60.3,40.6,65.1,35.34285714285714,66.74285714285715,8.428571428571429,29.1
2023-07-19,Greater Noida,29.1,62.3,9.8,0.0,200,7,-0.2944616217868012,-0.9556633054034704,37.3,71.3,29.8,67.4,29.1,60.3,34.01428571428572,66.27142857142857,8.314285714285715,37.4
2023-07-20,Greater Noida,37.4,69.7,8.8,0.0,201,7,-0.3108569682435036,-0.9504567035349151,29.1,62.3,37.3,71.3,29.8,67.4,34.01428571428572,66.31428571428572,8.214285714285714,37.9
2023-07-21,Greater Noida,37.9,68.5,10.5,11.6,202,7,-0.3271603271220951,-0.9449688462364056,37.4,69.7,29.1,62.3,37.3,71.3,34.457142857142856,66.37142857142858,8.642857142857142,35.8
2023-07-22,Greater Noida,35.8,70.2,8.1,0.0,203,7,-0.34336687399638804,-0.939201357453208,37.9,68.5,37.4,69.7,29.1,62.3,33.77142857142857,67.1,9.057142857142857,39.3
2023-07-23,Greater Noida,39.3,70.7,9.1,1.9,204,7,-0.3594718130884232,-0.9331559438780432,35.8,70.2,37.9,68.5,37.4,69.7,35.22857142857143,68.58571428571429,9.2,37.3
2023-07-24,Greater Noida,37.3,64.5,9.2,26.0,205,7,-0.3754703786876202,-0.9268343944460494,39.3,70.7,35.8,70.2,37.9,68.5,36.3,68.17142857142858,9.1,29.0
2023-07-25,Greater Noida,29.0,60.8,10.6,0.0,206,7,-0.3913578365610259,-0.9202385798054075,37.3,64.5,39.3,70.7,35.8,70.2,35.114285714285714,66.67142857142856,9.442857142857141,35.0
2023-07-26,Greater Noida,35.0,65.1,5.7,20.5,207,7,-0.4071294853542516,-0.9133704517637858,29.0,60.8,37.3,64.5,39.3,70.7,35.957142857142856,67.07142857142857,8.857142857142858,27.8
2023-07-27,Greater Noida,27.8,70.8,7.6,0.0,208,7,-0.4227806579826773,-0.9062320427107697,35.0,65.1,29.0,60.8,37.3,64.5,34.58571428571428,67.22857142857143,8.685714285714285,37.6
2023-07-28,Greater Noida,37.6,65.0,9.5,0.0,209,7,-0.4383067230125192,-0.898825465016444,27.8,70.8,35.0,65.1,29.0,60.8,34.542857142857144,66.72857142857143,8.542857142857143,37.3
2023-07-29,Greater Noida,37.3,64.3,10.5,11.6,210,7,-0.45370308603134424,-0.8911529104063088,37.6,65.0,27.8,70.8,35.0,65.1,34.75714285714285,65.88571428571429,8.885714285714286,33.2
2023-07-30,Greater Noida,33.2,59.8,8.4,0.0,211,7,-0.46896519100763184,-0.8832166493127127,37.3,64.3,37.6,65.0,27.8,70.8,33.885714285714286,64.32857142857144,8.785714285714286,37.0
2023-07-31,Greater Noida,37.0,74.0,7.6,15.5,212,7,-0.48408852163897587,-0.8750190302029955,33.2,59.8,37.3,64.3,37.6,65.0,33.84285714285714,65.68571428571428,8.557142857142859,27.8
2023-08-01,Greater Noida,27.8,70.2,9.1,0.0,213,8,-0.4990686026885319,-0.8665624788845385,37.0,74.0,33.2,59.8,37.3,64.3,33.67142857142857,67.02857142857142,8.342857142857143,37.1
2023-08-02,Greater Noida,37.1,69.9,9.2,31.4,214,8,-0.5139010013093103,-0.8578494977869301,27.8,70.2,37.0,74.0,33.2,59.8,33.971428571428575,67.71428571428571,8.842857142857143,27.2
2023-08-03,Greater Noida,27.2,70.5,7.3,10.5,215,8,-0.5285813283559292,-0.8488826652214553,37.1,69.9,27.8,70.2,37.0,74.0,33.885714285714286,67.67142857142858,8.8,31.6
2023-08-04,Greater Noida,31.6,68.9,8.3,18.8,216,8,-0.5431052396834317,-0.8396646346181327,27.2,70.5,37.1,69.9,27.8,70.2,33.02857142857143,68.22857142857143,8.628571428571428,26.9
2023-08-05,Greater Noida,26.9,65.4,9.5,0.0,217,8,-0.5574684374327892,-0.8301981337405212,31.6,68.9,27.2,70.5,37.1,69.9,31.542857142857144,68.38571428571429,8.485714285714284,30.6
2023-08-06,Greater Noida,30.6,65.6,10.6,25.3,218,8,-0.5716666713027052,-0.8204859638785327,26.9,65.4,31.6,68.9,27.2,70.5,31.171428571428574,69.21428571428571,8.799999999999999,26.6
2023-08-07,Greater Noida,26.6,64.4,8.8,0.0,219,8,-0.5856957398073508,-0.8105309990194823,30.6,65.6,26.9,65.4,31.6,68.9,29.685714285714283,67.84285714285714,8.971428571428572,29.2
2023-08-08,Greater Noida,29.2,76.5,7.7,8.7,220,8,-0.5995514915196489,-0.8003361849976323,26.6,64.4,30.6,65.6,26.9,65.4,29.88571428571429,68.74285714285715,8.77142857142857,28.7
2023-08-09,Greater Noida,28.7,68.0,7.5,15.9,221,8,-0.6132298262997502,-0.7899045386224707,29.2,76.5,26.6,64.4,30.6,65.6,28.685714285714287,68.47142857142858,8.528571428571428,26.1
2023-08-10,Greater Noida,26.1,63.8,8.4,29.8,222,8,-0.6267266965083301,-0.7792391467859886,28.7,68.0,29.2,76.5,26.6,64.4,28.52857142857143,67.51428571428572,8.685714285714285,24.75
2023-08-11,Greater Noida,24.75,67.3,7.3,26.7,223,8,-0.6400381082043503,-0.7683431655492202,26.1,63.8,28.7,68.0,29.2,76.5,27.55,67.28571428571429,8.542857142857143,23.4
2023-08-12,Greater Noida,23.4,61.2,7.7,0.0,224,8,-0.65316012232693,-0.7572198192083127,24.75,67.3,26.1,63.8,28.7,68.0,27.05,66.68571428571428,8.285714285714286,32.4
2023-08-13,Greater Noida,32.4,71.1,5.8,37.0,225,8,-0.666088855860977,-0.7458723993404063,23.4,61.2,24.75,67.3,26.1,63.8,27.307142857142857,67.47142857142858,7.6000000000000005,26.6
2023-08-14,Greater Noida,26.6,62.2,9.3,0.0,226,8,-0.6788204829862355,-0.734304263829602,32.4,71.1,23.4,61.2,24.75,67.3,27.307142857142857,67.15714285714286,7.671428571428572,32.3
2023-08-15,Greater Noida,32.3,65.45,5.6,0.0,227,8,-0.6913512362094071,-0.722518835873311,26.6,62.2,32.4,71.1,23.4,61.2,27.75,65.57857142857142,7.371428571428572,35.9
2023-08-16,Greater Noida,35.9,68.7,6.6,0.0,228,8,-0.7036774074790128,-0.7105196029692745,32.3,65.45,26.6,62.2,32.4,71.1,28.77857142857143,65.67857142857143,7.242857142857143,32.5
2023-08-17,Greater Noida,32.5,65.8,7.3,0.0,229,8,-0.7157953492826642,-0.6983101158835584,35.9,68.7,32.3,65.45,26.6,62.2,29.692857142857147,65.96428571428571,7.0857142857142845,32.9
2023-08-18,Greater Noida,32.9,64.4,10.1,0.0,230,8,-0.7277014757264236,-0.6858939875998223,32.5,65.8,35.9,68.7,32.3,65.45,30.857142857142858,65.55,7.485714285714286,34.3
2023-08-19,Greater Noida,34.3,63.9,6.4,0.0,231,8,-0.7393922635959241,-0.673274892250183,32.9,64.4,32.5,65.8,35.9,68.7,32.41428571428572,65.93571428571428,7.3,32.0
2023-08-20,Greater Noida,32.0,63.4,6.0,0.0,232,8,-0.7508642533989489,-0.6604565640279754,34.3,63.9,32.9,64.4,32.5,65.8,32.357142857142854,64.83571428571429,7.328571428571428,30.2
2023-08-21,Greater Noida,30.2,61.1,6.1,0.0,233,8,-0.7621140503891487,-0.6474427960827475,32.0,63.4,34.3,63.9,32.9,64.4,32.871428571428574,64.67857142857143,6.871428571428572,31.3
2023-08-22,Greater Noida,31.3,61.4,9.4,0.0,234,8,-0.7731383255706026,-0.6342374393978054,30.2,61.1,32.0,63.4,34.3,63.9,32.72857142857143,64.1,7.414285714285714,31.1
2023-08-23,Greater Noida,31.1,68.9,2.7,0.0,235,8,-0.7839338166829201,-0.620844401650647,31.3,61.4,30.2,61.1,32.0,63.4,32.04285714285714,64.12857142857142,6.857142857142857,29.0
2023-08-24,Greater Noida,29.0,62.4,5.3,0.0,236,8,-0.7944973291665992,-0.6072676460566135,31.1,68.9,31.3,61.4,30.2,61.1,31.542857142857144,63.64285714285715,6.571428571428571,30.4
2023-08-25,Greater Noida,30.4,59.5,10.9,0.0,237,8,-0.8048257371083452,-0.593511190196115,29.0,62.4,31.1,68.9,31.3,61.4,31.185714285714287,62.94285714285714,6.685714285714285,29.4
2023-08-26,Greater Noida,29.4,60.3,7.6,0.0,238,8,-0.8149159841660791,-0.5795791048257612,30.4,59.5,29.0,62.4,31.1,68.9,30.485714285714284,62.42857142857143,6.857142857142857,31.5
2023-08-27,Greater Noida,31.5,66.6,5.0,0.0,239,8,-0.8247650844733614,-0.5654755126737576,29.4,60.3,30.4,59.5,29.0,62.4,30.41428571428571,62.885714285714286,6.714285714285714,30.1
2023-08-28,Greater Noida,30.1,64.7,6.6,0.0,240,8,-0.8343701235229537,-0.5512045872199277,31.5,66.6,29.4,60.3,30.4,59.5,30.400000000000002,63.4,6.785714285714286,29.4
2023-08-29,Greater Noida,29.4,64.0,6.7,0.0,241,8,-0.8437282590292712,-0.5367705514607103,30.1,64.7,31.5,66.6,29.4,60.3,30.128571428571426,63.771428571428565,6.4,29.4
2023-08-30,Greater Noida,29.4,60.6,7.8,0.0,242,8,-0.8528367217694595,-0.522177676659508,29.4,64.0,30.1,64.7,31.5,66.6,29.885714285714283,62.58571428571429,7.128571428571428,29.6
2023-08-31,Greater Noida,29.6,63.7,9.3,0.0,243,8,-0.8616928164028521,-0.5074302810827518,29.4,60.6,29.4,64.0,30.1,64.7,29.97142857142857,62.771428571428565,7.700000000000001,29.9
2023-09-01,Greater Noida,29.9,58.7,7.0,13.0,244,9,-0.8702939222685674,-0.49253272872205434,29.6,63.7,29.4,60.6,29.4,64.0,29.9,62.65714285714285,7.142857142857143,24.4
2023-09-02,Greater Noida,24.4,60.0,5.6,0.0,245,9,-0.8786374941610001,-0.4774894280028391,29.9,58.7,29.6,63.7,29.4,60.6,29.185714285714283,62.614285714285714,6.857142857142857,27.1
2023-09-03,Greater Noida,27.1,64.8,7.6,6.9,246,9,-0.886721063082993,-0.46230483047981086,24.4,60.0,29.9,58.7,29.6,63.7,28.557142857142857,62.357142857142854,7.228571428571429,26.9
2023-09-04,Greater Noida,26.9,64.2,5.3,6.5,247,9,-0.8945422369764496,-0.4469834295196741,27.1,64.8,24.4,60.0,29.9,58.7,28.099999999999998,62.285714285714285,7.042857142857143,24.5
2023-09-05,Greater Noida,24.5,56.6,4.7,0.0,248,9,-0.9020987014301837,-0.43152975897147144,26.9,64.2,27.1,64.8,24.4,60.0,27.400000000000002,61.228571428571435,6.757142857142857,25.8
2023-09-06,Greater Noida,25.8,57.0,3.6,0.0,249,9,-0.9093882203647925,-0.4159483918249421,24.5,56.6,26.9,64.2,27.1,64.8,26.88571428571429,60.714285714285715,6.1571428571428575,28.2
2023-09-07,Greater Noida,28.2,60.7,3.9,0.0,250,9,-0.9164086366943458,-0.4002439388573056,25.8,57.0,24.5,56.6,26.9,64.2,26.685714285714287,60.285714285714285,5.385714285714285,28.0
2023-09-08,Greater Noida,28.0,67.0,4.8,22.2,251,9,-0.9231578729647039,-0.38442104726885545,28.2,60.7,25.8,57.0,24.5,56.6,26.414285714285715,61.471428571428575,5.071428571428571,16.4
2023-09-09,Greater Noida,16.4,52.3,4.4,0.0,252,9,-0.9296339319682695,-0.3684843993077793,28.0,67.0,28.2,60.7,25.8,57.0,25.271428571428572,60.371428571428574,4.8999999999999995,27.1
2023-09-10,Greater Noida,27.1,61.0,6.5,0.0,253,9,-0.9358348973349941,-0.35243871088460327,16.4,52.3,28.0,67.0,28.2,60.7,25.271428571428572,59.82857142857143,4.742857142857143,27.6
2023-09-11,Greater Noida,27.6,54.2,4.2,0.0,254,9,-0.9417589340994617,-0.33628873017668287,27.1,61.0,16.4,52.3,28.0,67.0,25.37142857142857,58.4,4.585714285714286,26.8
2023-09-12,Greater Noida,26.8,57.1,1.3,0.0,255,9,-0.9474042892438845,-0.32003923622313857,27.6,54.2,27.1,61.0,16.4,52.3,25.7,58.471428571428575,4.1,26.9
2023-09-13,Greater Noida,26.9,58.1,4.4,0.0,256,9,-0.9527692922168511,-0.30369503751065885,26.8,57.1,27.6,54.2,27.1,61.0,25.857142857142858,58.628571428571426,4.214285714285714,23.8
2023-09-14,Greater Noida,23.8,57.8,5.2,0.0,257,9,-0.9578523554276669,-0.28726097055059635,26.9,58.1,26.8,57.1,27.6,54.2,25.228571428571428,58.214285714285715,4.4,26.0
2023-09-15,Greater Noida,26.0,57.2,5.0,0.0,258,9,-0.9626519747161487,-0.2707418984477642,23.8,57.8,26.9,58.1,26.8,57.1,24.942857142857143,56.81428571428571,4.428571428571429,24.8
2023-09-16,Greater Noida,24.8,59.3,8.1,21.6,259,9,-0.9671667297977312,-0.2541427094613622,26.0,57.2,23.8,57.8,26.9,58.1,26.142857142857142,57.81428571428571,4.957142857142857,15.8
2023-09-17,Greater Noida,15.8,57.1,4.9,0.0,260,9,-0.97139528468375,-0.23746831555846842,24.8,59.3,26.0,57.2,23.8,57.8,24.52857142857143,57.25714285714286,4.728571428571429,26.0
2023-09-18,Greater Noida,26.0,53.3,7.1,23.5,261,9,-0.9753363880767837,-0.2207236509605022,15.8,57.1,24.8,59.3,26.0,57.2,24.300000000000004,57.128571428571426,5.142857142857143,18.1
2023-09-19,Greater Noida,18.1,62.2,5.7,7.2,262,9,-0.9789888737409319,-0.20391367068311472,26.0,53.3,15.8,57.1,24.8,59.3,23.057142857142857,57.857142857142854,5.771428571428571,23.7
2023-09-20,Greater Noida,23.7,62.0,5.7,0.0,263,9,-0.9823516608469237,-0.18704334906991657,18.1,62.2,26.0,53.3,15.8,57.1,22.599999999999998,58.41428571428572,5.957142857142857,25.8
2023-09-21,Greater Noida,25.8,62.3,4.4,3.4,264,9,-0.9854237542919524,-0.17011767832049052,23.7,62.0,18.1,62.2,26.0,53.3,22.88571428571429,59.05714285714286,5.8428571428571425,23.6
2023-09-22,Greater Noida,23.6,52.8,5.6,0.0,265,9,-0.9882042449941422,-0.15314166701312007,25.8,62.3,23.7,62.0,18.1,62.2,22.542857142857144,58.42857142857143,5.928571428571429,24.0
2023-09-23,Greater Noida,24.0,60.1,4.5,12.9,266,9,-0.9906923101615609,-0.13612033862266704,23.6,52.8,25.8,62.3,23.7,62.0,22.428571428571427,58.542857142857144,5.414285714285714,21.3
2023-09-24,Greater Noida,21.3,61.6,5.8,0.0,267,9,-0.9928872135356962,-0.11905873003404988,24.0,60.1,23.6,52.8,25.8,62.3,23.214285714285715,59.185714285714276,5.542857142857143,23.1
2023-09-25,Greater Noida,23.1,54.7,5.2,0.0,268,9,-0.994788305609327,-0.10196189005174576,21.3,61.6,24.0,60.1,23.6,52.8,22.8,59.38571428571429,5.271428571428571,22.9
2023-09-26,Greater Noida,22.9,58.9,4.1,28.3,269,9,-0.9963950238187231,-0.08483487790576538,23.1,54.7,21.3,61.6,24.0,60.1,23.485714285714288,58.91428571428571,5.042857142857143,15.1
2023-09-27,Greater Noida,15.1,58.4,7.0,5.6,270,9,-0.9977068927101168,-0.06768276175455162,22.9,58.9,23.1,54.7,21.3,61.6,22.25714285714286,58.39999999999999,5.228571428571429,19.1
2023-09-28,Greater Noida,19.1,66.2,6.1,0.0,271,9,-0.9987235240803972,-0.050510617185222886,15.1,58.4,22.9,58.9,23.1,54.7,21.3,58.95714285714286,5.471428571428571,20.9
2023-09-29,Greater Noida,20.9,66.6,4.8,0.0,272,9,-0.9994446170919858,-0.033323525711631344,19.1,66.2,15.1,58.4,22.9,58.9,20.914285714285715,60.92857142857143,5.357142857142857,21.1
2023-09-30,Greater Noida,21.1,52.2,5.6,0.0,273,9,-0.9998699583618592,-0.016126573270657762,20.9,66.6,19.1,66.2,15.1,58.4,20.5,59.8,5.514285714285714,22.3
2023-10-01,Greater Noida,22.3,68.9,5.3,5.2,274,10,-0.9999994220246925,0.001075151282798226,21.1,52.2,20.9,66.6,19.1,66.2,20.642857142857142,60.84285714285715,5.442857142857143,18.2
2023-10-02,Greater Noida,18.2,55.3,4.1,0.0,275,10,-0.999832969770105,0.018276557681691223,22.3,68.9,21.1,52.2,20.9,66.6,19.942857142857143,60.92857142857143,5.285714285714286,21.4
2023-10-03,Greater Noida,21.4,62.9,5.4,15.5,276,10,-0.9993706508539969,0.03547255575312556,18.2,55.3,22.3,68.9,21.1,52.2,19.728571428571428,61.5,5.471428571428571,13.1
2023-10-04,Greater Noida,13.1,62.9,4.4,0.0,277,10,-0.9986126020839734,0.052658056924614005,21.4,62.9,18.2,55.3,22.3,68.9,19.442857142857143,62.142857142857146,5.1,19.9
2023-10-05,Greater Noida,19.9,55.0,3.9,0.0,278,10,-0.9975590477788613,0.06982797572987089,13.1,62.9,21.4,62.9,18.2,55.3,19.557142857142857,60.54285714285714,4.785714285714286,21.2
2023-10-06,Greater Noida,21.2,61.0,2.8,0.0,279,10,-0.9962102997023297,0.0869772313136861,19.9,55.0,13.1,62.9,21.4,62.9,19.599999999999998,59.74285714285714,4.5,20.4
2023-10-07,Greater Noida,20.4,58.7,4.7,0.0,280,10,-0.9945667569706337,0.1041007489354256,21.2,61.0,19.9,55.0,13.1,62.9,19.5,60.67142857142858,4.371428571428572,17.9
2023-10-08,Greater Noida,17.9,61.4,6.1,0.0,281,10,-0.9926289059345095,0.121193461470736,20.4,58.7,21.2,61.0,19.9,55.0,18.87142857142857,59.6,4.485714285714286,21.4
2023-10-09,Greater Noida,21.4,60.2,4.2,0.0,282,10,-0.9903973200352558,0.1382503109109819,17.9,61.4,20.4,58.7,21.2,61.0,19.328571428571426,60.3,4.5,18.5
2023-10-10,Greater Noida,18.5,64.1,9.0,13.8,283,10,-0.9878726596350429,0.15526624985999563,21.4,60.2,17.9,61.4,20.4,58.7,18.91428571428571,60.47142857142857,5.014285714285714,13.6
2023-10-11,Greater Noida,13.6,59.7,6.5,0.0,284,10,-0.9850556718215013,0.172236243027682,18.5,64.1,21.4,60.2,17.9,61.4,18.985714285714288,60.01428571428572,5.314285714285715,17.2
2023-10-12,Greater Noida,17.2,58.8,7.1,3.9,285,10,-0.981947190186646,0.18915526872004093,13.6,59.7,18.5,64.1,21.4,60.2,18.599999999999998,60.55714285714286,5.771428571428572,17.0
2023-10-13,Greater Noida,17.0,63.9,6.3,0.0,286,10,-0.9785481345802031,0.20601832032517084,17.2,58.8,13.6,59.7,18.5,64.1,18.0,60.971428571428575,6.271428571428571,18.3
2023-10-14,Greater Noida,18.3,61.9,7.9,0.0,287,10,-0.9748595108374125,0.22282040779479959,17.0,63.9,17.2,58.8,13.6,59.7,17.7,61.42857142857143,6.728571428571429,17.6
2023-10-15,Greater Noida,17.6,62.6,3.9,0.0,288,10,-0.9708824104813836,0.23955655912092708,18.3,61.9,17.0,63.9,17.2,58.8,17.65714285714286,61.6,6.4142857142857155,17.3
2023-10-16,Greater Noida,17.3,57.1,1.3,0.0,289,10,-0.9666180104000972,0.2562218218071163,17.6,62.6,18.3,61.9,17.0,63.9,17.071428571428573,61.15714285714286,6.0,18.4
2023-10-17,Greater Noida,18.4,55.6,4.4,0.0,290,10,-0.9620675724981452,0.27281126433401914,17.3,57.1,17.6,62.6,18.3,61.9,17.057142857142857,59.942857142857136,5.3428571428571425,17.8
2023-10-18,Greater Noida,17.8,57.6,5.9,0.0,291,10,-0.957232443323312,0.28931997761869527,18.4,55.6,17.3,57.1,17.6,62.6,17.65714285714286,59.642857142857146,5.257142857142857,17.5
2023-10-19,Greater Noida,17.5,57.5,5.3,39.2,292,10,-0.9521140536681102,0.3057430764672831,17.8,57.6,18.4,55.6,17.3,57.1,17.7,59.45714285714286,5.0,8.9
2023-10-20,Greater Noida,8.9,63.2,5.5,0.0,293,10,-0.9467139181463862,0.3220757010206104,17.5,57.5,17.8,57.6,18.4,55.6,16.54285714285714,59.357142857142854,4.885714285714286,17.5
2023-10-21,Greater Noida,17.5,64.1,7.0,0.0,294,10,-0.9410336347451197,0.3383130181923076,8.9,63.2,17.5,57.5,17.8,57.6,16.428571428571427,59.67142857142858,4.757142857142857,13.5
2023-10-22,Greater Noida,13.5,59.6,5.6,0.0,295,10,-0.9350748843515574,0.3544502230989869,17.5,64.1,8.9,63.2,17.5,57.5,15.842857142857143,59.24285714285714,5.0,15.7
2023-10-23,Greater Noida,15.7,66.1,6.2,0.0,296,10,-0.9288394302558068,0.3704825404820963,13.5,59.6,17.5,64.1,8.9,63.2,15.614285714285714,60.52857142857143,5.700000000000001,12.9
2023-10-24,Greater Noida,12.9,65.9,3.6,0.0,297,10,-0.9223291176290545,0.3864052261209853,15.7,66.1,13.5,59.6,17.5,64.1,14.828571428571431,62.0,5.585714285714286,15.8
2023-10-25,Greater Noida,15.8,61.5,3.4,0.0,298,10,-0.9155458729775467,0.40221356823680365,12.9,65.9,15.7,66.1,13.5,59.6,14.542857142857143,62.55714285714286,5.228571428571429,15.5
2023-10-26,Greater Noida,15.5,57.3,7.4,0.0,299,10,-0.9084917035725082,0.41790288888678667,15.8,61.5,12.9,65.9,15.7,66.1,14.257142857142856,62.528571428571425,5.528571428571429,16.8
2023-10-27,Greater Noida,16.8,67.0,5.2,0.0,300,10,-0.9011686968561569,0.4334685453485363,15.5,57.3,15.8,61.5,12.9,65.9,15.385714285714288,63.07142857142857,5.485714285714286,16.8
2023-10-28,Greater Noida,16.8,60.6,4.1,7.6,301,10,-0.8935790198239952,0.4489059314938798,16.8,67.0,15.5,57.3,15.8,61.5,15.285714285714288,62.57142857142856,5.071428571428571,12.2
2023-10-29,Greater Noida,12.2,61.4,4.1,0.0,302,10,-0.8857249183835637,0.4642104791518923,16.8,60.6,16.8,67.0,15.5,57.3,15.099999999999998,62.82857142857143,4.857142857142857,14.0
2023-10-30,Greater Noida,14.0,59.7,4.0,0.0,303,10,-0.8776087166898392,0.4793776594606945,12.2,61.4,16.8,60.6,16.8,67.0,14.857142857142858,61.91428571428572,4.542857142857143,15.2
2023-10-31,Greater Noida,15.2,57.6,3.9,0.0,304,10,-0.8692328164574792,0.49440298420761813,14.0,59.7,12.2,61.4,16.8,60.6,15.185714285714285,60.728571428571435,4.585714285714286,13.6
2023-11-01,Greater Noida,13.6,55.3,3.1,0.0,305,11,-0.8605996962501181,0.5092820071573356,15.2,57.6,14.0,59.7,12.2,61.4,14.871428571428572,59.84285714285714,4.542857142857143,14.2
2023-11-02,Greater Noida,14.2,63.8,2.8,0.0,306,11,-0.8517119107469189,0.5240103253675756,13.6,55.3,15.2,57.6,14.0,59.7,14.685714285714285,60.771428571428565,3.8857142857142857,15.4
2023-11-03,Greater Noida,15.4,58.3,4.7,0.0,307,11,-0.8425720899866032,0.5385835804920232,14.2,63.8,13.6,55.3,15.2,57.6,14.485714285714286,59.528571428571425,3.814285714285714,13.0
2023-11-04,Greater Noida,13.0,73.7,4.1,4.2,308,11,-0.8331829385891785,0.5529974600700271,15.4,58.3,14.2,63.8,13.6,55.3,13.942857142857141,61.4,3.814285714285714,14.7
2023-11-05,Greater Noida,14.7,57.3,6.7,0.0,309,11,-0.8235472349556007,0.5672476988027229,13.0,73.7,15.4,58.3,14.2,63.8,14.3,60.81428571428571,4.185714285714286,14.4
2023-11-06,Greater Noida,14.4,56.7,5.5,0.0,310,11,-0.8136678304455991,0.5813300798152042,14.7,57.3,13.0,73.7,15.4,58.3,14.357142857142856,60.385714285714286,4.4,11.9
2023-11-07,Greater Noida,11.9,63.8,5.4,0.0,311,11,-0.8035476485339116,0.5952404359043674,14.4,56.7,14.7,57.3,13.0,73.7,13.885714285714286,61.271428571428565,4.614285714285714,14.4
2023-11-08,Greater Noida,14.4,68.0,3.9,0.0,312,11,-0.7931896839451843,0.6089746507720486,11.9,63.8,14.4,56.7,14.7,57.3,14.0,63.08571428571429,4.728571428571429,13.9
2023-11-09,Greater Noida,13.9,62.2,4.9,0.0,313,11,-0.7825970017677834,0.6225286602431057,14.4,68.0,11.9,63.8,14.4,56.7,13.957142857142857,62.857142857142854,5.028571428571429,12.9
2023-11-10,Greater Noida,12.9,64.3,5.6,0.0,314,11,-0.7717727365467837,0.6358984534680745,13.9,62.2,14.4,68.0,11.9,63.8,13.6,63.714285714285715,5.1571428571428575,11.5
2023-11-11,Greater Noida,11.5,54.8,6.1,0.0,315,11,-0.7607200913564104,0.6490800741100398,12.9,64.3,13.9,62.2,14.4,68.0,13.385714285714286,61.01428571428572,5.442857142857143,11.2
2023-11-12,Greater Noida,11.2,59.5,4.9,0.0,316,11,-0.7494423368521953,0.6620696215153815,11.5,54.8,12.9,64.3,13.9,62.2,12.885714285714286,61.32857142857142,5.185714285714285,11.5
2023-11-13,Greater Noida,11.5,58.0,6.7,0.0,317,11,-0.7379428103031386,0.6748632518680403,11.2,59.5,11.5,54.8,12.9,64.3,12.471428571428573,61.51428571428572,5.357142857142857,12.9
2023-11-14,Greater Noida,12.9,54.8,5.1,0.0,318,11,-0.7262249146041543,0.6874571793269664,11.5,58.0,11.2,59.5,11.5,54.8,12.614285714285714,60.22857142857142,5.314285714285715,10.6
2023-11-15,Greater Noida,10.6,63.0,6.3,0.0,319,11,-0.7142921172691032,0.699847677146407,12.9,54.8,11.5,58.0,11.2,59.5,12.071428571428571,59.51428571428571,5.6571428571428575,12.4
2023-11-16,Greater Noida,12.4,53.6,4.4,0.0,320,11,-0.7021479494046978,0.7120310787787131,10.6,63.0,12.9,54.8,11.5,58.0,11.857142857142858,58.285714285714285,5.5857142857142845,10.0
2023-11-17,Greater Noida,10.0,57.4,2.4,0.0,321,11,-0.6897960046655887,0.7240037789593305,12.4,53.6,10.6,63.0,12.9,54.8,11.442857142857141,57.3,5.128571428571429,11.3
2023-11-18,Greater Noida,11.3,60.6,5.5,0.0,322,11,-0.6772399381909491,0.7357622347736527,10.0,57.4,12.4,53.6,10.6,63.0,11.414285714285715,58.128571428571426,5.042857142857144,11.6
2023-11-19,Greater Noida,11.6,59.5,6.2,0.0,323,11,-0.6644834655228552,0.7473029667054297,11.3,60.6,10.0,57.4,12.4,53.6,11.471428571428572,58.128571428571426,5.228571428571429,14.7
2023-11-20,Greater Noida,14.7,64.5,6.0,0.0,324,11,-0.6515303615068021,0.75862255966641,11.6,59.5,11.3,60.6,10.0,57.4,11.928571428571429,59.05714285714286,5.128571428571428,9.2
2023-11-21,Greater Noida,9.2,64.2,5.8,0.0,325,11,-0.6383844591746642,0.769717664006921,14.7,64.5,11.6,59.5,11.3,60.6,11.4,60.4,5.228571428571429,13.1
2023-11-22,Greater Noida,13.1,66.6,4.7,0.0,326,11,-0.6250496486104377,0.7805849965070866,9.2,64.2,14.7,64.5,11.6,59.5,11.757142857142856,60.91428571428572,5.0,11.1
2023-11-23,Greater Noida,11.1,66.1,4.0,0.0,327,11,-0.6115298757991053,0.7912213413483807,13.1,66.6,9.2,64.2,14.7,64.5,11.571428571428571,62.699999999999996,4.942857142857143,11.4
2023-11-24,Greater Noida,11.4,67.7,6.1,0.0,328,11,-0.5978291414589552,0.801623551065242,11.1,66.1,13.1,66.6,9.2,64.2,11.771428571428572,64.17142857142858,5.471428571428572,10.9
2023-11-25,Greater Noida,10.9,63.2,5.9,0.0,329,11,-0.5839514998576998,0.8117885474764613,11.4,67.7,11.1,66.1,13.1,66.6,11.714285714285712,64.54285714285714,5.528571428571429,11.2
2023-11-26,Greater Noida,11.2,64.5,4.5,0.0,330,11,-0.5699010576127624,0.821713322596059,10.9,63.2,11.4,67.7,11.1,66.1,11.657142857142857,65.25714285714285,5.285714285714286,10.3
2023-11-27,Greater Noida,10.3,65.4,7.0,0.0,331,11,-0.5556819724760489,0.8313949395234058,11.2,64.5,10.9,63.2,11.4,67.7,11.028571428571427,65.38571428571429,5.428571428571429,12.4
2023-11-28,Greater Noida,12.4,63.9,4.0,0.0,332,11,-0.5412984521036173,0.8408305333122887,10.3,65.4,11.2,64.5,10.9,63.2,11.485714285714286,65.34285714285714,5.171428571428572,9.7
2023-11-29,Greater Noida,9.7,61.8,4.5,0.0,333,11,-0.5267547528105542,0.8500173118187018,12.4,63.9,10.3,65.4,11.2,64.5,11.0,64.65714285714286,5.142857142857143,11.8
2023-11-30,Greater Noida,11.8,62.2,7.8,0.0,334,11,-0.5120551783114646,0.8589525565270845,9.7,61.8,12.4,63.9,10.3,65.4,11.1,64.10000000000001,5.685714285714285,9.2
2023-12-01,Greater Noida,9.2,60.3,6.7,0.0,335,12,-0.4972040784469378,0.8676336233547726,11.8,62.2,9.7,61.8,12.4,63.9,10.785714285714286,63.04285714285714,5.771428571428571,10.0
2023-12-02,Greater Noida,10.0,65.3,4.9,0.0,336,12,-0.4822058478963526,0.8760579434344281,9.2,60.3,11.8,62.2,9.7,61.8,10.657142857142858,63.34285714285714,5.628571428571428,8.5
2023-12-03,Greater Noida,8.5,63.3,5.9,0.0,337,12,-0.46706492487743034,0.8842230238742036,10.0,65.3,9.2,60.3,11.8,62.2,10.271428571428572,63.17142857142857,5.828571428571428,10.5
2023-12-04,Greater Noida,10.5,61.0,5.7,0.0,338,12,-0.451785789832884,0.8921264484954345,8.5,63.3,10.0,65.3,9.2,60.3,10.299999999999999,62.542857142857144,5.642857142857143,11.9
2023-12-05,Greater Noida,11.9,61.1,1.4,27.6,339,12,-0.4363729641045924,0.8997658785476209,10.5,61.0,8.5,63.3,10.0,65.3,10.228571428571428,62.14285714285713,5.271428571428571,1.2
2023-12-06,Greater Noida,1.2,58.9,4.2,0.0,340,12,-0.42083100859565564,0.9071390534005044,11.9,61.1,10.5,61.0,8.5,63.3,9.014285714285714,61.728571428571435,5.228571428571429,9.4
2023-12-07,Greater Noida,9.4,67.7,5.5,0.0,341,12,-0.4051645224207563,0.9142437912130223,1.2,58.9,11.9,61.1,10.5,61.0,8.671428571428573,62.51428571428571,4.9,8.1
2023-12-08,Greater Noida,8.1,64.1,5.1,0.0,342,12,-0.3893781415452015,0.9210779895789526,9.4,67.7,1.2,58.9,11.9,61.1,8.514285714285714,63.05714285714286,4.671428571428572,9.3
2023-12-09,Greater Noida,9.3,60.4,6.0,0.0,343,12,-0.37347653741307074,0.9276396261490467,8.1,64.1,9.4,67.7,1.2,58.9,8.414285714285715,62.357142857142854,4.828571428571428,7.3
2023-12-10,Greater Noida,7.3,67.1,7.4,0.0,344,12,-0.3574644155648614,0.9339267592294762,9.3,60.4,8.1,64.1,9.4,67.7,8.242857142857144,62.89999999999999,5.042857142857143,8.3
2023-12-11,Greater Noida,8.3,61.7,5.2,0.0,345,12,-0.34134651424503615,0.9399375283564133,7.3,67.1,9.3,60.4,8.1,64.1,7.928571428571429,63.0,4.971428571428571,9.8
2023-12-12,Greater Noida,9.8,58.3,4.2,0.0,346,12,-0.3251276029999093,0.9456701548465688,8.3,61.7,7.3,67.1,9.3,60.4,7.628571428571428,62.60000000000001,5.371428571428572,11.3
2023-12-13,Greater Noida,11.3,68.0,6.3,0.0,347,12,-0.30881248126625377,0.9511229423235357,9.8,58.3,8.3,61.7,7.3,67.1,9.071428571428571,63.89999999999999,5.671428571428571,13.4
2023-12-14,Greater Noida,13.4,61.8,5.3,0.0,348,12,-0.29240597695107734,0.9562942772197719,11.3,68.0,9.8,58.3,8.3,61.7,9.642857142857142,63.05714285714286,5.642857142857143,8.6
2023-12-15,Greater Noida,8.6,62.3,5.6,0.0,349,12,-0.27591294500296043,0.9611826292540837,13.4,61.8,11.3,68.0,9.8,58.3,9.714285714285714,62.8,5.714285714285714,11.4
2023-12-16,Greater Noida,11.4,64.1,5.5,0.0,350,12,-0.2593382659754056,0.9657865518844574,8.6,62.3,13.4,61.8,11.3,68.0,10.014285714285714,63.32857142857142,5.642857142857143,9.7
2023-12-17,Greater Noida,9.7,68.6,9.3,0.0,351,12,-0.2426868445825954,0.9701046827361175,11.4,64.1,8.6,62.3,13.4,61.8,10.357142857142858,63.54285714285714,5.914285714285714,9.2
2023-12-18,Greater Noida,9.2,64.1,2.6,0.0,352,12,-0.22596360824801906,0.974135744004672,9.7,68.6,11.4,64.1,8.6,62.3,10.485714285714286,63.88571428571428,5.542857142857144,10.0
2023-12-19,Greater Noida,10.0,59.2,5.4,0.0,353,12,-0.20917350564635637,0.9778785428342386,9.2,64.1,9.7,68.6,11.4,64.1,10.514285714285714,64.01428571428572,5.714285714285714,9.4
2023-12-20,Greater Noida,9.4,66.2,6.0,0.0,354,12,-0.19232150523909483,0.9813319716704275,10.0,59.2,9.2,64.1,9.7,68.6,10.242857142857144,63.75714285714286,5.671428571428572,9.5
2023-12-21,Greater Noida,9.5,62.1,4.9,0.0,355,12,-0.17541259380427843,0.9844950085880858,9.4,66.2,10.0,59.2,9.2,64.1,9.685714285714285,63.800000000000004,5.614285714285714,8.8
2023-12-22,Greater Noida,8.8,71.5,7.5,0.0,356,12,-0.15845177496083632,0.9873667175937016,9.5,62.1,9.4,66.2,10.0,59.2,9.714285714285714,65.11428571428571,5.885714285714286,7.4
2023-12-23,Greater Noida,7.4,64.0,7.4,0.0,357,12,-0.14144406768794202,0.9899462489023779,8.8,71.5,9.5,62.1,9.4,66.2,9.142857142857142,65.1,6.157142857142858,7.2
2023-12-24,Greater Noida,7.2,55.0,6.1,0.0,358,12,-0.12439450483979998,0.9922328391893008,7.4,64.0,8.8,71.5,9.5,62.1,8.785714285714286,63.15714285714286,5.7,10.3
2023-12-25,Greater Noida,10.3,65.4,5.8,0.0,359,12,-0.10730813165636247,0.9942258118156161,7.2,55.0,7.4,64.0,8.8,71.5,8.942857142857143,63.34285714285714,6.1571428571428575,9.1
2023-12-26,Greater Noida,9.1,71.7,6.1,0.0,360,12,-0.09019000427034513,0.9959245770286599,10.3,65.4,7.2,55.0,7.4,64.0,8.814285714285715,65.12857142857142,6.257142857142857,8.6
2023-12-27,Greater Noida,8.6,70.2,6.2,0.0,361,12,-0.07304518821104743,0.9973286321364752,9.1,71.7,10.3,65.4,7.2,55.0,8.700000000000001,65.7,6.285714285714286,9.5
2023-12-28,Greater Noida,9.5,71.2,6.3,0.0,362,12,-0.05587875690537313,0.9984375616565666,8.6,70.2,9.1,71.7,10.3,65.4,8.700000000000001,67.0,6.485714285714286,10.7
2023-12-29,Greater Noida,10.7,59.8,6.1,0.0,363,12,-0.03869579017652689,0.9992510374388481,9.5,71.2,8.6,70.2,9.1,71.7,8.971428571428572,65.32857142857142,6.285714285714286,9.8
2023-12-30,Greater Noida,9.8,67.5,6.8,0.0,364,12,-0.021501372740813793,0.999768818762748,10.7,59.8,9.5,71.2,8.6,70.2,9.314285714285715,65.82857142857142,6.199999999999998,8.7
2023-12-31,Greater Noida,8.7,60.9,7.6,0.0,365,12,-0.004300592702981974,0.9999907524084426,9.8,67.5,10.7,59.8,9.5,71.2,9.528571428571428,66.67142857142856,6.414285714285714,11.4
2024-01-01,Greater Noida,11.4,64.7,4.7,0.0,1,1,0.017201575418260506,0.9998520419557735,8.7,60.9,9.8,67.5,10.7,59.8,9.685714285714285,66.57142857142857,6.257142857142857,12.0
2024-01-02,Greater Noida,12.0,58.7,5.0,0.0,2,1,0.03439806061360801,0.9994082116062598,11.4,64.7,8.7,60.9,9.8,67.5,10.1,64.71428571428571,6.1000000000000005,10.5
2024-01-03,Greater Noida,10.5,61.2,4.0,0.0,3,1,0.051584366869408364,0.9986686402879997,12.0,58.7,11.4,64.7,8.7,60.9,10.371428571428572,63.42857142857143,5.785714285714286,11.2
2024-01-04,Greater Noida,11.2,61.0,8.0,0.0,4,1,0.06875540848113941,0.9976335468520451,10.5,61.2,12.0,58.7,11.4,64.7,10.614285714285714,61.97142857142857,6.028571428571429,11.7
2024-01-05,Greater Noida,11.7,67.2,7.1,0.0,5,1,0.08590610426133272,0.9963032375991965,11.2,61.0,10.5,61.2,12.0,58.7,10.757142857142856,63.02857142857143,6.171428571428572,11.6
2024-01-06,Greater Noida,11.6,66.8,7.6,0.0,6,1,0.10303137904317879,0.9946781061893646,11.7,67.2,11.2,61.0,10.5,61.2,11.014285714285714,62.92857142857143,6.285714285714286,11.0
2024-01-07,Greater Noida,11.0,64.7,4.7,0.0,7,1,0.1201261651823505,0.9927586335250793,11.6,66.8,11.7,67.2,11.2,61.0,11.342857142857143,63.471428571428575,5.871428571428572,11.0
2024-01-08,Greater Noida,11.0,58.1,9.6,0.0,8,1,0.13718540405660057,0.9905453876091833,11.0,64.7,11.6,66.8,11.7,67.2,11.285714285714286,62.528571428571425,6.571428571428571,11.0
2024-01-09,Greater Noida,11.0,62.2,6.0,0.0,9,1,0.1542040475626894,0.988039023376751,11.0,58.1,11.0,64.7,11.6,66.8,11.142857142857142,63.02857142857143,6.714285714285714,8.8
2024-01-10,Greater Noida,8.8,60.4,7.2,0.0,10,1,0.17117705961019986,0.985240282501282,11.0,62.2,11.0,58.1,11.0,64.7,10.9,62.91428571428571,7.171428571428571,11.4
2024-01-11,Greater Noida,11.4,66.8,8.3,0.0,11,1,0.18809941761179758,0.9821499931752291,8.8,60.4,11.0,62.2,11.0,58.1,10.928571428571429,63.74285714285714,7.214285714285714,8.7
2024-01-12,Greater Noida,8.7,68.0,5.6,0.0,12,1,0.20496611396949532,0.9787690698649216,11.4,66.8,8.8,60.4,11.0,62.2,10.5,63.857142857142854,7.0,9.5
2024-01-13,Greater Noida,9.5,67.4,6.3,0.0,13,1,0.22177215755648186,0.975098513039961,8.7,68.0,11.4,66.8,8.8,60.4,10.200000000000001,63.94285714285714,6.814285714285715,12.6
2024-01-14,Greater Noida,12.6,60.1,7.5,0.0,14,1,0.23851257519407648,0.9711394088771653,9.5,67.4,8.7,68.0,11.4,66.8,10.428571428571429,63.285714285714285,7.214285714285714,12.1
2024-01-15,Greater Noida,12.1,52.1,11.5,0.0,15,1,0.2551824131233728,0.9668929289391521,12.6,60.1,9.5,67.4,8.7,68.0,10.585714285714285,62.42857142857143,7.485714285714286,13.1
2024-01-16,Greater Noida,13.1,56.0,7.7,0.0,16,1,0.2717767384711357,0.9623603298276545,12.1,52.1,12.6,60.1,9.5,67.4,10.885714285714286,61.54285714285714,7.728571428571429,10.7
2024-01-17,Greater Noida,10.7,68.6,9.7,0.0,17,1,0.2882906407095177,0.9575429528116719,13.1,56.0,12.1,52.1,12.6,60.1,11.157142857142857,62.714285714285715,8.085714285714285,9.6
2024-01-18,Greater Noida,9.6,64.19999999999999,9.2,0.0,18,1,0.3047192331091634,0.9524422234305676,10.7,68.6,13.1,56.0,12.1,52.1,10.9,62.34285714285714,8.214285714285714,11.0
2024-01-19,Greater Noida,11.0,59.8,8.0,0.0,19,1,0.321057654185271,0.9470596510722283,9.6,64.19999999999999,10.7,68.6,13.1,56.0,11.228571428571428,61.17142857142857,8.557142857142855,11.6
2024-01-20,Greater Noida,11.6,69.3,6.0,0.0,20,1,0.3373010691361842,0.9413968285264122,11.0,59.8,9.6,64.19999999999999,10.7,68.6,11.528571428571427,61.44285714285714,8.514285714285714,11.7
2024-01-21,Greater Noida,11.7,67.7,9.1,0.0,21,1,0.3534446712740877,0.9354554315134164,11.6,69.3,11.0,59.8,9.6,64.19999999999999,11.4,62.528571428571425,8.742857142857142,13.4
2024-01-22,Greater Noida,13.4,62.7,5.3,14.4,22,1,0.3694836834473831,0.9292372181882051,11.7,67.7,11.6,69.3,11.0,59.8,11.585714285714287,64.04285714285714,7.857142857142857,8.4
2024-01-23,Greater Noida,8.4,61.3,10.0,0.0,23,1,0.38541335945432564,0.9227440286201427,13.4,62.7,11.7,67.7,11.6,69.3,10.914285714285713,64.8,8.185714285714285,12.5
2024-01-24,Greater Noida,12.5,61.9,8.0,0.0,24,1,0.4012289854475009,0.9159777842484877,8.4,61.3,13.4,62.7,11.7,67.7,11.171428571428569,63.84285714285714,7.942857142857142,10.8
2024-01-25,Greater Noida,10.8,63.2,3.8,0.0,25,1,0.4169258813287287,0.908940487313808,12.5,61.9,8.4,61.3,13.4,62.7,11.342857142857143,63.699999999999996,7.171428571428571,13.0
2024-01-26,Greater Noida,13.0,68.6,7.3,0.0,26,1,0.4324994021339788,0.901634220265486,10.8,63.2,12.5,61.9,8.4,61.3,11.62857142857143,64.95714285714286,7.071428571428571,12.5
2024-01-27,Greater Noida,12.5,63.8,8.8,0.0,27,1,0.44794493940789115,0.8940611451454876,13.0,68.6,10.8,63.2,12.5,61.9,11.757142857142858,64.17142857142856,7.471428571428572,11.6
2024-01-28,Greater Noida,11.6,64.9,7.5,0.0,28,1,0.4632579225674917,0.88622350294858,12.5,63.8,13.0,68.6,10.8,63.2,11.742857142857144,63.771428571428565,7.242857142857143,12.5
2024-01-29,Greater Noida,12.5,66.6,9.0,0.0,29,1,0.4784338202547012,0.8781236129591848,11.6,64.9,12.5,63.8,13.0,68.6,11.614285714285714,64.32857142857144,7.771428571428571,12.7
2024-01-30,Greater Noida,12.7,57.1,6.7,0.0,30,1,0.49346814167723735,0.8697638720650646,12.5,66.6,11.6,64.9,12.5,63.8,12.22857142857143,63.72857142857142,7.3,12.8
2024-01-31,Greater Noida,12.8,64.7,6.1,0.0,31,1,0.5083564379375122,0.8611467540480452,12.7,57.1,12.5,66.6,11.6,64.9,12.271428571428572,64.12857142857142,7.028571428571428,15.8
2024-02-01,Greater Noida,15.8,60.4,8.0,21.1,32,2,0.5230943033491326,0.8522748088519838,12.8,64.7,12.7,57.1,12.5,66.6,12.985714285714284,63.728571428571435,7.628571428571428,4.9
2024-02-02,Greater Noida,4.9,51.4,8.2,0.0,33,2,0.5376773767406141,0.8431506618282,15.8,60.4,12.8,64.7,12.7,57.1,11.828571428571431,61.271428571428565,7.757142857142857,13.4
2024-02-03,Greater Noida,13.4,52.9,7.7,0.0,34,2,0.5521013427459208,0.8337770129585915,4.9,51.4,15.8,60.4,12.8,64.7,11.957142857142857,59.714285714285715,7.6,10.9
2024-02-04,Greater Noida,10.9,57.2,10.1,0.0,35,2,0.5663619330814524,0.8241566360566663,13.4,52.9,4.9,51.4,15.8,60.4,11.857142857142858,58.614285714285714,7.971428571428571,12.8
2024-02-05,Greater Noida,12.8,63.3,7.0,0.0,36,2,0.580454927809098,0.8142923779467267,10.9,57.2,13.4,52.9,4.9,51.4,11.9,58.142857142857146,7.685714285714285,13.9
2024-02-06,Greater Noida,13.9,61.5,8.8,0.0,37,2,0.5943761565849831,0.804187157621448,12.8,63.3,10.9,57.2,13.4,52.9,12.071428571428571,58.77142857142858,7.985714285714287,13.5
2024-02-07,Greater Noida,13.5,61.7,8.5,0.0,38,2,0.6081214998935418,0.7938439653781019,13.9,61.5,12.8,63.3,10.9,57.2,12.171428571428573,58.34285714285715,8.328571428571427,16.6
2024-02-08,Greater Noida,16.6,68.6,6.1,29.0,39,2,0.6216868902665479,0.7832658619336791,13.5,61.7,13.9,61.5,12.8,63.3,12.285714285714286,59.51428571428572,8.057142857142857,6.1
2024-02-09,Greater Noida,6.1,55.6,6.5,0.0,40,2,0.6350683134867438,0.7724559775191742,16.6,68.6,13.5,61.7,13.9,61.5,12.457142857142857,60.114285714285714,7.814285714285715,16.9
2024-02-10,Greater Noida,16.9,60.5,8.6,0.0,41,2,0.6482618097757122,0.7614175109532997,6.1,55.6,16.6,68.6,13.5,61.7,12.957142857142859,61.199999999999996,7.942857142857143,15.3
2024-02-11,Greater Noida,15.3,61.7,11.6,0.0,42,2,0.6612634749656386,0.7501537286959042,16.9,60.5,6.1,55.6,16.6,68.6,13.585714285714287,61.84285714285714,8.157142857142857,15.5
2024-02-12,Greater Noida,15.5,57.4,9.5,0.0,43,2,0.6740694616546161,0.7386679638813748,15.3,61.7,16.9,60.5,6.1,55.6,13.971428571428573,61.0,8.514285714285714,15.5
2024-02-13,Greater Noida,15.5,60.3,6.1,0.0,44,2,0.6866759803451553,0.726963615332308,15.5,57.4,15.3,61.7,16.9,60.5,14.200000000000001,60.82857142857142,8.128571428571428,15.9
2024-02-14,Greater Noida,15.9,53.7,4.1,0.0,45,2,0.6990793005655562,0.7150441465537444,15.5,60.3,15.5,57.4,15.3,61.7,14.542857142857143,59.68571428571429,7.499999999999999,18.5
2024-02-15,Greater Noida,18.5,65.6,9.9,10.8,46,2,0.7112757519738152,0.7029130847082615,15.9,53.7,15.5,60.3,15.5,57.4,14.814285714285713,59.25714285714286,8.042857142857143,10.1
2024-02-16,Greater Noida,10.1,57.1,8.7,0.0,47,2,0.7232617254437388,0.6905740195722294,18.5,65.6,15.9,53.7,15.5,60.3,15.385714285714286,59.471428571428575,8.357142857142858,13.7
2024-02-17,Greater Noida,13.7,67.8,10.6,0.0,48,2,0.7350336741329412,0.6780306024735382,10.1,57.1,18.5,65.6,15.9,53.7,14.92857142857143,60.51428571428572,8.642857142857142,16.0
2024-02-18,Greater Noida,16.0,59.4,7.6,0.0,49,2,0.746588114532413,0.6652865452111116,13.7,67.8,10.1,57.1,18.5,65.6,15.028571428571428,60.18571428571429,8.071428571428571,17.0
2024-02-19,Greater Noida,17.0,63.6,9.5,0.0,50,2,0.7579216274973472,0.6523456189565257,16.0,59.4,13.7,67.8,10.1,57.1,15.242857142857142,61.07142857142857,8.071428571428571,18.2
2024-02-20,Greater Noida,18.2,59.1,10.3,0.0,51,2,0.7690308592589181,0.6392116531380588,17.0,63.6,16.0,59.4,13.7,67.8,15.628571428571428,60.9,8.671428571428573,18.1
2024-02-21,Greater Noida,18.1,59.0,8.4,0.0,52,2,0.7799125224167177,0.6258885343075018,18.2,59.1,17.0,63.6,16.0,59.4,15.942857142857145,61.65714285714285,9.285714285714286,17.1
2024-02-22,Greater Noida,17.1,56.7,8.5,0.0,53,2,0.7905633969115482,0.612380204990065,18.1,59.0,18.2,59.1,17.0,63.6,15.742857142857142,60.385714285714286,9.085714285714285,19.3
2024-02-23,Greater Noida,19.3,59.4,9.2,0.0,54,2,0.8009803309782905,0.5986906625177214,17.1,56.7,18.1,59.0,18.2,59.1,17.057142857142857,60.714285714285715,9.157142857142857,19.6
2024-02-24,Greater Noida,19.6,60.0,10.1,0.0,55,2,0.8111602420785621,0.5848239578463322,19.3,59.4,17.1,56.7,18.1,59.0,17.9,59.60000000000001,9.085714285714285,18.6
2024-02-25,Greater Noida,18.6,55.5,9.3,14.4,56,2,0.8211001178128892,0.5707841943569036,19.6,60.0,19.3,59.4,17.1,56.7,18.271428571428572,59.042857142857144,9.328571428571431,16.9
2024-02-26,Greater Noida,16.9,58.0,10.8,0.0,57,2,0.8307970168121247,0.5565755266413303,18.6,55.5,19.6,60.0,19.3,59.4,18.257142857142856,58.24285714285715,9.514285714285716,19.2
2024-02-27,Greater Noida,19.2,55.9,8.7,0.0,58,2,0.8402480696078469,0.5422021592729844,16.9,58.0,18.6,55.5,19.6,60.0,18.400000000000002,57.785714285714285,9.285714285714286,18.3
2024-02-28,Greater Noida,18.3,67.4,7.4,0.0,59,2,0.8494504794814806,0.527668345562516,19.2,55.9,16.9,58.0,18.6,55.5,18.428571428571427,58.98571428571428,9.142857142857142,20.3
2024-02-29,Greater Noida,20.3,57.7,12.4,0.0,60,2,0.8584015232918917,0.512978386299228,18.3,67.4,19.2,55.9,16.9,58.0,18.88571428571429,59.12857142857143,9.700000000000001,19.7
2024-03-01,Greater Noida,19.7,64.1,8.6,0.0,61,3,0.8670985522812081,0.4981366284784055,20.3,57.7,18.3,67.4,19.2,55.9,18.942857142857143,59.8,9.614285714285714,19.8
2024-03-02,Greater Noida,19.8,57.0,8.7,0.0,62,3,0.8755389928586302,0.4831474640149687,19.7,64.1,20.3,57.7,18.3,67.4,18.97142857142857,59.37142857142857,9.414285714285715,22.1
2024-03-03,Greater Noida,22.1,58.6,9.5,0.0,63,3,0.8837203473619977,0.4680153284438345,19.8,57.0,19.7,64.1,20.3,57.7,19.47142857142857,59.81428571428571,9.442857142857141,16.9
2024-03-04,Greater Noida,16.9,52.2,9.8,0.0,64,3,0.8916401947968874,0.45274469960737107,22.1,58.6,19.8,57.0,19.7,64.1,19.47142857142857,58.98571428571428,9.3,18.6
2024-03-05,Greater Noida,18.6,55.5,9.1,0.0,65,3,0.8992961915530253,0.4373400963303323,16.9,52.2,22.1,58.6,19.8,57.0,19.385714285714283,58.92857142857143,9.357142857142858,19.1
2024-03-06,Greater Noida,19.1,58.0,9.7,0.0,66,3,0.9066860720977985,0.4218060770826634,18.6,55.5,16.9,52.2,22.1,58.6,19.5,57.58571428571429,9.685714285714285,20.05
2024-03-07,Greater Noida,20.05,57.85,9.7,0.0,67,3,0.9138076496466615,0.40614723863057883,19.1,58.0,18.6,55.5,16.9,52.2,19.464285714285715,57.607142857142854,9.299999999999999,21.0
2024-03-08,Greater Noida,21.0,57.7,10.1,0.0,68,3,0.9206588168102428,0.3903682146763026,20.05,57.85,19.1,58.0,18.6,55.5,19.650000000000002,56.69285714285714,9.514285714285714,19.5
2024-03-09,Greater Noida,19.5,62.2,6.3,0.0,69,3,0.9272375462179537,0.374473674486883,21.0,57.7,20.05,57.85,19.1,58.0,19.607142857142858,57.43571428571429,9.171428571428573,20.4
2024-03-10,Greater Noida,20.4,59.1,12.7,0.0,70,3,0.9335418911179212,0.35846832151248087,19.5,62.2,21.0,57.7,20.05,57.85,19.364285714285717,57.50714285714286,9.628571428571428,20.9
2024-03-11,Greater Noida,20.9,62.9,9.7,0.0,71,3,0.9395699859530622,0.342356891994542,20.4,59.1,19.5,62.2,21.0,57.7,19.935714285714287,59.035714285714285,9.614285714285714,25.8
2024-03-12,Greater Noida,25.8,56.0,10.9,0.0,72,3,0.945320046913132,0.3261441535642696,20.9,62.9,20.4,59.1,19.5,62.2,20.964285714285715,59.107142857142854,9.87142857142857,25.1
2024-03-13,Greater Noida,25.1,65.7,8.0,0.0,73,3,0.9507903724625832,0.3098349038318025,25.8,56.0,20.9,62.9,20.4,59.1,21.821428571428573,60.20714285714286,9.628571428571428,22.3
2024-03-14,Greater Noida,22.3,54.0,9.4,0.0,74,3,0.9559793438440766,0.2934339689665273,25.1,65.7,25.8,56.0,20.9,62.9,22.142857142857142,59.65714285714286,9.585714285714285,22.6
2024-03-15,Greater Noida,22.6,52.7,9.1,0.0,75,3,0.9608854255574977,0.27694620226893646,22.3,54.0,25.1,65.7,25.8,56.0,22.37142857142857,58.94285714285714,9.442857142857141,21.7
2024-03-16,Greater Noida,21.7,50.8,12.3,0.0,76,3,0.9655071658143364,0.2603764827344581,22.6,52.7,22.3,54.0,25.1,65.7,22.685714285714283,57.314285714285724,10.299999999999999,20.9
2024-03-17,Greater Noida,20.9,64.8,9.3,0.0,77,3,0.969843196967294,0.24372971360968387,21.7,50.8,22.6,52.7,22.3,54.0,22.757142857142856,58.128571428571426,9.814285714285715,23.7
2024-03-18,Greater Noida,23.7,58.6,11.3,0.0,78,3,0.9738922359149924,0.22701082094141847,20.9,64.8,21.7,50.8,22.6,52.7,23.157142857142862,57.51428571428572,10.042857142857143,22.7
2024-03-19,Greater Noida,22.7,53.9,9.3,0.0,79,3,0.9776530844816641,0.2102247521189836,23.7,58.6,20.9,64.8,21.7,50.8,22.714285714285715,57.214285714285715,9.814285714285715,24.3
2024-03-20,Greater Noida,24.3,60.1,9.6,0.0,80,3,0.981124629771712,0.19337647441020586,22.7,53.9,23.7,58.6,20.9,64.8,22.599999999999998,56.41428571428571,10.042857142857144,22.4
2024-03-21,Greater Noida,22.4,57.7,9.9,0.0,81,3,0.984305844499033,0.17647097349152166,24.3,60.1,22.7,53.9,23.7,58.6,22.61428571428571,56.942857142857136,10.114285714285714,23.8
2024-03-22,Greater Noida,23.8,62.6,12.3,0.0,82,3,0.9871957872910085,0.15951325197263655,22.4,57.7,24.3,60.1,22.7,53.9,22.785714285714285,58.357142857142854,10.571428571428571,25.4
2024-03-23,Greater Noida,25.4,48.4,7.5,0.0,83,3,0.9897936029670716,0.14250832791617088,23.8,62.6,22.4,57.7,24.3,60.1,23.314285714285717,58.01428571428572,9.885714285714286,25.9
2024-03-24,Greater Noida,25.9,53.4,8.4,0.0,84,3,0.992098522791769,0.12546123335273648,25.4,48.4,23.8,62.6,22.4,57.7,24.02857142857143,56.38571428571429,9.757142857142858,26.3
2024-03-25,Greater Noida,26.3,52.5,7.5,0.0,85,3,0.9941098647022418,0.10837701279187609,25.9,53.4,25.4,48.4,23.8,62.6,24.400000000000002,55.51428571428572,9.214285714285714,24.1
2024-03-26,Greater Noida,24.1,46.3,8.8,0.0,86,3,0.9958270335100595,0.09126072172931188,26.3,52.5,25.9,53.4,25.4,48.4,24.599999999999998,54.42857142857143,9.142857142857142,27.4
2024-03-27,Greater Noida,27.4,58.3,9.3,0.0,87,3,0.9972495210773451,0.07411742515094437,24.1,46.3,26.3,52.5,25.9,53.4,25.04285714285714,54.17142857142857,9.1,25.3
2024-03-28,Greater Noida,25.3,52.8,8.1,0.0,88,3,0.998376906467142,0.056952196034039754,27.4,58.3,24.1,46.3,26.3,52.5,25.45714285714286,53.471428571428575,8.842857142857143,27.6
2024-03-29,Greater Noida,27.6,56.7,9.4,0.0,89,3,0.9992088560679753,0.03977011384605572,25.3,52.8,27.4,58.3,24.1,46.3,26.0,52.628571428571426,8.428571428571429,26.9
2024-03-30,Greater Noida,26.9,63.0,7.6,0.0,90,3,0.9997451236925734,0.022576263041545485,27.6,56.7,25.3,52.8,27.4,58.3,26.214285714285715,54.714285714285715,8.442857142857143,25.3
2024-03-31,Greater Noida,25.3,52.1,9.1,0.0,91,3,0.9999855506507186,0.005375731557583884,26.9,63.0,27.6,56.7,25.3,52.8,26.12857142857143,54.52857142857143,8.542857142857143,27.0
2024-04-01,Greater Noida,27.0,51.6,12.4,0.0,92,4,0.9999300657962057,-0.011826390691832589,25.3,52.1,26.9,63.0,27.6,56.7,26.228571428571428,54.4,9.242857142857144,28.2
2024-04-02,Greater Noida,28.2,53.7,11.3,0.0,93,4,0.9995786855478958,-0.029025013321975237,27.0,51.6,25.3,52.1,26.9,63.0,26.814285714285717,55.45714285714286,9.6,28.8
2024-04-03,Greater Noida,28.8,57.0,11.0,0.0,94,4,0.9989315138848577,-0.046215046983708354,28.2,53.7,27.0,51.6,25.3,52.1,27.014285714285712,55.271428571428565,9.842857142857143,28.0
2024-04-04,Greater Noida,28.0,50.7,9.2,0.0,95,4,0.9979887423155984,-0.06339140486951038,28.8,57.0,28.2,53.7,27.0,51.6,27.4,54.971428571428575,10.0,30.6
2024-04-05,Greater Noida,30.6,50.3,8.4,0.0,96,4,0.9967506498213929,-0.08054900421874167,28.0,50.7,28.8,57.0,28.2,53.7,27.82857142857143,54.05714285714286,9.857142857142858,30.1
2024-04-06,Greater Noida,30.1,56.9,9.0,0.0,97,4,0.9952176027737294,-0.09768276782171598,30.6,50.3,28.0,50.7,28.8,57.0,28.285714285714285,53.18571428571429,10.057142857142859,28.6
2024-04-07,Greater Noida,28.6,54.1,10.7,0.0,98,4,0.9933900548258936,-0.11478762552212701,30.1,56.9,30.6,50.3,28.0,50.7,28.75714285714286,53.47142857142857,10.285714285714286,30.3
2024-04-08,Greater Noida,30.3,44.2,12.1,0.0,99,4,0.9912685467787256,-0.13185851571739118,28.6,54.1,30.1,56.9,30.6,50.3,29.22857142857143,52.41428571428572,10.242857142857144,32.2
2024-04-09,Greater Noida,32.2,47.4,12.2,0.0,100,4,0.9888537064205885,-0.1488903868564548,30.3,44.2,28.6,54.1,30.1,56.9,29.8,51.51428571428572,10.37142857142857,32.4
2024-04-10,Greater Noida,32.4,58.2,11.8,0.0,101,4,0.986146248341595,-0.16587819893463143,32.2,47.4,30.3,44.2,28.6,54.1,30.314285714285717,51.68571428571429,10.485714285714286,28.2
2024-04-11,Greater Noida,28.2,53.7,9.7,0.0,102,4,0.9831469737221499,-0.1828169249850199,32.4,58.2,32.2,47.4,30.3,44.2,30.342857142857145,52.114285714285714,10.557142857142855,28.9
2024-04-12,Greater Noida,28.9,48.9,10.9,0.0,103,4,0.9798567700958665,-0.1997015525660636,28.2,53.7,32.4,58.2,32.2,47.4,30.1,51.91428571428571,10.914285714285715,32.5
2024-04-13,Greater Noida,32.5,51.2,10.4,0.0,104,4,0.9762766110869321,-0.21652708524481437,28.9,48.9,28.2,53.7,32.4,58.2,30.442857142857143,51.1,11.114285714285716,29.2
2024-04-14,Greater Noida,29.2,51.8,10.6,0.0,105,4,0.9724075561219968,-0.23328854407545518,32.5,51.2,28.9,48.9,28.2,53.7,30.52857142857143,50.77142857142858,11.1,29.0
2024-04-15,Greater Noida,29.0,54.6,14.0,0.0,106,4,0.9682507501166718,-0.2499809690726521,29.2,51.8,32.5,51.2,28.9,48.9,30.342857142857138,52.25714285714286,11.37142857142857,30.4
2024-04-16,Greater Noida,30.4,46.1,8.3,0.0,107,4,0.9638074231367307,-0.26659942067929354,29.0,54.6,29.2,51.8,32.5,51.2,30.085714285714285,52.07142857142857,10.814285714285715,31.9
2024-04-17,Greater Noida,31.9,48.1,10.6,0.0,108,4,0.9590788900341131,-0.28313898122818354,30.4,46.1,29.0,54.6,29.2,51.8,30.014285714285712,50.62857142857143,10.642857142857142,31.4
2024-04-18,Greater Noida,31.4,52.5,12.8,0.0,109,4,0.9540665500578387,-0.2995947563972602,31.9,48.1,30.4,46.1,29.0,54.6,30.47142857142857,50.457142857142856,11.085714285714285,30.9
2024-04-19,Greater Noida,30.9,50.9,8.7,0.0,110,4,0.9487718864399473,-0.31596187665790293,31.4,52.5,31.9,48.1,30.4,46.1,30.757142857142856,50.74285714285714,10.77142857142857,31.1
2024-04-20,Greater Noida,31.1,53.5,10.0,0.0,111,4,0.9431964659565866,-0.33223549871590435,30.9,50.9,31.4,52.5,31.9,48.1,30.557142857142857,51.07142857142857,10.714285714285714,31.2
2024-04-21,Greater Noida,31.2,46.2,10.2,0.0,112,4,0.9373419384643772,-0.3484108069446808,31.1,53.5,30.9,50.9,31.4,52.5,30.842857142857145,50.271428571428565,10.657142857142858,31.2
2024-04-22,Greater Noida,31.2,52.5,10.6,0.0,113,4,0.9312100364121947,-0.3644830148102912,31.2,46.2,31.1,53.5,30.9,50.9,31.157142857142855,49.97142857142857,10.171428571428573,35.9
2024-04-23,Greater Noida,35.9,55.4,8.6,0.0,114,4,0.9248025743285089,-0.38044736628785164,31.2,52.5,31.2,46.2,31.1,53.5,31.942857142857143,51.300000000000004,10.214285714285714,33.3
2024-04-24,Greater Noida,33.3,52.9,11.9,0.0,115,4,0.9181214482844365,-0.39629913726891813,35.9,55.4,31.2,52.5,31.2,46.2,32.142857142857146,51.98571428571428,10.4,34.3
2024-04-25,Greater Noida,34.3,51.5,12.0,0.0,116,4,0.9111686353326631,-0.41203363695942635,33.3,52.9,35.9,55.4,31.2,52.5,32.55714285714286,51.84285714285714,10.285714285714286,32.6
2024-04-26,Greater Noida,32.6,50.5,11.8,0.0,117,4,0.9039461929224011,-0.42764620926777464,34.3,51.5,33.3,52.9,35.9,55.4,32.8,51.785714285714285,10.728571428571428,33.3
2024-04-27,Greater Noida,33.3,47.5,9.7,0.0,118,4,0.8964562582905575,-0.44313223418263453,32.6,50.5,34.3,51.5,33.3,52.9,33.114285714285714,50.92857142857143,10.685714285714285,32.7
2024-04-28,Greater Noida,32.7,50.5,11.1,11.2,119,4,0.8887010478292915,-0.45848712914008766,33.3,47.5,32.6,50.5,34.3,51.5,33.32857142857143,51.54285714285714,10.814285714285715,27.2
2024-04-29,Greater Noida,27.2,55.8,9.7,0.0,120,4,0.8806828564301475,-0.47370635037968,32.7,50.5,33.3,47.5,32.6,50.5,32.75714285714286,52.01428571428571,10.685714285714285,32.2
2024-04-30,Greater Noida,32.2,50.3,10.5,0.0,121,4,0.8724040568049612,-0.48878539428899265,27.2,55.8,32.7,50.5,33.3,47.5,32.22857142857143,51.285714285714285,10.957142857142856,31.8
2024-05-01,Greater Noida,31.8,47.2,14.2,13.9,122,5,0.8638670987837349,-0.503719798736334,32.2,50.3,27.2,55.8,32.7,50.5,32.01428571428572,50.471428571428575,11.285714285714286,28.4
2024-05-02,Greater Noida,28.4,48.7,11.1,0.0,123,5,0.8550745085896932,-0.518505144391157,31.8,47.2,32.2,50.3,27.2,55.8,31.17142857142857,50.07142857142857,11.157142857142857,33.0
2024-05-03,Greater Noida,33.0,51.5,9.2,0.0,124,5,0.8460288880917339,-0.533137056031809,28.4,48.7,31.8,47.2,32.2,50.3,31.22857142857143,50.214285714285715,10.785714285714283,36.7
2024-05-04,Greater Noida,36.7,49.2,11.3,0.0,125,5,0.8367329140344921,-0.5476112038402312,33.0,51.5,28.4,48.7,31.8,47.2,31.714285714285715,50.45714285714286,11.014285714285714,35.0
2024-05-05,Greater Noida,35.0,52.7,9.0,0.0,126,5,0.8271893372462497,-0.5619233046832195,36.7,49.2,33.0,51.5,28.4,48.7,32.042857142857144,50.77142857142858,10.714285714285714,37.1
2024-05-06,Greater Noida,37.1,52.9,9.2,0.0,127,5,0.8174009818249189,-0.5760691233798758,35.0,52.7,36.7,49.2,33.0,51.5,33.457142857142856,50.357142857142854,10.642857142857142,36.0
2024-05-07,Greater Noida,36.0,54.4,9.4,0.0,128,5,0.8073707443023492,-0.5900444739548627,37.1,52.9,35.0,52.7,36.7,49.2,34.0,50.94285714285714,10.485714285714284,36.7
2024-05-08,Greater Noida,36.7,56.5,10.3,0.0,129,5,0.7971015927871943,-0.6038452208771035,36.0,54.4,37.1,52.9,35.0,52.7,34.7,52.271428571428565,9.928571428571429,34.5
2024-05-09,Greater Noida,34.5,54.9,12.4,0.0,130,5,0.7865965660866021,-0.6174672802835514,36.7,56.5,36.0,54.4,37.1,52.9,35.57142857142858,53.15714285714286,10.114285714285714,36.7
2024-05-10,Greater Noida,36.7,47.2,11.8,8.8,131,5,0.7758587728069828,-0.6309066211876704,34.5,54.9,36.7,56.5,36.0,54.4,36.1,52.542857142857144,10.485714285714286,34.1
2024-05-11,Greater Noida,34.1,47.4,11.7,26.1,132,5,0.7648913904341226,-0.6441592666722685,36.7,47.2,34.5,54.9,36.7,56.5,35.728571428571435,52.285714285714285,10.542857142857143,27.0
2024-05-12,Greater Noida,27.0,50.8,9.3,0.0,133,5,0.753697664392914,-0.6572212950663319,34.1,47.4,36.7,47.2,34.5,54.9,34.58571428571429,52.01428571428571,10.585714285714285,37.2
2024-05-13,Greater Noida,37.2,49.4,10.1,0.0,134,5,0.742280907086982,-0.6700888411055113,27.0,50.8,34.1,47.4,36.7,47.2,34.6,51.51428571428572,10.714285714285714,37.4
2024-05-14,Greater Noida,37.4,46.7,11.3,0.0,135,5,0.7306444969184916,-0.6827580970759147,37.2,49.4,27.0,50.8,34.1,47.4,34.800000000000004,50.41428571428572,10.985714285714286,36.0
2024-05-15,Greater Noida,36.0,49.6,10.0,0.0,136,5,0.7187918772884232,-0.6952253139408722,37.4,46.7,37.2,49.4,27.0,50.8,34.7,49.42857142857143,10.942857142857141,35.3
2024-05-16,Greater Noida,35.3,49.6,10.5,0.0,137,5,0.7067265555776158,-0.7074868024503348,36.0,49.6,37.4,46.7,37.2,49.4,34.81428571428571,48.67142857142857,10.671428571428573,35.4
2024-05-17,Greater Noida,35.4,48.9,11.5,0.0,138,5,0.6944521021088763,-0.719538934232584,35.3,49.6,36.0,49.6,37.4,46.7,34.628571428571426,48.91428571428571,10.62857142857143,37.3
2024-05-18,Greater Noida,37.3,50.5,10.3,0.0,139,5,0.6819721490904629,-0.7313781428679254,35.4,48.9,35.3,49.6,36.0,49.6,35.08571428571429,49.357142857142854,10.428571428571429,37.7
2024-05-19,Greater Noida,37.7,56.6,11.2,0.0,140,5,0.6692903895412567,-0.7430009249440493,37.3,50.5,35.4,48.9,35.3,49.6,36.614285714285714,50.18571428571429,10.700000000000001,36.3
2024-05-20,Greater Noida,36.3,52.8,13.2,40.5,141,5,0.6564105761979381,-0.7544038410927472,37.7,56.6,37.3,50.5,35.4,48.9,36.48571428571428,50.67142857142857,11.142857142857142,29.1
2024-05-21,Greater Noida,29.1,62.1,10.6,19.4,142,5,0.6433365204044917,-0.765583517007675,36.3,52.8,37.7,56.6,37.3,50.5,35.3,52.871428571428574,11.042857142857143,30.0
2024-05-22,Greater Noida,30.0,53.0,12.6,0.0,143,5,0.6300720909843687,-0.7765366444428655,29.1,62.1,36.3,52.8,37.7,56.6,34.44285714285714,53.357142857142854,11.414285714285713,38.6
2024-05-23,Greater Noida,38.6,51.4,11.6,28.3,144,5,0.6166212130956382,-0.7872599821916922,30.0,53.0,29.1,62.1,36.3,52.8,34.91428571428572,53.614285714285714,11.571428571428571,31.6
2024-05-24,Greater Noida,31.6,52.7,8.6,0.0,145,5,0.6029878670694714,-0.7977503570459932,38.6,51.4,30.0,53.0,29.1,62.1,34.371428571428574,54.15714285714285,11.157142857142857,39.8
2024-05-25,Greater Noida,39.8,53.9,9.1,0.0,146,5,0.5891760872322963,-0.8080046647350754,31.6,52.7,38.6,51.4,30.0,53.0,34.728571428571435,54.642857142857146,10.985714285714284,36.7
2024-05-26,Greater Noida,36.7,54.9,9.5,0.0,147,5,0.5751899607119775,-0.8180198708443175,39.8,53.9,31.6,52.7,38.6,51.4,34.58571428571428,54.4,10.742857142857142,40.6
2024-05-27,Greater Noida,40.6,61.7,9.4,0.0,148,5,0.5610336262283677,-0.8277930117131022,36.7,54.9,39.8,53.9,31.6,52.7,35.2,55.67142857142857,10.2,37.6
2024-05-28,Greater Noida,37.6,50.2,10.5,0.0,149,5,0.5467112728685939,-0.8373211953118121,40.6,61.7,36.7,54.9,39.8,53.9,36.41428571428572,53.971428571428575,10.185714285714285,39.9
2024-05-29,Greater Noida,39.9,57.2,11.6,16.0,150,5,0.5322271388474397,-0.8466016020976267,37.6,50.2,40.6,61.7,36.7,54.9,37.82857142857143,54.57142857142857,10.042857142857143,30.1
2024-05-30,Greater Noida,30.1,54.9,12.5,0.0,151,5,0.5175855102531889,-0.8556314858488706,39.9,57.2,37.6,50.2,40.6,61.7,36.614285714285714,55.07142857142857,10.171428571428573,38.0
2024-05-31,Greater Noida,38.0,48.0,11.1,2.0,152,5,0.5027907197793043,-0.8644081744776648,30.1,54.9,39.9,57.2,37.6,50.2,37.528571428571425,54.4,10.528571428571428,36.1
2024-06-01,Greater Noida,36.1,57.6,9.9,0.0,153,6,0.4878471454423119,-0.8729290708206411,38.0,48.0,30.1,54.9,39.9,57.2,37.0,54.92857142857143,10.642857142857142,38.5
2024-06-02,Greater Noida,38.5,59.9,7.4,7.7,154,6,0.47275920928627757,-0.881191653407483,36.1,57.6,38.0,48.0,30.1,54.9,37.25714285714286,55.642857142857146,10.342857142857143,33.6
2024-06-03,Greater Noida,33.6,51.7,10.6,15.1,155,6,0.4575313760742512,-0.8891934772070711,38.5,59.9,36.1,57.6,38.0,48.0,36.25714285714285,54.214285714285715,10.514285714285714,31.7
2024-06-04,Greater Noida,31.7,55.3,10.5,15.5,156,6,0.44216815196707204,-0.8969321743510065,33.6,51.7,38.5,59.9,36.1,57.6,35.41428571428572,54.94285714285714,10.514285714285714,32.6
2024-06-05,Greater Noida,32.6,48.8,10.7,0.0,157,6,0.42667408318992467,-0.9044054548343001,31.7,55.3,33.6,51.7,38.5,59.9,34.371428571428574,53.74285714285714,10.385714285714286,37.9
2024-06-06,Greater Noida,37.9,50.9,13.6,22.5,158,6,0.4110537546870351,-0.9116111071930239,32.6,48.8,31.7,55.3,33.6,51.7,35.48571428571429,53.17142857142857,10.542857142857143,31.0
2024-06-07,Greater Noida,31.0,60.5,12.3,2.1,159,6,0.3953117887649151,-0.9185469991587165,37.9,50.9,32.6,48.8,31.7,55.3,34.48571428571429,54.957142857142856,10.714285714285714,38.1
2024-06-08,Greater Noida,38.1,54.7,11.5,0.0,160,6,0.37945284372454435,-0.925211078289358,31.0,60.5,37.9,50.9,32.6,48.8,34.77142857142857,54.54285714285714,10.942857142857141,38.3
2024-06-09,Greater Noida,38.3,52.5,8.9,13.5,161,6,0.36348161248290634,-0.9316013725767187,38.1,54.7,31.0,60.5,37.9,50.9,34.74285714285714,53.48571428571428,11.157142857142858,37.3
2024-06-10,Greater Noida,37.3,58.1,9.5,0.0,162,6,0.3474028211842774,-0.9377159910299093,38.3,52.5,38.1,54.7,31.0,60.5,35.27142857142857,54.4,11.0,39.2
2024-06-11,Greater Noida,39.2,55.4,10.1,3.7,163,6,0.3312212278016865,-0.9435531242349544,37.3,58.1,38.3,52.5,38.1,54.7,36.34285714285714,54.41428571428571,10.942857142857141,41.7
2024-06-12,Greater Noida,41.7,56.0,9.1,0.0,164,6,0.31494162072895193,-0.9491110448902284,39.2,55.4,37.3,58.1,38.3,52.5,37.642857142857146,55.442857142857136,10.714285714285714,38.7
2024-06-13,Greater Noida,38.7,61.1,10.9,0.0,165,6,0.2985688173637202,-0.9543881083175908,41.7,56.0,39.2,55.4,37.3,58.1,37.75714285714286,56.9,10.328571428571427,40.8
2024-06-14,Greater Noida,40.8,53.9,10.7,0.0,166,6,0.2821076626819194,-0.9593827529490743,38.7,61.1,41.7,56.0,39.2,55.4,39.15714285714286,55.957142857142856,10.1,39.5
2024-06-15,Greater Noida,39.5,55.2,8.5,0.0,167,6,0.26556302780405594,-0.9640935007889755,40.8,53.9,38.7,61.1,41.7,56.0,39.357142857142854,56.02857142857143,9.671428571428573,40.5
2024-06-16,Greater Noida,40.5,59.8,11.9,0.0,168,6,0.24893980855376657,-0.9685189578512204,39.5,55.2,40.8,53.9,38.7,61.1,39.67142857142857,57.07142857142857,10.099999999999998,38.8
2024-06-17,Greater Noida,38.8,63.4,10.2,18.4,169,6,0.23224292400907015,-0.9726578145718654,40.5,59.8,39.5,55.2,40.8,53.9,39.885714285714286,57.82857142857143,10.2,30.8
2024-06-18,Greater Noida,30.8,64.8,7.4,13.2,170,6,0.21547731504673012,-0.976508846196619,38.8,63.4,40.5,59.8,39.5,55.2,38.68571428571429,59.17142857142858,9.814285714285715,36.3
2024-06-19,Greater Noida,36.3,57.5,9.9,0.0,171,6,0.19864794288017112,-0.9800709131432666,30.8,64.8,38.8,63.4,40.5,59.8,37.91428571428571,59.38571428571429,9.928571428571429,38.2
2024-06-20,Greater Noida,38.2,64.3,10.4,3.8,172,6,0.18175978759137534,-0.9833429613388902,36.3,57.5,30.8,64.8,38.8,63.4,37.84285714285714,59.84285714285714,9.857142857142858,40.3
2024-06-21,Greater Noida,40.3,57.7,11.3,14.3,173,6,0.16481784665719793,-0.9863240225317866,38.2,64.3,36.3,57.5,30.8,64.8,37.771428571428565,60.38571428571429,9.942857142857141,37.3
2024-06-22,Greater Noida,37.3,68.5,9.3,0.0,174,6,0.14782713347053048,-0.9890132145779883,40.3,57.7,38.2,64.3,36.3,57.5,37.457142857142856,62.285714285714285,10.057142857142859,40.2
2024-06-23,Greater Noida,40.2,57.0,11.1,9.7,175,6,0.13079267585675922,-0.9914097417023038,37.3,68.5,40.3,57.7,38.2,64.3,37.41428571428571,61.88571428571429,9.942857142857141,38.5
2024-06-24,Greater Noida,38.5,67.2,10.0,24.1,176,6,0.11371951458594969,-0.9935128947338007,40.2,57.0,37.3,68.5,40.3,57.7,37.37142857142857,62.42857142857143,9.914285714285715,32.9
2024-06-25,Greater Noida,32.9,59.5,7.8,0.0,177,6,0.0966127018812031,-0.9953220513156602,38.5,67.2,40.2,57.0,37.3,68.5,37.67142857142857,61.67142857142858,9.971428571428572,38.8
2024-06-26,Greater Noida,38.8,70.5,7.6,3.5,178,6,0.07947729992362097,-0.9968366760893436,32.9,59.5,38.5,67.2,40.2,57.0,38.028571428571425,63.52857142857143,9.642857142857142,39.8
2024-06-27,Greater Noida,39.8,65.1,11.3,0.0,179,6,0.062318379354325076,-0.998056320853012,38.8,70.5,32.9,59.5,38.5,67.2,38.25714285714286,63.642857142857146,9.771428571428572,38.4
2024-06-28,Greater Noida,38.4,59.0,11.4,0.0,180,6,0.04514101777397193,-0.9989806246941579,39.8,65.1,38.8,70.5,32.9,59.5,37.98571428571428,63.82857142857142,9.785714285714286,39.2
2024-06-29,Greater Noida,39.2,61.3,10.0,0.0,181,6,0.02795029824021032,-0.999609314096404,38.4,59.0,39.8,65.1,38.8,70.5,38.25714285714286,62.8,9.885714285714286,38.3
2024-06-30,Greater Noida,38.3,66.8,11.8,19.7,182,6,0.01075130776352193,-0.9999422030204416,39.2,61.3,38.4,59.0,39.8,65.1,37.98571428571428,64.2,9.985714285714286,32.9
2024-07-01,Greater Noida,32.9,68.2,11.0,22.6,183,7,-0.00645086419810515,-0.9999791929590823,38.3,66.8,39.2,61.3,38.4,59.0,37.18571428571429,64.34285714285714,10.12857142857143,31.1
2024-07-02,Greater Noida,31.1,63.9,10.4,0.0,184,7,-0.023651127245231586,-0.9997202729664083,32.9,68.2,38.3,66.8,39.2,61.3,36.92857142857143,64.97142857142856,10.5,38.7
2024-07-03,Greater Noida,38.7,64.7,8.0,0.0,185,7,-0.04084439154329611,-0.9991655196610109,31.1,63.9,32.9,68.2,38.3,66.8,36.91428571428571,64.14285714285714,10.557142857142855,40.6
2024-07-04,Greater Noida,40.6,67.8,11.9,0.0,186,7,-0.05802556932878035,-0.9983150972033183,38.7,64.7,31.1,63.9,32.9,68.2,37.028571428571425,64.52857142857142,10.642857142857142,35.8
2024-07-05,Greater Noida,35.8,65.5,10.1,20.0,187,7,-0.07518957641475855,-0.9971692572470178,40.6,67.8,38.7,64.7,31.1,63.9,36.65714285714286,65.45714285714286,10.457142857142857,27.5
2024-07-06,Greater Noida,27.5,60.1,8.7,10.1,188,7,-0.09233133369539122,-0.9957283388645872,35.8,65.5,40.6,67.8,38.7,64.7,34.98571428571429,65.28571428571429,10.271428571428572,36.8
2024-07-07,Greater Noida,36.8,62.2,8.2,18.6,189,7,-0.10944576864891556,-0.993992768446958,27.5,60.1,35.8,65.5,40.6,67.8,34.77142857142857,64.62857142857142,9.757142857142856,30.2
2024-07-08,Greater Noida,30.2,66.6,9.5,15.7,190,7,-0.12652781683868314,-0.9919630595773397,36.8,62.2,27.5,60.1,35.8,65.5,34.385714285714286,64.39999999999999,9.542857142857143,30.4
2024-07-09,Greater Noida,30.4,70.7,6.6,1.8,191,7,-0.1435724234118113,-0.9896398128792412,30.2,66.6,36.8,62.2,27.5,60.1,34.285714285714285,65.37142857142858,8.999999999999998,36.6
2024-07-10,Greater Noida,36.6,72.5,10.1,0.0,192,7,-0.16057454459499376,-0.9870237158387383,30.4,70.7,30.2,66.6,36.8,62.2,33.98571428571429,66.48571428571428,9.299999999999999,38.4
2024-07-11,Greater Noida,38.4,69.3,7.6,14.6,193,7,-0.17752914918703497,-0.984115542601034,36.6,72.5,30.4,70.7,30.2,66.6,33.67142857142857,66.7,8.685714285714285,38.1
2024-07-12,Greater Noida,38.1,67.5,9.5,0.0,194,7,-0.19443122004766195,-0.9809161537413774,38.4,69.3,36.6,72.5,30.4,70.7,34.0,66.98571428571428,8.6,39.3
2024-07-13,Greater Noida,39.3,69.5,8.1,0.0,195,7,-0.2112757555821793,-0.9774264960104055,38.1,67.5,38.4,69.3,36.6,72.5,35.68571428571429,68.32857142857142,8.514285714285714,38.3
2024-07-14,Greater Noida,38.3,64.0,8.4,15.9,196,7,-0.2280577712215198,-0.9736476020539838,39.3,69.5,38.1,67.5,38.4,69.3,35.9,68.58571428571429,8.542857142857143,28.9
2024-07-15,Greater Noida,28.9,66.2,7.7,8.9,197,7,-0.24477230089725957,-0.9695805901076308,38.3,64.0,39.3,69.5,38.1,67.5,35.714285714285715,68.52857142857142,8.285714285714285,34.3
2024-07-16,Greater Noida,34.3,63.6,8.5,0.0,198,7,-0.2614143985111562,-0.965226663665613,28.9,66.2,38.3,64.0,39.3,69.5,36.271428571428565,67.5142857142857,8.557142857142859,34.8
2024-07-17,Greater Noida,34.8,62.0,11.5,1.4,199,7,-0.2779791393987801,-0.9605871111248129,34.3,63.6,28.9,66.2,38.3,64.0,36.01428571428571,66.0142857142857,8.757142857142856,38.0
2024-07-18,Greater Noida,38.0,68.4,10.7,35.8,200,7,-0.2944616217868012,-0.9556633054034704,34.8,62.0,34.3,63.6,28.9,66.2,35.957142857142856,65.88571428571429,9.200000000000001,30.2
2024-07-19,Greater Noida,30.2,67.9,9.1,0.0,201,7,-0.3108569682435036,-0.9504567035349151,38.0,68.4,34.8,62.0,34.3,63.6,34.82857142857143,65.94285714285715,9.142857142857142,35.2
2024-07-20,Greater Noida,35.2,69.9,8.5,0.0,202,7,-0.3271603271220951,-0.9449688462364056,30.2,67.9,38.0,68.4,34.8,62.0,34.24285714285714,66.00000000000001,9.200000000000001,36.3
2024-07-21,Greater Noida,36.3,69.4,9.8,0.0,203,7,-0.34336687399638804,-0.939201357453208,35.2,69.9,30.2,67.9,38.0,68.4,33.957142857142856,66.77142857142857,9.4,35.5
2024-07-22,Greater Noida,35.5,68.2,10.1,0.0,204,7,-0.3594718130884232,-0.9331559438780432,36.3,69.4,35.2,69.9,30.2,67.9,34.9,67.05714285714286,9.742857142857144,35.6
2024-07-23,Greater Noida,35.6,69.5,7.1,7.0,205,7,-0.3754703786876202,-0.9268343944460494,35.5,68.2,36.3,69.4,35.2,69.9,35.08571428571428,67.9,9.542857142857143,33.9
2024-07-24,Greater Noida,33.9,67.1,8.2,0.0,206,7,-0.3913578365610259,-0.9202385798054075,35.6,69.5,35.5,68.2,36.3,69.4,34.957142857142856,68.62857142857143,9.071428571428571,33.8
2024-07-25,Greater Noida,33.8,68.9,5.6,0.0,207,7,-0.4071294853542516,-0.9133704517637858,33.9,67.1,35.6,69.5,35.5,68.2,34.357142857142854,68.7,8.342857142857143,37.4
2024-07-26,Greater Noida,37.4,64.3,9.9,0.0,208,7,-0.4227806579826773,-0.9062320427107697,33.8,68.9,33.9,67.1,35.6,69.5,35.385714285714286,68.18571428571428,8.457142857142857,37.4
2024-07-27,Greater Noida,37.4,68.7,11.3,0.0,209,7,-0.4383067230125192,-0.898825465016444,37.4,64.3,33.8,68.9,33.9,67.1,35.7,68.01428571428572,8.857142857142858,35.9
2024-07-28,Greater Noida,35.9,69.8,8.3,0.0,210,7,-0.45370308603134424,-0.8911529104063088,37.4,68.7,37.4,64.3,33.8,68.9,35.642857142857146,68.07142857142857,8.642857142857142,32.6
2024-07-29,Greater Noida,32.6,64.4,4.9,0.0,211,7,-0.46896519100763184,-0.8832166493127127,35.9,69.8,37.4,68.7,37.4,64.3,35.22857142857143,67.52857142857142,7.8999999999999995,34.5
2024-07-30,Greater Noida,34.5,67.2,8.9,17.4,212,7,-0.48408852163897587,-0.8750190302029955,32.6,64.4,35.9,69.8,37.4,68.7,35.07142857142857,67.2,8.157142857142857,29.0
2024-07-31,Greater Noida,29.0,64.4,6.6,0.0,213,7,-0.4990686026885319,-0.8665624788845385,34.5,67.2,32.6,64.4,35.9,69.8,34.371428571428574,66.81428571428572,7.928571428571429,31.7
2024-08-01,Greater Noida,31.7,64.7,6.9,12.7,214,8,-0.5139010013093103,-0.8578494977869301,29.0,64.4,34.5,67.2,32.6,64.4,34.07142857142857,66.21428571428571,8.114285714285716,31.9
2024-08-02,Greater Noida,31.9,62.2,8.8,0.0,215,8,-0.5285813283559292,-0.8488826652214553,31.7,64.7,29.0,64.4,34.5,67.2,33.285714285714285,65.91428571428573,7.957142857142857,33.6
2024-08-03,Greater Noida,33.6,71.6,8.2,0.0,216,8,-0.5431052396834317,-0.8396646346181327,31.9,62.2,31.7,64.7,29.0,64.4,32.74285714285714,66.32857142857144,7.514285714285714,36.2
2024-08-04,Greater Noida,36.2,70.7,7.0,0.0,217,8,-0.5574684374327892,-0.8301981337405212,33.6,71.6,31.9,62.2,31.7,64.7,32.785714285714285,66.45714285714286,7.328571428571429,33.9
2024-08-05,Greater Noida,33.9,68.4,6.7,18.3,218,8,-0.5716666713027052,-0.8204859638785327,36.2,70.7,33.6,71.6,31.9,62.2,32.971428571428575,67.02857142857144,7.585714285714286,26.7
2024-08-06,Greater Noida,26.7,74.0,7.9,0.0,219,8,-0.5856957398073508,-0.8105309990194823,33.9,68.4,36.2,70.7,33.6,71.6,31.857142857142858,68.0,7.442857142857143,35.3
2024-08-07,Greater Noida,35.3,65.2,7.0,8.8,220,8,-0.5995514915196489,-0.8003361849976323,26.7,74.0,33.9,68.4,36.2,70.7,32.75714285714286,68.11428571428571,7.5,35.6
2024-08-08,Greater Noida,35.6,77.9,5.9,43.8,221,8,-0.6132298262997502,-0.7899045386224707,35.3,65.2,26.7,74.0,33.9,68.4,33.31428571428572,70.0,7.357142857142857,25.3
2024-08-09,Greater Noida,25.3,72.2,6.95,5.8,222,8,-0.6267266965083301,-0.7792391467859886,35.6,77.9,35.3,65.2,26.7,74.0,32.371428571428574,71.42857142857143,7.092857142857143,31.4
2024-08-10,Greater Noida,31.4,66.5,8.0,0.0,223,8,-0.6400381082043503,-0.7683431655492202,25.3,72.2,35.6,77.9,35.3,65.2,32.05714285714286,70.7,7.064285714285715,31.6
2024-08-11,Greater Noida,31.6,63.7,7.1,10.0,224,8,-0.65316012232693,-0.7572198192083127,31.4,66.5,25.3,72.2,35.6,77.9,31.4,69.7,7.078571428571428,32.1
2024-08-12,Greater Noida,32.1,66.6,5.2,0.0,225,8,-0.666088855860977,-0.7458723993404063,31.6,63.7,31.4,66.5,25.3,72.2,31.142857142857142,69.44285714285714,6.864285714285715,32.2
2024-08-13,Greater Noida,32.2,68.2,8.8,2.9,226,8,-0.6788204829862355,-0.734304263829602,32.1,66.6,31.6,63.7,31.4,66.5,31.928571428571427,68.61428571428573,6.992857142857143,32.3
2024-08-14,Greater Noida,32.3,64.2,3.2,0.0,227,8,-0.6913512362094071,-0.722518835873311,32.2,68.2,32.1,66.6,31.6,63.7,31.5,68.47142857142858,6.45,32.8
2024-08-15,Greater Noida,32.8,71.6,6.5,0.0,228,8,-0.7036774074790128,-0.7105196029692745,32.3,64.2,32.2,68.2,32.1,66.6,31.099999999999998,67.57142857142857,6.535714285714286,30.4
2024-08-16,Greater Noida,30.4,65.2,6.2,0.0,229,8,-0.7157953492826642,-0.6983101158835584,32.8,71.6,32.3,64.2,32.2,68.2,31.82857142857143,66.57142857142857,6.428571428571429,32.7
2024-08-17,Greater Noida,32.7,65.1,7.3,0.0,230,8,-0.7277014757264236,-0.6858939875998223,30.4,65.2,32.8,71.6,32.3,64.2,32.01428571428571,66.37142857142857,6.328571428571428,33.6
2024-08-18,Greater Noida,33.6,60.2,7.9,0.0,231,8,-0.7393922635959241,-0.673274892250183,32.7,65.1,30.4,65.2,32.8,71.6,32.300000000000004,65.87142857142857,6.442857142857143,32.4
2024-08-19,Greater Noida,32.4,65.3,8.7,0.0,232,8,-0.7508642533989489,-0.6604565640279754,33.6,60.2,32.7,65.1,30.4,65.2,32.34285714285714,65.68571428571428,6.942857142857143,29.5
2024-08-20,Greater Noida,29.5,62.9,5.9,0.0,233,8,-0.7621140503891487,-0.6474427960827475,32.4,65.3,33.6,60.2,32.7,65.1,31.957142857142856,64.92857142857143,6.528571428571428,31.4
2024-08-21,Greater Noida,31.4,60.8,7.8,1.2,234,8,-0.7731383255706026,-0.6342374393978054,29.5,62.9,32.4,65.3,33.6,60.2,31.828571428571426,64.44285714285714,7.185714285714286,32.3
2024-08-22,Greater Noida,32.3,59.9,7.2,29.4,235,8,-0.7839338166829201,-0.620844401650647,31.4,60.8,29.5,62.9,32.4,65.3,31.75714285714286,62.771428571428565,7.285714285714286,19.9
2024-08-23,Greater Noida,19.9,73.5,4.3,0.0,236,8,-0.7944973291665992,-0.6072676460566135,32.3,59.9,31.4,60.8,29.5,62.9,30.257142857142856,63.95714285714285,7.014285714285714,29.3
2024-08-24,Greater Noida,29.3,61.5,9.6,0.0,237,8,-0.8048257371083452,-0.593511190196115,19.9,73.5,32.3,59.9,31.4,60.8,29.771428571428572,63.44285714285714,7.342857142857143,31.8
2024-08-25,Greater Noida,31.8,56.6,4.6,0.0,238,8,-0.8149159841660791,-0.5795791048257612,29.3,61.5,19.9,73.5,32.3,59.9,29.514285714285716,62.92857142857143,6.871428571428572,30.7
2024-08-26,Greater Noida,30.7,59.4,7.3,0.0,239,8,-0.8247650844733614,-0.5654755126737576,31.8,56.6,29.3,61.5,19.9,73.5,29.271428571428572,62.08571428571429,6.671428571428572,30.7
2024-08-27,Greater Noida,30.7,61.8,7.2,0.0,240,8,-0.8343701235229537,-0.5512045872199277,30.7,59.4,31.8,56.6,29.3,61.5,29.442857142857143,61.92857142857143,6.857142857142857,32.5
2024-08-28,Greater Noida,32.5,64.0,7.0,0.0,241,8,-0.8437282590292712,-0.5367705514607103,30.7,61.8,30.7,59.4,31.8,56.6,29.599999999999998,62.385714285714286,6.742857142857142,30.3
2024-08-29,Greater Noida,30.3,63.8,5.8,0.0,242,8,-0.8528367217694595,-0.522177676659508,32.5,64.0,30.7,61.8,30.7,59.4,29.314285714285713,62.942857142857136,6.542857142857144,30.3
2024-08-30,Greater Noida,30.3,64.1,7.7,0.0,243,8,-0.8616928164028521,-0.5074302810827518,30.3,63.8,32.5,64.0,30.7,61.8,30.800000000000004,61.60000000000001,7.028571428571428,33.0
2024-08-31,Greater Noida,33.0,58.7,4.1,0.0,244,8,-0.8702939222685674,-0.49253272872205434,30.3,64.1,30.3,63.8,32.5,64.0,31.32857142857143,61.2,6.242857142857142,28.6
2024-09-01,Greater Noida,28.6,62.4,6.3,0.0,245,9,-0.8786374941610001,-0.4774894280028391,33.0,58.7,30.3,64.1,30.3,63.8,30.87142857142857,62.028571428571425,6.485714285714286,27.6
2024-09-02,Greater Noida,27.6,57.4,5.5,0.0,246,9,-0.886721063082993,-0.46230483047981086,28.6,62.4,33.0,58.7,30.3,64.1,30.428571428571427,61.74285714285713,6.228571428571428,29.0
2024-09-03,Greater Noida,29.0,58.2,5.3,0.0,247,9,-0.8945422369764496,-0.4469834295196741,27.6,57.4,28.6,62.4,33.0,58.7,30.185714285714287,61.228571428571435,5.957142857142857,28.8
2024-09-04,Greater Noida,28.8,56.9,6.9,11.9,248,9,-0.9020987014301837,-0.43152975897147144,29.0,58.2,27.6,57.4,28.6,62.4,29.657142857142862,60.214285714285715,5.942857142857143,24.2
2024-09-05,Greater Noida,24.2,55.7,7.9,0.0,249,9,-0.9093882203647925,-0.4159483918249421,28.8,56.9,29.0,58.2,27.6,57.4,28.785714285714285,59.05714285714286,6.242857142857142,26.2
2024-09-06,Greater Noida,26.2,64.5,5.7,0.0,250,9,-0.9164086366943458,-0.4002439388573056,24.2,55.7,28.8,56.9,29.0,58.2,28.199999999999996,59.11428571428571,5.957142857142857,30.7
2024-09-07,Greater Noida,30.7,62.9,7.3,0.0,251,9,-0.9231578729647039,-0.38442104726885545,26.2,64.5,24.2,55.7,28.8,56.9,27.87142857142857,59.714285714285715,6.414285714285714,27.6
2024-09-08,Greater Noida,27.6,63.9,6.2,0.0,252,9,-0.9296339319682695,-0.3684843993077793,30.7,62.9,26.2,64.5,24.2,55.7,27.728571428571428,59.92857142857143,6.4,25.9
2024-09-09,Greater Noida,25.9,60.0,4.7,0.0,253,9,-0.9358348973349941,-0.35243871088460327,27.6,63.9,30.7,62.9,26.2,64.5,27.485714285714288,60.300000000000004,6.285714285714286,27.9
2024-09-10,Greater Noida,27.9,62.9,5.7,0.0,254,9,-0.9417589340994617,-0.33628873017668287,25.9,60.0,27.6,63.9,30.7,62.9,27.32857142857143,60.971428571428575,6.3428571428571425,26.3
2024-09-11,Greater Noida,26.3,52.6,5.6,0.0,255,9,-0.9474042892438845,-0.32003923622313857,27.9,62.9,25.9,60.0,27.6,63.9,26.971428571428568,60.357142857142854,6.1571428571428575,25.8
2024-09-12,Greater Noida,25.8,63.0,4.9,0.0,256,9,-0.9527692922168511,-0.30369503751065885,26.3,52.6,27.9,62.9,25.9,60.0,27.2,61.4,5.728571428571429,26.7
2024-09-13,Greater Noida,26.7,60.1,6.6,8.6,257,9,-0.9578523554276669,-0.28726097055059635,25.8,63.0,26.3,52.6,27.9,62.9,27.271428571428572,60.771428571428565,5.857142857142857,20.8
2024-09-14,Greater Noida,20.8,61.9,6.2,0.0,258,9,-0.9626519747161487,-0.2707418984477642,26.7,60.1,25.8,63.0,26.3,52.6,25.857142857142858,60.628571428571426,5.700000000000001,25.9
2024-09-15,Greater Noida,25.9,60.8,3.5,0.0,259,9,-0.9671667297977312,-0.2541427094613622,20.8,61.9,26.7,60.1,25.8,63.0,25.614285714285717,60.18571428571429,5.314285714285715,27.8
2024-09-16,Greater Noida,27.8,55.2,3.3,28.6,260,9,-0.97139528468375,-0.23746831555846842,25.9,60.8,20.8,61.9,26.7,60.1,25.885714285714283,59.5,5.114285714285714,17.0
2024-09-17,Greater Noida,17.0,53.1,6.4,0.0,261,9,-0.9753363880767837,-0.2207236509605022,27.8,55.2,25.9,60.8,20.8,61.9,24.32857142857143,58.1,5.214285714285714,24.1
2024-09-18,Greater Noida,24.1,56.2,4.5,0.0,262,9,-0.9789888737409319,-0.20391367068311472,17.0,53.1,27.8,55.2,25.9,60.8,24.014285714285712,58.614285714285714,5.057142857142857,23.6
2024-09-19,Greater Noida,23.6,61.3,6.2,3.2,263,9,-0.9823516608469237,-0.18704334906991657,24.1,56.2,17.0,53.1,27.8,55.2,23.7,58.371428571428574,5.242857142857143,23.5
2024-09-20,Greater Noida,23.5,61.7,6.9,0.0,264,9,-0.9854237542919524,-0.17011767832049052,23.6,61.3,24.1,56.2,17.0,53.1,23.242857142857144,58.6,5.285714285714286,23.5
2024-09-21,Greater Noida,23.5,53.5,3.7,0.0,265,9,-0.9882042449941422,-0.15314166701312007,23.5,61.7,23.6,61.3,24.1,56.2,23.62857142857143,57.4,4.928571428571429,23.0
2024-09-22,Greater Noida,23.0,55.0,3.5,0.0,266,9,-0.9906923101615609,-0.13612033862266704,23.5,53.5,23.5,61.7,23.6,61.3,23.214285714285715,56.57142857142857,4.928571428571429,24.6
2024-09-23,Greater Noida,24.6,56.0,8.1,0.0,267,9,-0.9928872135356962,-0.11905873003404988,23.0,55.0,23.5,53.5,23.5,61.7,22.75714285714286,56.68571428571429,5.614285714285714,20.6
2024-09-24,Greater Noida,20.6,57.4,6.1,0.0,268,9,-0.994788305609327,-0.10196189005174576,24.6,56.0,23.0,55.0,23.5,53.5,23.271428571428572,57.300000000000004,5.571428571428571,24.0
2024-09-25,Greater Noida,24.0,53.4,4.9,0.0,269,9,-0.9963950238187231,-0.08483487790576538,20.6,57.4,24.6,56.0,23.0,55.0,23.25714285714286,56.9,5.628571428571429,22.0
2024-09-26,Greater Noida,22.0,53.2,4.1,0.0,270,9,-0.9977068927101168,-0.06768276175455162,24.0,53.4,20.6,57.4,24.6,56.0,23.02857142857143,55.74285714285714,5.328571428571428,22.8
2024-09-27,Greater Noida,22.8,55.6,4.7,4.6,271,9,-0.9987235240803972,-0.050510617185222886,22.0,53.2,24.0,53.4,20.6,57.4,22.928571428571427,54.871428571428574,5.014285714285714,20.5
2024-09-28,Greater Noida,20.5,59.2,3.7,0.0,272,9,-0.9994446170919858,-0.033323525711631344,22.8,55.6,22.0,53.2,24.0,53.4,22.5,55.68571428571429,5.014285714285714,23.6
2024-09-29,Greater Noida,23.6,54.1,6.7,0.0,273,9,-0.9998699583618592,-0.016126573270657762,20.5,59.2,22.8,55.6,22.0,53.2,22.585714285714285,55.557142857142864,5.471428571428572,23.3
2024-09-30,Greater Noida,23.3,58.4,4.2,0.0,274,9,-0.9999994220246925,0.001075151282798226,23.6,54.1,20.5,59.2,22.8,55.6,22.400000000000002,55.9,4.914285714285714,22.6
2024-10-01,Greater Noida,22.6,63.1,7.0,0.0,275,10,-0.999832969770105,0.018276557681691223,23.3,58.4,23.6,54.1,20.5,59.2,22.685714285714287,56.714285714285715,5.042857142857143,18.9
2024-10-02,Greater Noida,18.9,53.7,4.7,0.0,276,10,-0.9993706508539969,0.03547255575312556,22.6,63.1,23.3,58.4,23.6,54.1,21.95714285714286,56.75714285714286,5.014285714285714,21.9
2024-10-03,Greater Noida,21.9,58.2,3.8,0.0,277,10,-0.9986126020839734,0.052658056924614005,18.9,53.7,22.6,63.1,23.3,58.4,21.942857142857143,57.471428571428575,4.971428571428571,21.1
2024-10-04,Greater Noida,21.1,63.1,4.7,0.0,278,10,-0.9975590477788613,0.06982797572987089,21.9,58.2,18.9,53.7,22.6,63.1,21.7,58.542857142857144,4.971428571428571,18.0
2024-10-05,Greater Noida,18.0,57.4,1.3,0.0,279,10,-0.9962102997023297,0.0869772313136861,21.1,63.1,21.9,58.2,18.9,53.7,21.342857142857145,58.285714285714285,4.628571428571428,20.0
2024-10-06,Greater Noida,20.0,56.8,5.1,0.0,280,10,-0.9945667569706337,0.1041007489354256,18.0,57.4,21.1,63.1,21.9,58.2,20.82857142857143,58.67142857142857,4.4,20.3
2024-10-07,Greater Noida,20.3,63.8,5.0,0.0,281,10,-0.9926289059345095,0.121193461470736,20.0,56.8,18.0,57.4,21.1,63.1,20.400000000000002,59.44285714285714,4.514285714285714,20.3
2024-10-08,Greater Noida,20.3,58.0,6.4,0.0,282,10,-0.9903973200352558,0.1382503109109819,20.3,63.8,20.0,56.8,18.0,57.4,20.071428571428573,58.714285714285715,4.428571428571429,19.6
2024-10-09,Greater Noida,19.6,63.7,2.4,19.2,283,10,-0.9878726596350429,0.15526624985999563,20.3,58.0,20.3,63.8,20.0,56.8,20.171428571428574,60.142857142857146,4.1,11.0
2024-10-10,Greater Noida,11.0,61.1,6.9,10.0,284,10,-0.9850556718215013,0.172236243027682,19.6,63.7,20.3,58.0,20.3,63.8,18.614285714285717,60.55714285714286,4.542857142857143,17.9
2024-10-11,Greater Noida,17.9,58.1,6.4,27.4,285,10,-0.981947190186646,0.18915526872004093,11.0,61.1,19.6,63.7,20.3,58.0,18.15714285714286,59.84285714285714,4.785714285714286,11.8
2024-10-12,Greater Noida,11.8,61.4,7.0,0.0,286,10,-0.9785481345802031,0.20601832032517084,17.9,58.1,11.0,61.1,19.6,63.7,17.271428571428572,60.41428571428571,5.6000000000000005,14.3
2024-10-13,Greater Noida,14.3,60.9,5.0,0.0,287,10,-0.9748595108374125,0.22282040779479959,11.8,61.4,17.9,58.1,11.0,61.1,16.45714285714286,61.0,5.585714285714286,17.7
2024-10-14,Greater Noida,17.7,63.7,6.6,0.0,288,10,-0.9708824104813836,0.23955655912092708,14.3,60.9,11.8,61.4,17.9,58.1,16.085714285714285,60.98571428571428,5.814285714285715,17.6
2024-10-15,Greater Noida,17.6,57.5,2.9,0.0,289,10,-0.9666180104000972,0.2562218218071163,17.7,63.7,14.3,60.9,11.8,61.4,15.700000000000001,60.91428571428571,5.314285714285715,15.2
2024-10-16,Greater Noida,15.2,60.0,6.2,0.0,290,10,-0.9620675724981452,0.27281126433401914,17.6,57.5,17.7,63.7,14.3,60.9,15.071428571428571,60.385714285714286,5.857142857142857,17.6
2024-10-17,Greater Noida,17.6,59.7,3.9,0.0,291,10,-0.957232443323312,0.28931997761869527,15.2,60.0,17.6,57.5,17.7,63.7,16.014285714285716,60.18571428571429,5.428571428571429,18.9
2024-10-18,Greater Noida,18.9,62.8,2.6,0.0,292,10,-0.9521140536681102,0.3057430764672831,17.6,59.7,15.2,60.0,17.6,57.5,16.157142857142855,60.857142857142854,4.885714285714286,15.4
2024-10-19,Greater Noida,15.4,56.0,3.4,0.0,293,10,-0.9467139181463862,0.3220757010206104,18.9,62.8,17.6,59.7,15.2,60.0,16.67142857142857,60.08571428571429,4.371428571428571,17.2
2024-10-20,Greater Noida,17.2,64.2,5.1,0.0,294,10,-0.9410336347451197,0.3383130181923076,15.4,56.0,18.9,62.8,17.6,59.7,17.085714285714285,60.55714285714286,4.385714285714285,15.2
2024-10-21,Greater Noida,15.2,62.1,3.8,0.0,295,10,-0.9350748843515574,0.3544502230989869,17.2,64.2,15.4,56.0,18.9,62.8,16.728571428571428,60.32857142857143,3.985714285714286,15.4
2024-10-22,Greater Noida,15.4,55.1,5.6,0.0,296,10,-0.9288394302558068,0.3704825404820963,15.2,62.1,17.2,64.2,15.4,56.0,16.414285714285715,59.98571428571429,4.371428571428571,18.2
2024-10-23,Greater Noida,18.2,65.3,2.3,0.0,297,10,-0.9223291176290545,0.3864052261209853,15.4,55.1,15.2,62.1,17.2,64.2,16.842857142857145,60.74285714285715,3.814285714285714,15.1
2024-10-24,Greater Noida,15.1,69.5,1.8,0.0,298,10,-0.9155458729775467,0.40221356823680365,18.2,65.3,15.4,55.1,15.2,62.1,16.485714285714284,62.142857142857146,3.5142857142857147,16.3
2024-10-25,Greater Noida,16.3,64.6,7.1,0.0,299,10,-0.9084917035725082,0.41790288888678667,15.1,69.5,18.2,65.3,15.4,55.1,16.114285714285714,62.4,4.157142857142857,12.8
2024-10-26,Greater Noida,12.8,66.4,6.4,0.0,300,10,-0.9011686968561569,0.4334685453485363,16.3,64.6,15.1,69.5,18.2,65.3,15.742857142857142,63.88571428571429,4.585714285714286,17.9
2024-10-27,Greater Noida,17.9,61.2,3.4,0.0,301,10,-0.8935790198239952,0.4489059314938798,12.8,66.4,16.3,64.6,15.1,69.5,15.842857142857143,63.457142857142856,4.3428571428571425,15.9
2024-10-28,Greater Noida,15.9,54.3,5.0,0.0,302,10,-0.8857249183835637,0.4642104791518923,17.9,61.2,12.8,66.4,16.3,64.6,15.942857142857141,62.34285714285714,4.514285714285714,14.6
2024-10-29,Greater Noida,14.6,53.6,6.5,14.7,303,10,-0.8776087166898392,0.4793776594606945,15.9,54.3,17.9,61.2,12.8,66.4,15.828571428571427,62.128571428571426,4.642857142857143,12.5
2024-10-30,Greater Noida,12.5,62.1,5.6,2.2,304,10,-0.8692328164574792,0.49440298420761813,14.6,53.6,15.9,54.3,17.9,61.2,15.014285714285714,61.67142857142858,5.114285714285714,12.5
2024-10-31,Greater Noida,12.5,59.900000000000006,5.2,0.0,305,10,-0.8605996962501181,0.5092820071573356,12.5,62.1,14.6,53.6,15.9,54.3,14.642857142857142,60.300000000000004,5.6000000000000005,15.9
2024-11-01,Greater Noida,15.9,57.7,6.6,0.0,306,11,-0.8517119107469189,0.5240103253675756,12.5,59.900000000000006,12.5,62.1,14.6,53.6,14.585714285714285,59.314285714285724,5.528571428571429,13.6
2024-11-02,Greater Noida,13.6,61.2,3.9,0.0,307,11,-0.8425720899866032,0.5385835804920232,15.9,57.7,12.5,59.900000000000006,12.5,62.1,14.700000000000001,58.57142857142858,5.171428571428572,11.8
2024-11-03,Greater Noida,11.8,64.0,5.1,8.8,308,11,-0.8331829385891785,0.5529974600700271,13.6,61.2,15.9,57.7,12.5,59.900000000000006,13.828571428571427,58.971428571428575,5.414285714285713,10.0
2024-11-04,Greater Noida,10.0,55.8,5.0,0.0,309,11,-0.8235472349556007,0.5672476988027229,11.8,64.0,13.6,61.2,15.9,57.7,12.985714285714286,59.185714285714276,5.414285714285713,12.7
2024-11-05,Greater Noida,12.7,59.9,4.6,0.0,310,11,-0.8136678304455991,0.5813300798152042,10.0,55.8,11.8,64.0,13.6,61.2,12.714285714285714,60.08571428571429,5.142857142857143,14.3
2024-11-06,Greater Noida,14.3,67.8,4.4,0.0,311,11,-0.8035476485339116,0.5952404359043674,12.7,59.9,10.0,55.8,11.8,64.0,12.971428571428572,60.89999999999999,4.971428571428571,13.6
2024-11-07,Greater Noida,13.6,57.6,5.1,0.0,312,11,-0.7931896839451843,0.6089746507720486,14.3,67.8,12.7,59.9,10.0,55.8,13.128571428571428,60.57142857142857,4.957142857142856,13.9
2024-11-08,Greater Noida,13.9,65.4,5.1,2.3,313,11,-0.7825970017677834,0.6225286602431057,13.6,57.6,14.3,67.8,12.7,59.9,12.842857142857143,61.671428571428564,4.742857142857143,12.9
2024-11-09,Greater Noida,12.9,60.1,3.5,1.7,314,11,-0.7717727365467837,0.6358984534680745,13.9,65.4,13.6,57.6,14.3,67.8,12.742857142857144,61.51428571428571,4.685714285714285,13.4
2024-11-10,Greater Noida,13.4,64.3,6.3,0.0,315,11,-0.7607200913564104,0.6490800741100398,12.9,60.1,13.9,65.4,13.6,57.6,12.971428571428572,61.55714285714286,4.857142857142857,12.0
2024-11-11,Greater Noida,12.0,66.6,3.6,0.0,316,11,-0.7494423368521953,0.6620696215153815,13.4,64.3,12.9,60.1,13.9,65.4,13.257142857142856,63.10000000000001,4.6571428571428575,15.5
2024-11-12,Greater Noida,15.5,65.3,4.7,0.0,317,11,-0.7379428103031386,0.6748632518680403,12.0,66.6,13.4,64.3,12.9,60.1,13.657142857142857,63.87142857142857,4.671428571428571,10.0
2024-11-13,Greater Noida,10.0,66.0,4.6,0.0,318,11,-0.7262249146041543,0.6874571793269664,15.5,65.3,12.0,66.6,13.4,64.3,13.042857142857143,63.61428571428571,4.7,13.9
2024-11-14,Greater Noida,13.9,57.9,5.6,0.0,319,11,-0.7142921172691032,0.699847677146407,10.0,66.0,15.5,65.3,12.0,66.6,13.085714285714287,63.65714285714286,4.771428571428571,13.9
2024-11-15,Greater Noida,13.9,67.0,1.9,0.0,320,11,-0.7021479494046978,0.7120310787787131,13.9,57.9,10.0,66.0,15.5,65.3,13.085714285714285,63.88571428571429,4.314285714285714,10.6
2024-11-16,Greater Noida,10.6,59.2,6.5,0.0,321,11,-0.6897960046655887,0.7240037789593305,13.9,67.0,13.9,57.9,10.0,66.0,12.757142857142856,63.75714285714286,4.742857142857143,14.8
2024-11-17,Greater Noida,14.8,63.8,4.1,0.0,322,11,-0.6772399381909491,0.7357622347736527,10.6,59.2,13.9,67.0,13.9,57.9,12.957142857142857,63.685714285714276,4.428571428571429,12.9
2024-11-18,Greater Noida,12.9,63.8,7.0,0.0,323,11,-0.6644834655228552,0.7473029667054297,14.8,63.8,10.6,59.2,13.9,67.0,13.085714285714287,63.28571428571428,4.914285714285714,12.8
2024-11-19,Greater Noida,12.8,64.8,4.5,0.0,324,11,-0.6515303615068021,0.75862255966641,12.9,63.8,14.8,63.8,10.6,59.2,12.700000000000001,63.214285714285715,4.885714285714285,11.3
2024-11-20,Greater Noida,11.3,64.3,5.1,0.0,325,11,-0.6383844591746642,0.769717664006921,12.8,64.8,12.9,63.8,14.8,63.8,12.885714285714286,62.971428571428575,4.957142857142857,10.9
2024-11-21,Greater Noida,10.9,59.6,8.1,33.3,326,11,-0.6250496486104377,0.7805849965070866,11.3,64.3,12.8,64.8,12.9,63.8,12.457142857142857,63.21428571428571,5.314285714285714,2.3
2024-11-22,Greater Noida,2.3,57.7,4.8,0.0,327,11,-0.6115298757991053,0.7912213413483807,10.9,59.6,11.3,64.3,12.8,64.8,10.8,61.88571428571429,5.728571428571429,11.5
2024-11-23,Greater Noida,11.5,66.6,7.1,0.0,328,11,-0.5978291414589552,0.801623551065242,2.3,57.7,10.9,59.6,11.3,64.3,10.928571428571429,62.942857142857136,5.814285714285714,12.8
2024-11-24,Greater Noida,12.8,64.0,5.3,0.0,329,11,-0.5839514998576998,0.8117885474764613,11.5,66.6,2.3,57.7,10.9,59.6,10.642857142857142,62.97142857142857,5.985714285714286,11.0
2024-11-25,Greater Noida,11.0,67.9,5.9,0.0,330,11,-0.5699010576127624,0.821713322596059,12.8,64.0,11.5,66.6,2.3,57.7,10.37142857142857,63.55714285714286,5.828571428571428,9.3
2024-11-26,Greater Noida,9.3,63.1,5.4,0.0,331,11,-0.5556819724760489,0.8313949395234058,11.0,67.9,12.8,64.0,11.5,66.6,9.87142857142857,63.31428571428571,5.957142857142856,10.5
2024-11-27,Greater Noida,10.5,57.8,6.6,0.0,332,11,-0.5412984521036173,0.8408305333122887,9.3,63.1,11.0,67.9,12.8,64.0,9.757142857142858,62.385714285714286,6.171428571428571,11.7
2024-11-28,Greater Noida,11.7,67.3,4.3,0.0,333,11,-0.5267547528105542,0.8500173118187018,10.5,57.8,9.3,63.1,11.0,67.9,9.87142857142857,63.48571428571428,5.628571428571428,11.3
2024-11-29,Greater Noida,11.3,62.0,3.9,0.0,334,11,-0.5120551783114646,0.8589525565270845,11.7,67.3,10.5,57.8,9.3,63.1,11.157142857142857,64.1,5.5,11.3
2024-11-30,Greater Noida,11.3,64.9,4.5,0.0,335,11,-0.4972040784469378,0.8676336233547726,11.3,62.0,11.7,67.3,10.5,57.8,11.12857142857143,63.857142857142854,5.128571428571428,9.8
2024-12-01,Greater Noida,9.8,61.0,5.6,0.0,336,12,-0.4822058478963526,0.8760579434344281,11.3,64.9,11.3,62.0,11.7,67.3,10.700000000000001,63.42857142857143,5.171428571428572,8.8
2024-12-02,Greater Noida,8.8,70.2,5.1,0.0,337,12,-0.46706492487743034,0.8842230238742036,9.8,61.0,11.3,64.9,11.3,62.0,10.385714285714286,63.75714285714286,5.057142857142857,8.8
2024-12-03,Greater Noida,8.8,60.2,6.6,0.0,338,12,-0.451785789832884,0.8921264484954345,8.8,70.2,9.8,61.0,11.3,64.9,10.314285714285715,63.34285714285714,5.228571428571429,7.7
2024-12-04,Greater Noida,7.7,62.4,7.5,0.0,339,12,-0.4363729641045924,0.8997658785476209,8.8,60.2,8.8,70.2,9.8,61.0,9.914285714285715,64.0,5.357142857142857,10.2
2024-12-05,Greater Noida,10.2,64.2,4.1,0.0,340,12,-0.42083100859565564,0.9071390534005044,7.7,62.4,8.8,60.2,8.8,70.2,9.700000000000001,63.557142857142864,5.328571428571428,9.7
2024-12-06,Greater Noida,9.7,59.4,4.5,0.0,341,12,-0.4051645224207563,0.9142437912130223,10.2,64.2,7.7,62.4,8.8,60.2,9.471428571428572,63.185714285714276,5.414285714285713,9.2
2024-12-07,Greater Noida,9.2,65.1,3.5,0.0,342,12,-0.3893781415452015,0.9210779895789526,9.7,59.4,10.2,64.2,7.7,62.4,9.171428571428573,63.214285714285715,5.2714285714285705,5.6
2024-12-08,Greater Noida,5.6,70.3,8.7,0.0,343,12,-0.37347653741307074,0.9276396261490467,9.2,65.1,9.7,59.4,10.2,64.2,8.571428571428571,64.54285714285714,5.714285714285714,7.9
2024-12-09,Greater Noida,7.9,61.9,6.1,0.0,344,12,-0.3574644155648614,0.9339267592294762,5.6,70.3,9.2,65.1,9.7,59.4,8.442857142857143,63.357142857142854,5.857142857142857,11.2
2024-12-10,Greater Noida,11.2,65.5,6.4,0.0,345,12,-0.34134651424503615,0.9399375283564133,7.9,61.9,5.6,70.3,9.2,65.1,8.785714285714286,64.11428571428571,5.828571428571428,8.7
2024-12-11,Greater Noida,8.7,52.9,3.7,0.0,346,12,-0.3251276029999093,0.9456701548465688,11.2,65.5,7.9,61.9,5.6,70.3,8.928571428571427,62.75714285714285,5.285714285714286,10.1
2024-12-12,Greater Noida,10.1,63.8,5.8,0.0,347,12,-0.30881248126625377,0.9511229423235357,8.7,52.9,11.2,65.5,7.9,61.9,8.914285714285715,62.699999999999996,5.528571428571429,7.6
2024-12-13,Greater Noida,7.6,62.7,6.6,0.0,348,12,-0.29240597695107734,0.9562942772197719,10.1,63.8,8.7,52.9,11.2,65.5,8.614285714285714,63.17142857142857,5.828571428571429,11.5
2024-12-14,Greater Noida,11.5,60.7,5.5,0.0,349,12,-0.27591294500296043,0.9611826292540837,7.6,62.7,10.1,63.8,8.7,52.9,8.942857142857141,62.542857142857144,6.114285714285714,9.3
2024-12-15,Greater Noida,9.3,68.3,7.5,0.0,350,12,-0.2593382659754056,0.9657865518844574,11.5,60.7,7.6,62.7,10.1,63.8,9.471428571428572,62.25714285714285,5.942857142857143,9.9
2024-12-16,Greater Noida,9.9,62.7,9.4,0.0,351,12,-0.2426868445825954,0.9701046827361175,9.3,68.3,11.5,60.7,7.6,62.7,9.757142857142856,62.371428571428574,6.414285714285714,12.7
2024-12-17,Greater Noida,12.7,63.3,4.5,0.0,352,12,-0.22596360824801906,0.974135744004672,9.9,62.7,9.3,68.3,11.5,60.7,9.971428571428572,62.05714285714286,6.142857142857143,11.6
2024-12-18,Greater Noida,11.6,62.5,4.5,0.0,353,12,-0.20917350564635637,0.9778785428342386,12.7,63.3,9.9,62.7,9.3,68.3,10.385714285714286,63.42857142857143,6.257142857142857,9.0
2024-12-19,Greater Noida,9.0,56.3,4.7,0.0,354,12,-0.19232150523909483,0.9813319716704275,11.6,62.5,12.7,63.3,9.9,62.7,10.228571428571428,62.357142857142854,6.1000000000000005,8.6
2024-12-20,Greater Noida,8.6,59.5,8.5,0.0,355,12,-0.17541259380427843,0.9844950085880858,9.0,56.3,11.6,62.5,12.7,63.3,10.371428571428572,61.9,6.371428571428571,9.0
2024-12-21,Greater Noida,9.0,67.8,7.7,0.0,356,12,-0.15845177496083632,0.9873667175937016,8.6,59.5,9.0,56.3,11.6,62.5,10.014285714285716,62.91428571428571,6.685714285714285,10.2
2024-12-22,Greater Noida,10.2,55.5,6.0,65.0,357,12,-0.14144406768794202,0.9899462489023779,9.0,67.8,8.6,59.5,9.0,56.3,10.142857142857142,61.08571428571429,6.471428571428571,0.9
2024-12-23,Greater Noida,0.9,60.9,6.3,0.0,358,12,-0.12439450483979998,0.9922328391893008,10.2,55.5,9.0,67.8,8.6,59.5,8.857142857142858,60.82857142857142,6.028571428571429,9.0
2024-12-24,Greater Noida,9.0,62.4,5.0,0.0,359,12,-0.10730813165636247,0.9942258118156161,0.9,60.9,10.2,55.5,9.0,67.8,8.328571428571427,60.7,6.1000000000000005,11.6
2024-12-25,Greater Noida,11.6,70.9,7.6,0.0,360,12,-0.09019000427034513,0.9959245770286599,9.0,62.4,0.9,60.9,10.2,55.5,8.32857142857143,61.89999999999999,6.542857142857143,9.4
2024-12-26,Greater Noida,9.4,67.0,5.8,0.0,361,12,-0.07304518821104743,0.9973286321364752,11.6,70.9,9.0,62.4,0.9,60.9,8.385714285714284,63.42857142857143,6.7,12.8
2024-12-27,Greater Noida,12.8,61.7,6.0,0.0,362,12,-0.05587875690537313,0.9984375616565666,9.4,67.0,11.6,70.9,9.0,62.4,8.985714285714286,63.74285714285715,6.342857142857143,9.8
2024-12-28,Greater Noida,9.8,69.1,7.3,0.0,363,12,-0.03869579017652689,0.9992510374388481,12.8,61.7,9.4,67.0,11.6,70.9,9.1,63.92857142857143,6.285714285714286,12.2
2024-12-29,Greater Noida,12.2,60.9,6.2,0.0,364,12,-0.021501372740813793,0.999768818762748,9.8,69.1,12.8,61.7,9.4,67.0,9.385714285714286,64.7,6.314285714285715,10.3
2024-12-30,Greater Noida,10.3,67.9,6.2,0.0,365,12,-0.004300592702981974,0.9999907524084426,12.2,60.9,9.8,69.1,12.8,61.7,10.72857142857143,65.7,6.3,11.1
2024-12-31,Greater Noida,11.1,58.4,6.6,0.0,366,12,0.012901459949419653,0.9999167727021953,10.3,67.9,12.2,60.9,9.8,69.1,11.028571428571427,65.12857142857142,6.528571428571428,8.8
2025-01-01,Greater Noida,8.8,68.1,7.8,0.0,1,1,0.017201575418260506,0.9998520419557735,11.1,58.4,10.3,67.9,12.2,60.9,10.62857142857143,64.72857142857143,6.557142857142857,8.7
2025-01-02,Greater Noida,8.7,62.1,9.1,0.0,2,1,0.03439806061360801,0.9994082116062598,8.8,68.1,11.1,58.4,10.3,67.9,10.528571428571427,64.02857142857144,7.028571428571428,10.05
2025-01-03,Greater Noida,10.05,59.6,8.5,0.0,3,1,0.051584366869408364,0.9986686402879997,8.7,62.1,8.8,68.1,11.1,58.4,10.135714285714286,63.72857142857142,7.385714285714285,11.4
2025-01-04,Greater Noida,11.4,62.8,7.9,0.0,4,1,0.06875540848113941,0.9976335468520451,10.05,59.6,8.7,62.1,8.8,68.1,10.364285714285714,62.82857142857143,7.471428571428571,10.1
2025-01-05,Greater Noida,10.1,64.8,6.4,0.0,5,1,0.08590610426133272,0.9963032375991965,11.4,62.8,10.05,59.6,8.7,62.1,10.064285714285715,63.38571428571429,7.5,8.3
2025-01-06,Greater Noida,8.3,61.6,5.7,0.0,6,1,0.10303137904317879,0.9946781061893646,10.1,64.8,11.4,62.8,10.05,59.6,9.778571428571428,62.48571428571428,7.428571428571429,8.3
2025-01-07,Greater Noida,8.3,65.8,7.8,0.0,7,1,0.1201261651823505,0.9927586335250793,8.3,61.6,10.1,64.8,11.4,62.8,9.37857142857143,63.542857142857144,7.6000000000000005,8.3
2025-01-08,Greater Noida,8.3,61.2,7.1,0.0,8,1,0.13718540405660057,0.9905453876091833,8.3,65.8,8.3,61.6,10.1,64.8,9.307142857142859,62.55714285714286,7.5,7.9
2025-01-09,Greater Noida,7.9,65.9,4.8,0.0,9,1,0.1542040475626894,0.988039023376751,8.3,61.2,8.3,65.8,8.3,61.6,9.192857142857141,63.1,6.885714285714286,10.6
2025-01-10,Greater Noida,10.6,65.2,6.5,0.0,10,1,0.17117705961019986,0.985240282501282,7.9,65.9,8.3,61.2,8.3,65.8,9.271428571428572,63.9,6.6000000000000005,12.2
2025-01-11,Greater Noida,12.2,63.1,6.9,0.0,11,1,0.18809941761179758,0.9821499931752291,10.6,65.2,7.9,65.9,8.3,61.2,9.385714285714286,63.94285714285714,6.457142857142857,10.7
2025-01-12,Greater Noida,10.7,61.5,6.3,0.0,12,1,0.20496611396949532,0.9787690698649216,12.2,63.1,10.6,65.2,7.9,65.9,9.471428571428572,63.471428571428575,6.442857142857142,7.6
2025-01-13,Greater Noida,7.6,63.8,9.4,0.0,13,1,0.22177215755648186,0.975098513039961,10.7,61.5,12.2,63.1,10.6,65.2,9.37142857142857,63.785714285714285,6.971428571428571,10.6
2025-01-14,Greater Noida,10.6,65.4,7.9,0.0,14,1,0.23851257519407648,0.9711394088771653,7.6,63.8,10.7,61.5,12.2,63.1,9.700000000000001,63.728571428571435,6.985714285714287,10.8
2025-01-15,Greater Noida,10.8,71.3,9.3,0.0,15,1,0.2551824131233728,0.9668929289391521,10.6,65.4,7.6,63.8,10.7,61.5,10.057142857142855,65.17142857142858,7.3,14.0
2025-01-16,Greater Noida,14.0,66.8,7.7,0.0,16,1,0.2717767384711357,0.9623603298276545,10.8,71.3,10.6,65.4,7.6,63.8,10.928571428571429,65.3,7.714285714285714,9.2
2025-01-17,Greater Noida,9.2,66.9,7.5,0.0,17,1,0.2882906407095177,0.9575429528116719,14.0,66.8,10.8,71.3,10.6,65.4,10.72857142857143,65.54285714285714,7.857142857142857,12.6
2025-01-18,Greater Noida,12.6,75.2,6.0,0.0,18,1,0.3047192331091634,0.9524422234305676,9.2,66.9,14.0,66.8,10.8,71.3,10.785714285714286,67.27142857142857,7.728571428571429,13.9
2025-01-19,Greater Noida,13.9,64.9,7.5,0.0,19,1,0.321057654185271,0.9470596510722283,12.6,75.2,9.2,66.9,14.0,66.8,11.242857142857144,67.75714285714285,7.9,12.2
2025-01-20,Greater Noida,12.2,64.7,7.5,0.0,20,1,0.3373010691361842,0.9413968285264122,13.9,64.9,12.6,75.2,9.2,66.9,11.9,67.88571428571429,7.628571428571429,12.5
2025-01-21,Greater Noida,12.5,65.5,5.5,0.0,21,1,0.3534446712740877,0.9354554315134164,12.2,64.7,13.9,64.9,12.6,75.2,12.171428571428569,67.9,7.285714285714286,12.0
2025-01-22,Greater Noida,12.0,58.5,6.8,0.0,22,1,0.3694836834473831,0.9292372181882051,12.5,65.5,12.2,64.7,13.9,64.9,12.342857142857142,66.07142857142857,6.928571428571429,12.65
2025-01-23,Greater Noida,12.65,59.45,7.2,0.0,23,1,0.38541335945432564,0.9227440286201427,12.0,58.5,12.5,65.5,12.2,64.7,12.15,65.02142857142857,6.857142857142857,13.3
2025-01-24,Greater Noida,13.3,60.4,8.3,0.0,24,1,0.4012289854475009,0.9159777842484877,12.65,59.45,12.0,58.5,12.5,65.5,12.735714285714284,64.09285714285714,6.971428571428571,11.2
2025-01-25,Greater Noida,11.2,64.9,8.4,0.0,25,1,0.4169258813287287,0.908940487313808,13.3,60.4,12.65,59.45,12.0,58.5,12.535714285714286,62.621428571428574,7.314285714285715,13.7
2025-01-26,Greater Noida,13.7,61.5,6.9,0.0,26,1,0.4324994021339788,0.901634220265486,11.2,64.9,13.3,60.4,12.65,59.45,12.507142857142856,62.135714285714286,7.228571428571429,10.7
2025-01-27,Greater Noida,10.7,62.7,8.5,0.0,27,1,0.44794493940789115,0.8940611451454876,13.7,61.5,11.2,64.9,13.3,60.4,12.292857142857144,61.85,7.371428571428572,13.3
2025-01-28,Greater Noida,13.3,66.4,7.6,0.0,28,1,0.4632579225674917,0.88622350294858,10.7,62.7,13.7,61.5,11.2,64.9,12.407142857142858,61.978571428571435,7.671428571428572,13.2
2025-01-29,Greater Noida,13.2,65.4,3.6,18.4,29,1,0.4784338202547012,0.8781236129591848,13.3,66.4,10.7,62.7,13.7,61.5,12.578571428571431,62.964285714285715,7.214285714285715,3.8
2025-01-30,Greater Noida,3.8,61.2,7.3,0.0,30,1,0.49346814167723735,0.8697638720650646,13.2,65.4,13.3,66.4,10.7,62.7,11.314285714285715,63.214285714285715,7.228571428571429,13.3
2025-01-31,Greater Noida,13.3,59.0,9.7,0.0,31,1,0.5083564379375122,0.8611467540480452,3.8,61.2,13.2,65.4,13.3,66.4,11.314285714285715,63.01428571428572,7.428571428571429,12.6
2025-02-01,Greater Noida,12.6,66.2,5.6,0.0,32,2,0.5230943033491326,0.8522748088519838,13.3,59.0,3.8,61.2,13.2,65.4,11.514285714285714,63.2,7.028571428571428,12.1
2025-02-02,Greater Noida,12.1,64.6,8.3,0.0,33,2,0.5376773767406141,0.8431506618282,12.6,66.2,13.3,59.0,3.8,61.2,11.285714285714286,63.642857142857146,7.228571428571429,13.3
2025-02-03,Greater Noida,13.3,55.0,10.6,0.0,34,2,0.5521013427459208,0.8337770129585915,12.1,64.6,12.6,66.2,13.3,59.0,11.657142857142858,62.542857142857144,7.528571428571429,12.5
2025-02-04,Greater Noida,12.5,60.0,7.1,11.0,35,2,0.5663619330814524,0.8241566360566663,13.3,55.0,12.1,64.6,12.6,66.2,11.542857142857143,61.628571428571426,7.457142857142856,11.6
2025-02-05,Greater Noida,11.6,61.8,8.3,0.0,36,2,0.580454927809098,0.8142923779467267,12.5,60.0,13.3,55.0,12.1,64.6,11.314285714285713,61.114285714285714,8.128571428571428,12.8
2025-02-06,Greater Noida,12.8,64.2,6.4,0.0,37,2,0.5943761565849831,0.804187157621448,11.6,61.8,12.5,60.0,13.3,55.0,12.6,61.542857142857144,8.0,15.6
2025-02-07,Greater Noida,15.6,64.6,10.9,0.0,38,2,0.6081214998935418,0.7938439653781019,12.8,64.2,11.6,61.8,12.5,60.0,12.928571428571429,62.34285714285714,8.17142857142857,13.1
2025-02-08,Greater Noida,13.1,62.0,8.3,0.0,39,2,0.6216868902665479,0.7832658619336791,15.6,64.6,12.8,64.2,11.6,61.8,13.0,61.74285714285714,8.557142857142859,14.2
2025-02-09,Greater Noida,14.2,63.1,8.6,0.0,40,2,0.6350683134867438,0.7724559775191742,13.1,62.0,15.6,64.6,12.8,64.2,13.299999999999999,61.528571428571425,8.6,14.3
2025-02-10,Greater Noida,14.3,60.9,10.6,0.0,41,2,0.6482618097757122,0.7614175109532997,14.2,63.1,13.1,62.0,15.6,64.6,13.442857142857141,62.371428571428574,8.6,17.2
2025-02-11,Greater Noida,17.2,57.8,9.6,0.0,42,2,0.6612634749656386,0.7501537286959042,14.3,60.9,14.2,63.1,13.1,62.0,14.114285714285714,62.05714285714286,8.957142857142857,16.0
2025-02-12,Greater Noida,16.0,59.3,7.4,0.0,43,2,0.6740694616546161,0.7386679638813748,17.2,57.8,14.3,60.9,14.2,63.1,14.742857142857144,61.699999999999996,8.828571428571427,15.5
2025-02-13,Greater Noida,15.5,60.3,7.7,0.0,44,2,0.6866759803451553,0.726963615332308,16.0,59.3,17.2,57.8,14.3,60.9,15.128571428571428,61.142857142857146,9.014285714285714,16.7
2025-02-14,Greater Noida,16.7,60.0,9.5,0.0,45,2,0.6990793005655562,0.7150441465537444,15.5,60.3,16.0,59.3,17.2,57.8,15.285714285714286,60.48571428571428,8.814285714285715,13.3
2025-02-15,Greater Noida,13.3,52.4,7.9,0.0,46,2,0.7112757519738152,0.7029130847082615,16.7,60.0,15.5,60.3,16.0,59.3,15.314285714285715,59.11428571428571,8.757142857142856,16.4
2025-02-16,Greater Noida,16.4,58.3,5.7,0.0,47,2,0.7232617254437388,0.6905740195722294,13.3,52.4,16.7,60.0,15.5,60.3,15.62857142857143,58.42857142857143,8.342857142857143,19.4
2025-02-17,Greater Noida,19.4,59.9,8.8,0.0,48,2,0.7350336741329412,0.6780306024735382,16.4,58.3,13.3,52.4,16.7,60.0,16.357142857142858,58.285714285714285,8.085714285714287,17.1
2025-02-18,Greater Noida,17.1,58.5,6.7,0.0,49,2,0.746588114532413,0.6652865452111116,19.4,59.9,16.4,58.3,13.3,52.4,16.342857142857145,58.38571428571429,7.671428571428572,17.2
2025-02-19,Greater Noida,17.2,58.5,11.4,0.0,50,2,0.7579216274973472,0.6523456189565257,17.1,58.5,19.4,59.9,16.4,58.3,16.514285714285712,58.271428571428565,8.242857142857144,18.1
2025-02-20,Greater Noida,18.1,61.3,9.3,11.7,51,2,0.7690308592589181,0.6392116531380588,17.2,58.5,17.1,58.5,19.4,59.9,16.885714285714286,58.41428571428571,8.471428571428572,15.8
2025-02-21,Greater Noida,15.8,54.9,7.8,0.0,52,2,0.7799125224167177,0.6258885343075018,18.1,61.3,17.2,58.5,17.1,58.5,16.757142857142856,57.68571428571429,8.22857142857143,15.0
2025-02-22,Greater Noida,15.0,52.5,8.1,0.0,53,2,0.7905633969115482,0.612380204990065,15.8,54.9,18.1,61.3,17.2,58.5,17.0,57.7,8.257142857142858,15.7
2025-02-23,Greater Noida,15.7,57.5,6.4,0.0,54,2,0.8009803309782905,0.5986906625177214,15.0,52.5,15.8,54.9,18.1,61.3,16.9,57.58571428571429,8.357142857142858,18.5
2025-02-24,Greater Noida,18.5,61.8,7.6,0.0,55,2,0.8111602420785621,0.5848239578463322,15.7,57.5,15.0,52.5,15.8,54.9,16.771428571428572,57.857142857142854,8.185714285714287,17.5
2025-02-25,Greater Noida,17.5,65.4,10.8,0.0,56,2,0.8211001178128892,0.5707841943569036,18.5,61.8,15.7,57.5,15.0,52.5,16.82857142857143,58.84285714285715,8.771428571428572,20.6
2025-02-26,Greater Noida,20.6,61.6,12.7,0.0,57,2,0.8307970168121247,0.5565755266413303,17.5,65.4,18.5,61.8,15.7,57.5,17.314285714285713,59.285714285714285,8.957142857142857,18.5
2025-02-27,Greater Noida,18.5,52.5,10.5,0.0,58,2,0.8402480696078469,0.5422021592729844,20.6,61.6,17.5,65.4,18.5,61.8,17.37142857142857,58.02857142857143,9.128571428571428,16.5
2025-02-28,Greater Noida,16.5,57.3,9.3,0.0,59,2,0.8494504794814806,0.527668345562516,18.5,52.5,20.6,61.6,17.5,65.4,17.47142857142857,58.37142857142857,9.342857142857143,17.7
2025-03-01,Greater Noida,17.7,59.1,8.8,0.0,60,3,0.8584015232918917,0.512978386299228,16.5,57.3,18.5,52.5,20.6,61.6,17.857142857142858,59.31428571428571,9.442857142857141,15.8
2025-03-02,Greater Noida,15.8,58.6,8.1,0.0,61,3,0.8670985522812081,0.4981366284784055,17.7,59.1,16.5,57.3,18.5,52.5,17.87142857142857,59.471428571428575,9.685714285714285,19.6
2025-03-03,Greater Noida,19.6,59.9,12.7,0.0,62,3,0.8755389928586302,0.4831474640149687,15.8,58.6,17.7,59.1,16.5,57.3,18.02857142857143,59.2,10.414285714285715,19.9
2025-03-04,Greater Noida,19.9,53.9,9.3,0.0,63,3,0.8837203473619977,0.4680153284438345,19.6,59.9,15.8,58.6,17.7,59.1,18.37142857142857,57.55714285714286,10.200000000000001,19.8
2025-03-05,Greater Noida,19.8,57.7,12.8,0.0,64,3,0.8916401947968874,0.45274469960737107,19.9,53.9,19.6,59.9,15.8,58.6,18.25714285714286,57.0,10.214285714285714,22.2
2025-03-06,Greater Noida,22.2,59.0,11.8,0.0,65,3,0.8992961915530253,0.4373400963303323,19.8,57.7,19.9,53.9,19.6,59.9,18.785714285714285,57.92857142857143,10.4,22.6
2025-03-07,Greater Noida,22.6,60.5,7.1,0.0,66,3,0.9066860720977985,0.4218060770826634,22.2,59.0,19.8,57.7,19.9,53.9,19.657142857142855,58.38571428571429,10.085714285714287,20.9
2025-03-08,Greater Noida,20.9,53.8,8.8,0.0,67,3,0.9138076496466615,0.40614723863057883,22.6,60.5,22.2,59.0,19.8,57.7,20.114285714285717,57.628571428571426,10.085714285714285,18.4
2025-03-09,Greater Noida,18.4,55.5,8.8,0.0,68,3,0.9206588168102428,0.3903682146763026,20.9,53.8,22.6,60.5,22.2,59.0,20.485714285714288,57.185714285714276,10.185714285714285,22.5
2025-03-10,Greater Noida,22.5,45.9,9.7,0.0,69,3,0.9272375462179537,0.374473674486883,18.4,55.5,20.9,53.8,22.6,60.5,20.9,55.18571428571429,9.757142857142858,22.7
2025-03-11,Greater Noida,22.7,54.1,9.8,0.0,70,3,0.9335418911179212,0.35846832151248087,22.5,45.9,18.4,55.5,20.9,53.8,21.3,55.214285714285715,9.828571428571427,22.6
2025-03-12,Greater Noida,22.6,54.3,14.4,0.0,71,3,0.9395699859530622,0.342356891994542,22.7,54.1,22.5,45.9,18.4,55.5,21.699999999999996,54.72857142857142,10.057142857142859,23.8
2025-03-13,Greater Noida,23.8,52.2,8.4,0.0,72,3,0.945320046913132,0.3261441535642696,22.6,54.3,22.7,54.1,22.5,45.9,21.928571428571427,53.75714285714285,9.571428571428571,21.1
2025-03-14,Greater Noida,21.1,56.8,10.4,0.0,73,3,0.9507903724625832,0.3098349038318025,23.8,52.2,22.6,54.3,22.7,54.1,21.714285714285715,53.22857142857142,10.042857142857144,25.8
2025-03-15,Greater Noida,25.8,55.7,11.0,0.0,74,3,0.9559793438440766,0.2934339689665273,21.1,56.8,23.8,52.2,22.6,54.3,22.414285714285715,53.5,10.357142857142858,21.9
2025-03-16,Greater Noida,21.9,46.8,10.1,0.0,75,3,0.9608854255574977,0.27694620226893646,25.8,55.7,21.1,56.8,23.8,52.2,22.914285714285715,52.25714285714286,10.542857142857144,24.5
2025-03-17,Greater Noida,24.5,56.5,10.3,0.0,76,3,0.9655071658143364,0.2603764827344581,21.9,46.8,25.8,55.7,21.1,56.8,23.2,53.771428571428565,10.62857142857143,21.4
2025-03-18,Greater Noida,21.4,51.8,8.6,0.0,77,3,0.969843196967294,0.24372971360968387,24.5,56.5,21.9,46.8,25.8,55.7,23.014285714285716,53.44285714285714,10.457142857142857,22.7
2025-03-19,Greater Noida,22.7,57.3,10.4,0.0,78,3,0.9738922359149924,0.22701082094141847,21.4,51.8,24.5,56.5,21.9,46.8,23.02857142857143,53.871428571428574,9.885714285714286,26.4
2025-03-20,Greater Noida,26.4,50.1,11.0,0.0,79,3,0.9776530844816641,0.2102247521189836,22.7,57.3,21.4,51.8,24.5,56.5,23.400000000000002,53.57142857142857,10.257142857142856,24.1
2025-03-21,Greater Noida,24.1,55.2,10.8,0.0,80,3,0.981124629771712,0.19337647441020586,26.4,50.1,22.7,57.3,21.4,51.8,23.82857142857143,53.34285714285714,10.314285714285715,25.9
2025-03-22,Greater Noida,25.9,53.8,11.2,0.0,81,3,0.984305844499033,0.17647097349152166,24.1,55.2,26.4,50.1,22.7,57.3,23.842857142857145,53.07142857142857,10.342857142857143,25.4
2025-03-23,Greater Noida,25.4,56.0,12.5,0.0,82,3,0.9871957872910085,0.15951325197263655,25.9,53.8,24.1,55.2,26.4,50.1,24.342857142857138,54.385714285714286,10.685714285714285,25.1
2025-03-24,Greater Noida,25.1,55.1,11.8,0.0,83,3,0.9897936029670716,0.14250832791617088,25.4,56.0,25.9,53.8,24.1,55.2,24.428571428571427,54.18571428571429,10.900000000000002,27.4
2025-03-25,Greater Noida,27.4,53.4,10.5,0.0,84,3,0.992098522791769,0.12546123335273648,25.1,55.1,25.4,56.0,25.9,53.8,25.285714285714285,54.41428571428571,11.171428571428569,25.5
2025-03-26,Greater Noida,25.5,48.2,8.7,0.0,85,3,0.9941098647022418,0.10837701279187609,27.4,53.4,25.1,55.1,25.4,56.0,25.685714285714283,53.11428571428571,10.928571428571429,23.6
2025-03-27,Greater Noida,23.6,48.3,9.6,0.0,86,3,0.9958270335100595,0.09126072172931188,25.5,48.2,27.4,53.4,25.1,55.1,25.285714285714285,52.857142857142854,10.72857142857143,25.2
2025-03-28,Greater Noida,25.2,51.7,10.2,0.0,87,3,0.9972495210773451,0.07411742515094437,23.6,48.3,25.5,48.2,27.4,53.4,25.442857142857143,52.357142857142854,10.642857142857142,27.3
2025-03-29,Greater Noida,27.3,53.9,10.9,0.0,88,3,0.998376906467142,0.056952196034039754,25.2,51.7,23.6,48.3,25.5,48.2,25.642857142857142,52.371428571428574,10.6,27.4
2025-03-30,Greater Noida,27.4,51.3,9.8,0.0,89,3,0.9992088560679753,0.03977011384605572,27.3,53.9,25.2,51.7,23.6,48.3,25.928571428571427,51.7,10.214285714285714,24.9
2025-03-31,Greater Noida,24.9,56.1,9.2,0.0,90,3,0.9997451236925734,0.022576263041545485,27.4,51.3,27.3,53.9,25.2,51.7,25.9,51.84285714285714,9.842857142857143,26.3
2025-04-01,Greater Noida,26.3,52.3,8.8,0.0,91,4,0.9999855506507186,0.005375731557583884,24.9,56.1,27.4,51.3,27.3,53.9,25.742857142857144,51.68571428571429,9.6,26.8
2025-04-02,Greater Noida,26.8,49.5,8.1,0.0,92,4,0.9999300657962057,-0.011826390691832589,26.3,52.3,24.9,56.1,27.4,51.3,25.928571428571427,51.871428571428574,9.514285714285714,27.3
2025-04-03,Greater Noida,27.3,52.1,10.3,0.0,93,4,0.9995786855478958,-0.029025013321975237,26.8,49.5,26.3,52.3,24.9,56.1,26.457142857142856,52.41428571428572,9.614285714285714,26.2
2025-04-04,Greater Noida,26.2,54.0,8.5,0.0,94,4,0.9989315138848577,-0.046215046983708354,27.3,52.1,26.8,49.5,26.3,52.3,26.599999999999998,52.74285714285715,9.37142857142857,27.5
2025-04-05,Greater Noida,27.5,54.2,9.2,0.0,95,4,0.9979887423155984,-0.06339140486951038,26.2,54.0,27.3,52.1,26.8,49.5,26.628571428571426,52.785714285714285,9.128571428571428,27.6
2025-04-06,Greater Noida,27.6,60.3,10.1,0.0,96,4,0.9967506498213929,-0.08054900421874167,27.5,54.2,26.2,54.0,27.3,52.1,26.657142857142862,54.07142857142857,9.171428571428569,29.9
2025-04-07,Greater Noida,29.9,50.0,8.7,0.0,97,4,0.9952176027737294,-0.09768276782171598,27.6,60.3,27.5,54.2,26.2,54.0,27.37142857142857,53.2,9.1,30.2
2025-04-08,Greater Noida,30.2,52.2,11.3,0.0,98,4,0.9933900548258936,-0.11478762552212701,29.9,50.0,27.6,60.3,27.5,54.2,27.928571428571427,53.18571428571429,9.457142857142857,29.1
2025-04-09,Greater Noida,29.1,54.1,11.9,8.5,99,4,0.9912685467787256,-0.13185851571739118,30.2,52.2,29.9,50.0,27.6,60.3,28.25714285714286,53.84285714285714,10.0,26.0
2025-04-10,Greater Noida,26.0,52.2,10.0,0.0,100,4,0.9888537064205885,-0.1488903868564548,29.1,54.1,30.2,52.2,29.9,50.0,28.071428571428573,53.857142857142854,9.957142857142857,30.0
2025-04-11,Greater Noida,30.0,50.2,10.2,0.0,101,4,0.986146248341595,-0.16587819893463143,26.0,52.2,29.1,54.1,30.2,52.2,28.614285714285717,53.31428571428571,10.2,28.9
2025-04-12,Greater Noida,28.9,45.9,11.6,0.0,102,4,0.9831469737221499,-0.1828169249850199,30.0,50.2,26.0,52.2,29.1,54.1,28.814285714285717,52.128571428571426,10.542857142857143,28.7
2025-04-13,Greater Noida,28.7,49.9,9.8,0.0,103,4,0.9798567700958665,-0.1997015525660636,28.9,45.9,30.0,50.2,26.0,52.2,28.971428571428568,50.642857142857146,10.5,29.2
2025-04-14,Greater Noida,29.2,47.6,9.7,0.0,104,4,0.9762766110869321,-0.21652708524481437,28.7,49.9,28.9,45.9,30.0,50.2,28.871428571428574,50.3,10.642857142857142,29.9
2025-04-15,Greater Noida,29.9,44.8,12.7,4.8,105,4,0.9724075561219968,-0.23328854407545518,29.2,47.6,28.7,49.9,28.9,45.9,28.828571428571426,49.24285714285714,10.842857142857143,29.4
2025-04-16,Greater Noida,29.4,48.5,12.2,0.0,106,4,0.9682507501166718,-0.2499809690726521,29.9,44.8,29.2,47.6,28.7,49.9,28.87142857142857,48.44285714285714,10.885714285714284,31.5
2025-04-17,Greater Noida,31.5,47.4,11.8,0.0,107,4,0.9638074231367307,-0.26659942067929354,29.4,48.5,29.9,44.8,29.2,47.6,29.657142857142855,47.75714285714285,11.142857142857142,32.5
2025-04-18,Greater Noida,32.5,53.8,12.3,0.0,108,4,0.9590788900341131,-0.28313898122818354,31.5,47.4,29.4,48.5,29.9,44.8,30.014285714285712,48.271428571428565,11.442857142857145,29.5
2025-04-19,Greater Noida,29.5,53.8,8.0,0.0,109,4,0.9540665500578387,-0.2995947563972602,32.5,53.8,31.5,47.4,29.4,48.5,30.099999999999998,49.4,10.928571428571429,32.0
2025-04-20,Greater Noida,32.0,47.7,13.0,0.0,110,4,0.9487718864399473,-0.31596187665790293,29.5,53.8,32.5,53.8,31.5,47.4,30.571428571428573,49.08571428571428,11.385714285714286,31.8
2025-04-21,Greater Noida,31.8,50.2,11.5,0.0,111,4,0.9431964659565866,-0.33223549871590435,32.0,47.7,29.5,53.8,32.5,53.8,30.942857142857147,49.45714285714286,11.642857142857142,32.8
2025-04-22,Greater Noida,32.8,43.7,12.5,0.0,112,4,0.9373419384643772,-0.3484108069446808,31.8,50.2,32.0,47.7,29.5,53.8,31.357142857142858,49.300000000000004,11.614285714285716,32.6
2025-04-23,Greater Noida,32.6,49.1,11.6,0.0,113,4,0.9312100364121947,-0.3644830148102912,32.8,43.7,31.8,50.2,32.0,47.7,31.814285714285713,49.385714285714286,11.528571428571428,30.8
2025-04-24,Greater Noida,30.8,52.6,11.0,20.8,114,4,0.9248025743285089,-0.38044736628785164,32.6,49.1,32.8,43.7,31.8,50.2,31.714285714285715,50.128571428571426,11.414285714285715,22.7
2025-04-25,Greater Noida,22.7,54.3,10.6,0.0,115,4,0.9181214482844365,-0.39629913726891813,30.8,52.6,32.6,49.1,32.8,43.7,30.314285714285713,50.2,11.171428571428569,33.3
2025-04-26,Greater Noida,33.3,48.0,11.5,0.0,116,4,0.9111686353326631,-0.41203363695942635,22.7,54.3,30.8,52.6,32.6,49.1,30.857142857142858,49.371428571428574,11.671428571428569,34.9
2025-04-27,Greater Noida,34.9,55.1,10.5,0.0,117,4,0.9039461929224011,-0.42764620926777464,33.3,48.0,22.7,54.3,30.8,52.6,31.27142857142857,50.42857142857143,11.314285714285713,30.5
2025-04-28,Greater Noida,30.5,44.7,12.3,0.0,118,4,0.8964562582905575,-0.44313223418263453,34.9,55.1,33.3,48.0,22.7,54.3,31.085714285714282,49.642857142857146,11.428571428571429,34.3
2025-04-29,Greater Noida,34.3,45.8,8.6,0.0,119,4,0.8887010478292915,-0.45848712914008766,30.5,44.7,34.9,55.1,33.3,48.0,31.3,49.942857142857136,10.87142857142857,35.7
2025-04-30,Greater Noida,35.7,53.6,10.2,0.0,120,4,0.8806828564301475,-0.47370635037968,34.3,45.8,30.5,44.7,34.9,55.1,31.74285714285714,50.58571428571429,10.671428571428573,34.0
2025-05-01,Greater Noida,34.0,57.4,14.1,0.0,121,5,0.8724040568049612,-0.48878539428899265,35.7,53.6,34.3,45.8,30.5,44.7,32.199999999999996,51.271428571428565,11.114285714285714,35.2
2025-05-02,Greater Noida,35.2,52.7,10.1,0.0,122,5,0.8638670987837349,-0.503719798736334,34.0,57.4,35.7,53.6,34.3,45.8,33.98571428571429,51.042857142857144,11.042857142857143,33.6
2025-05-03,Greater Noida,33.6,50.6,10.6,0.0,123,5,0.8550745085896932,-0.518505144391157,35.2,52.7,34.0,57.4,35.7,53.6,34.028571428571425,51.41428571428571,10.914285714285715,34.7
2025-05-04,Greater Noida,34.7,41.9,9.7,0.0,124,5,0.8460288880917339,-0.533137056031809,33.6,50.6,35.2,52.7,34.0,57.4,34.00000000000001,49.52857142857143,10.8,32.7
2025-05-05,Greater Noida,32.7,42.6,11.5,0.0,125,5,0.8367329140344921,-0.5476112038402312,34.7,41.9,33.6,50.6,35.2,52.7,34.31428571428571,49.22857142857142,10.685714285714285,31.9
2025-05-06,Greater Noida,31.9,45.95,11.1,21.9,126,5,0.8271893372462497,-0.5619233046832195,32.7,42.6,34.7,41.9,33.6,50.6,33.971428571428575,49.25,11.042857142857143,28.2
2025-05-07,Greater Noida,28.2,49.3,10.7,0.0,127,5,0.8174009818249189,-0.5760691233798758,31.9,45.95,32.7,42.6,34.7,41.9,32.9,48.635714285714286,11.114285714285714,34.2
2025-05-08,Greater Noida,34.2,46.4,12.3,0.0,128,5,0.8073707443023492,-0.5900444739548627,28.2,49.3,31.9,45.95,32.7,42.6,32.92857142857143,47.064285714285724,10.857142857142858,35.1
2025-05-09,Greater Noida,35.1,51.1,9.9,0.0,129,5,0.7971015927871943,-0.6038452208771035,34.2,46.4,28.2,49.3,31.9,45.95,32.91428571428572,46.83571428571428,10.828571428571427,34.0
2025-05-10,Greater Noida,34.0,51.3,12.1,0.0,130,5,0.7865965660866021,-0.6174672802835514,35.1,51.1,34.2,46.4,28.2,49.3,32.971428571428575,46.93571428571429,11.042857142857143,34.1
2025-05-11,Greater Noida,34.1,54.7,12.2,0.0,131,5,0.7758587728069828,-0.6309066211876704,34.0,51.3,35.1,51.1,34.2,46.4,32.885714285714286,48.76428571428571,11.4,36.0
2025-05-12,Greater Noida,36.0,51.6,12.5,16.4,132,5,0.7648913904341226,-0.6441592666722685,34.1,54.7,34.0,51.3,35.1,51.1,33.357142857142854,50.050000000000004,11.542857142857143,26.9
2025-05-13,Greater Noida,26.9,56.0,11.2,0.0,133,5,0.753697664392914,-0.6572212950663319,36.0,51.6,34.1,54.7,34.0,51.3,32.642857142857146,51.48571428571428,11.557142857142859,37.1
2025-05-14,Greater Noida,37.1,51.2,15.8,0.0,134,5,0.742280907086982,-0.6700888411055113,26.9,56.0,36.0,51.6,34.1,54.7,33.91428571428572,51.75714285714286,12.285714285714286,37.3
2025-05-15,Greater Noida,37.3,50.8,12.5,0.0,135,5,0.7306444969184916,-0.6827580970759147,37.1,51.2,26.9,56.0,36.0,51.6,34.357142857142854,52.385714285714286,12.314285714285715,37.3
2025-05-16,Greater Noida,37.3,55.6,11.4,0.0,136,5,0.7187918772884232,-0.6952253139408722,37.3,50.8,37.1,51.2,26.9,56.0,34.67142857142857,53.02857142857143,12.528571428571427,37.3
2025-05-17,Greater Noida,37.3,47.6,9.6,18.2,137,5,0.7067265555776158,-0.7074868024503348,37.3,55.6,37.3,50.8,37.1,51.2,35.142857142857146,52.5,12.171428571428573,30.8
2025-05-18,Greater Noida,30.8,62.9,10.7,4.6,138,5,0.6944521021088763,-0.719538934232584,37.3,47.6,37.3,55.6,37.3,50.8,34.67142857142857,53.67142857142858,11.957142857142857,35.8
2025-05-19,Greater Noida,35.8,53.2,13.0,0.0,139,5,0.6819721490904629,-0.7313781428679254,30.8,62.9,37.3,47.6,37.3,55.6,34.64285714285714,53.9,12.028571428571428,37.3
2025-05-20,Greater Noida,37.3,53.4,13.4,0.0,140,5,0.6692903895412567,-0.7430009249440493,35.8,53.2,30.8,62.9,37.3,47.6,36.128571428571426,53.528571428571425,12.342857142857142,39.1
2025-05-21,Greater Noida,39.1,54.1,13.0,0.0,141,5,0.6564105761979381,-0.7544038410927472,37.3,53.4,35.8,53.2,30.8,62.9,36.41428571428571,53.94285714285714,11.942857142857141,39.4
2025-05-22,Greater Noida,39.4,59.7,12.0,0.0,142,5,0.6433365204044917,-0.765583517007675,39.1,54.1,37.3,53.4,35.8,53.2,36.714285714285715,55.214285714285715,11.87142857142857,35.8
2025-05-23,Greater Noida,35.8,55.5,8.9,0.0,143,5,0.6300720909843687,-0.7765366444428655,39.4,59.7,39.1,54.1,37.3,53.4,36.49999999999999,55.199999999999996,11.514285714285714,37.5
2025-05-24,Greater Noida,37.5,46.1,11.5,0.0,144,5,0.6166212130956382,-0.7872599821916922,35.8,55.5,39.4,59.7,39.1,54.1,36.528571428571425,54.98571428571429,11.785714285714286,39.9
2025-05-25,Greater Noida,39.9,58.3,8.9,15.3,145,5,0.6029878670694714,-0.7977503570459932,37.5,46.1,35.8,55.5,39.4,59.7,37.82857142857142,54.32857142857142,11.528571428571427,30.3
2025-05-26,Greater Noida,30.3,51.6,8.5,0.0,146,5,0.5891760872322963,-0.8080046647350754,39.9,58.3,37.5,46.1,35.8,55.5,37.042857142857144,54.1,10.885714285714284,38.5
2025-05-27,Greater Noida,38.5,53.6,11.1,0.0,147,5,0.5751899607119775,-0.8180198708443175,30.3,51.6,39.9,58.3,37.5,46.1,37.214285714285715,54.12857142857143,10.557142857142859,38.0
2025-05-28,Greater Noida,38.0,48.2,11.5,0.0,148,5,0.5610336262283677,-0.8277930117131022,38.5,53.6,30.3,51.6,39.9,58.3,37.05714285714286,53.285714285714285,10.342857142857143,37.9
2025-05-29,Greater Noida,37.9,55.7,12.0,2.8,149,5,0.5467112728685939,-0.8373211953118121,38.0,48.2,38.5,53.6,30.3,51.6,36.84285714285715,52.714285714285715,10.342857142857143,38.9
2025-05-30,Greater Noida,38.9,51.2,11.4,14.1,150,5,0.5322271388474397,-0.8466016020976267,37.9,55.7,38.0,48.2,38.5,53.6,37.285714285714285,52.1,10.700000000000001,35.3
2025-05-31,Greater Noida,35.3,54.5,11.4,4.5,151,5,0.5175855102531889,-0.8556314858488706,38.9,51.2,37.9,55.7,38.0,48.2,36.971428571428575,53.3,10.685714285714285,38.7
2025-06-01,Greater Noida,38.7,53.2,10.9,0.0,152,6,0.5027907197793043,-0.8644081744776648,35.3,54.5,38.9,51.2,37.9,55.7,36.800000000000004,52.57142857142858,10.971428571428573,38.9
2025-06-02,Greater Noida,38.9,62.3,10.4,17.5,153,6,0.4878471454423119,-0.8729290708206411,38.7,53.2,35.3,54.5,38.9,51.2,38.028571428571425,54.1,11.242857142857144,29.4
2025-06-03,Greater Noida,29.4,62.8,8.3,0.0,154,6,0.47275920928627757,-0.881191653407483,38.9,62.3,38.7,53.2,35.3,54.5,36.728571428571435,55.41428571428571,10.842857142857143,39.7
2025-06-04,Greater Noida,39.7,55.3,7.5,8.4,155,6,0.4575313760742512,-0.8891934772070711,29.4,62.8,38.9,62.3,38.7,53.2,36.971428571428575,56.42857142857143,10.271428571428572,40.1
2025-06-05,Greater Noida,40.1,55.6,11.6,14.4,156,6,0.44216815196707204,-0.8969321743510065,39.7,55.3,29.4,62.8,38.9,62.3,37.285714285714285,56.41428571428571,10.214285714285714,33.6
2025-06-06,Greater Noida,33.6,54.2,9.3,28.6,157,6,0.42667408318992467,-0.9044054548343001,40.1,55.6,39.7,55.3,29.4,62.8,36.528571428571425,56.84285714285715,9.914285714285715,31.1
2025-06-07,Greater Noida,31.1,60.4,11.7,40.3,158,6,0.4110537546870351,-0.9116111071930239,33.6,54.2,40.1,55.6,39.7,55.3,35.92857142857143,57.68571428571429,9.957142857142857,29.6
2025-06-08,Greater Noida,29.6,55.0,12.1,0.0,159,6,0.3953117887649151,-0.9185469991587165,31.1,60.4,33.6,54.2,40.1,55.6,34.628571428571426,57.942857142857136,10.128571428571428,40.1
2025-06-09,Greater Noida,40.1,54.9,9.4,29.1,160,6,0.37945284372454435,-0.925211078289358,29.6,55.0,31.1,60.4,33.6,54.2,34.8,56.88571428571429,9.985714285714286,30.9
2025-06-10,Greater Noida,30.9,60.8,11.2,6.1,161,6,0.36348161248290634,-0.9316013725767187,40.1,54.9,29.6,55.0,31.1,60.4,35.01428571428571,56.6,10.4,37.4
2025-06-11,Greater Noida,37.4,55.1,9.3,9.6,162,6,0.3474028211842774,-0.9377159910299093,30.9,60.8,40.1,54.9,29.6,55.0,34.68571428571429,56.57142857142857,10.657142857142857,38.0
2025-06-12,Greater Noida,38.0,57.4,7.5,16.0,163,6,0.3312212278016865,-0.9435531242349544,37.4,55.1,30.9,60.8,40.1,54.9,34.385714285714286,56.82857142857142,10.071428571428571,31.2
2025-06-13,Greater Noida,31.2,51.5,10.4,0.0,164,6,0.31494162072895193,-0.9491110448902284,38.0,57.4,37.4,55.1,30.9,60.8,34.042857142857144,56.442857142857136,10.22857142857143,41.0
2025-06-14,Greater Noida,41.0,61.0,9.5,0.0,165,6,0.2985688173637202,-0.9543881083175908,31.2,51.5,38.0,57.4,37.4,55.1,35.457142857142856,56.528571428571425,9.914285714285715,36.2
2025-06-15,Greater Noida,36.2,66.3,9.5,27.1,166,6,0.2821076626819194,-0.9593827529490743,41.0,61.0,31.2,51.5,38.0,57.4,36.4,58.142857142857146,9.542857142857143,33.2
2025-06-16,Greater Noida,33.2,61.7,13.1,0.0,167,6,0.26556302780405594,-0.9640935007889755,36.2,66.3,41.0,61.0,31.2,51.5,35.41428571428572,59.114285714285714,10.071428571428571,40.0
2025-06-17,Greater Noida,40.0,65.0,7.8,0.0,168,6,0.24893980855376657,-0.9685189578512204,33.2,61.7,36.2,66.3,41.0,61.0,36.714285714285715,59.714285714285715,9.585714285714285,41.0
2025-06-18,Greater Noida,41.0,56.1,10.6,0.0,169,6,0.23224292400907015,-0.9726578145718654,40.0,65.0,33.2,61.7,36.2,66.3,37.228571428571435,59.857142857142854,9.771428571428572,37.8
2025-06-19,Greater Noida,37.8,60.8,8.5,0.0,170,6,0.21547731504673012,-0.976508846196619,41.0,56.1,40.0,65.0,33.2,61.7,37.199999999999996,60.34285714285715,9.914285714285715,38.4
2025-06-20,Greater Noida,38.4,56.4,11.3,10.2,171,6,0.19864794288017112,-0.9800709131432666,37.8,60.8,41.0,56.1,40.0,65.0,38.228571428571435,61.042857142857144,10.042857142857143,36.7
2025-06-21,Greater Noida,36.7,59.6,10.4,0.0,172,6,0.18175978759137534,-0.9833429613388902,38.4,56.4,37.8,60.8,41.0,56.1,37.614285714285714,60.84285714285715,10.171428571428573,39.5
2025-06-22,Greater Noida,39.5,63.9,10.5,0.0,173,6,0.16481784665719793,-0.9863240225317866,36.7,59.6,38.4,56.4,37.8,60.8,38.08571428571429,60.5,10.314285714285715,39.9
2025-06-23,Greater Noida,39.9,61.6,8.4,0.0,174,6,0.14782713347053048,-0.9890132145779883,39.5,63.9,36.7,59.6,38.4,56.4,39.042857142857144,60.48571428571429,9.642857142857142,41.0
2025-06-24,Greater Noida,41.0,55.9,8.7,0.0,175,6,0.13079267585675922,-0.9914097417023038,39.9,61.6,39.5,63.9,36.7,59.6,39.18571428571429,59.18571428571429,9.771428571428572,37.0
2025-06-25,Greater Noida,37.0,56.6,11.2,0.0,176,6,0.11371951458594969,-0.9935128947338007,41.0,55.9,39.9,61.6,39.5,63.9,38.614285714285714,59.25714285714286,9.857142857142858,40.8
2025-06-26,Greater Noida,40.8,56.6,12.4,4.5,177,6,0.0966127018812031,-0.9953220513156602,37.0,56.6,41.0,55.9,39.9,61.6,39.04285714285714,58.65714285714285,10.414285714285715,39.95
2025-06-27,Greater Noida,39.95,64.4,10.4,0.0,178,6,0.07947729992362097,-0.9968366760893436,40.8,56.6,37.0,56.6,41.0,55.9,39.26428571428572,59.800000000000004,10.285714285714286,39.1
2025-06-28,Greater Noida,39.1,71.0,8.3,0.0,179,6,0.062318379354325076,-0.998056320853012,39.95,64.4,40.8,56.6,37.0,56.6,39.607142857142854,61.42857142857143,9.985714285714286,37.3
2025-06-29,Greater Noida,37.3,68.5,10.1,0.0,180,6,0.04514101777397193,-0.9989806246941579,39.1,71.0,39.95,64.4,40.8,56.6,39.292857142857144,62.08571428571429,9.928571428571429,40.0
2025-06-30,Greater Noida,40.0,55.8,13.2,0.0,181,6,0.02795029824021032,-0.999609314096404,37.3,68.5,39.1,71.0,39.95,64.4,39.307142857142864,61.25714285714285,10.614285714285714,35.9
2025-07-01,Greater Noida,35.9,69.4,9.7,0.0,182,7,0.01075130776352193,-0.9999422030204416,40.0,55.8,37.3,68.5,39.1,71.0,38.57857142857143,63.18571428571429,10.757142857142856,40.1
2025-07-02,Greater Noida,40.1,67.7,11.7,0.0,183,7,-0.00645086419810515,-0.9999791929590823,35.9,69.4,40.0,55.8,37.3,68.5,39.02142857142858,64.77142857142857,10.828571428571427,37.1
2025-07-03,Greater Noida,37.1,58.0,8.3,0.0,184,7,-0.023651127245231586,-0.9997202729664083,40.1,67.7,35.9,69.4,40.0,55.8,38.49285714285714,64.97142857142858,10.242857142857144,39.2
2025-07-04,Greater Noida,39.2,63.3,9.3,32.1,185,7,-0.04084439154329611,-0.9991655196610109,37.1,58.0,40.1,67.7,35.9,69.4,38.38571428571429,64.81428571428572,10.085714285714285,30.4
2025-07-05,Greater Noida,30.4,69.1,10.3,6.4,186,7,-0.05802556932878035,-0.9983150972033183,39.2,63.3,37.1,58.0,40.1,67.7,37.142857142857146,64.54285714285713,10.37142857142857,37.6
2025-07-06,Greater Noida,37.6,67.2,9.9,0.0,187,7,-0.07518957641475855,-0.9971692572470178,30.4,69.1,39.2,63.3,37.1,58.0,37.18571428571429,64.35714285714286,10.342857142857143,38.7
2025-07-07,Greater Noida,38.7,60.0,8.1,0.0,188,7,-0.09233133369539122,-0.9957283388645872,37.6,67.2,30.4,69.1,39.2,63.3,37.0,64.95714285714287,9.614285714285714,37.9
2025-07-08,Greater Noida,37.9,67.9,8.0,31.5,189,7,-0.10944576864891556,-0.993992768446958,38.7,60.0,37.6,67.2,30.4,69.1,37.285714285714285,64.74285714285715,9.37142857142857,29.6
2025-07-09,Greater Noida,29.6,57.1,10.6,0.0,190,7,-0.12652781683868314,-0.9919630595773397,37.9,67.9,38.7,60.0,37.6,67.2,35.785714285714285,63.228571428571435,9.214285714285714,40.5
2025-07-10,Greater Noida,40.5,65.0,10.9,0.0,191,7,-0.1435724234118113,-0.9896398128792412,29.6,57.1,37.9,67.9,38.7,60.0,36.271428571428565,64.22857142857143,9.585714285714285,39.4
2025-07-11,Greater Noida,39.4,70.6,11.3,0.0,192,7,-0.16057454459499376,-0.9870237158387383,40.5,65.0,29.6,57.1,37.9,67.9,36.3,65.27142857142857,9.871428571428572,38.0
2025-07-12,Greater Noida,38.0,66.3,11.7,28.1,193,7,-0.17752914918703497,-0.984115542601034,39.4,70.6,40.5,65.0,29.6,57.1,37.385714285714286,64.87142857142857,10.071428571428571,29.6
2025-07-13,Greater Noida,29.6,64.4,9.1,0.0,194,7,-0.19443122004766195,-0.9809161537413774,38.0,66.3,39.4,70.6,40.5,65.0,36.24285714285714,64.47142857142858,9.957142857142857,36.1
2025-07-14,Greater Noida,36.1,70.1,8.4,12.3,195,7,-0.2112757555821793,-0.9774264960104055,29.6,64.4,38.0,66.3,39.4,70.6,35.871428571428574,65.91428571428571,10.0,35.8
2025-07-15,Greater Noida,35.8,70.6,10.9,26.1,196,7,-0.2280577712215198,-0.9736476020539838,36.1,70.1,29.6,64.4,38.0,66.3,35.57142857142857,66.3,10.414285714285715,27.1
2025-07-16,Greater Noida,27.1,72.0,9.9,0.0,197,7,-0.24477230089725957,-0.9695805901076308,35.8,70.6,36.1,70.1,29.6,64.4,35.214285714285715,68.42857142857143,10.314285714285715,39.0
2025-07-17,Greater Noida,39.0,70.4,7.3,0.0,198,7,-0.2614143985111562,-0.965226663665613,27.1,72.0,35.8,70.6,36.1,70.1,35.0,69.2,9.799999999999999,38.1
2025-07-18,Greater Noida,38.1,71.3,7.1,32.5,199,7,-0.2779791393987801,-0.9605871111248129,39.0,70.4,27.1,72.0,35.8,70.6,34.81428571428572,69.3,9.200000000000001,32.6
2025-07-19,Greater Noida,32.6,70.0,9.4,0.0,200,7,-0.2944616217868012,-0.9556633054034704,38.1,71.3,39.0,70.4,27.1,72.0,34.042857142857144,69.82857142857144,8.87142857142857,36.1
2025-07-20,Greater Noida,36.1,68.2,8.3,0.0,201,7,-0.3108569682435036,-0.9504567035349151,32.6,70.0,38.1,71.3,39.0,70.4,34.97142857142857,70.37142857142857,8.757142857142858,37.4
2025-07-21,Greater Noida,37.4,67.6,8.5,36.5,202,7,-0.3271603271220951,-0.9449688462364056,36.1,68.2,32.6,70.0,38.1,71.3,35.15714285714286,70.01428571428572,8.77142857142857,31.4
2025-07-22,Greater Noida,31.4,66.3,10.1,8.2,203,7,-0.34336687399638804,-0.939201357453208,37.4,67.6,36.1,68.2,32.6,70.0,34.52857142857143,69.39999999999999,8.657142857142857,35.9
2025-07-23,Greater Noida,35.9,62.4,9.6,0.0,204,7,-0.3594718130884232,-0.9331559438780432,31.4,66.3,37.4,67.6,36.1,68.2,35.785714285714285,68.02857142857142,8.614285714285714,36.1
2025-07-24,Greater Noida,36.1,63.4,10.4,0.0,205,7,-0.3754703786876202,-0.9268343944460494,35.9,62.4,31.4,66.3,37.4,67.6,35.371428571428574,67.02857142857142,9.057142857142857,37.3
2025-07-25,Greater Noida,37.3,66.1,5.4,26.0,206,7,-0.3913578365610259,-0.9202385798054075,36.1,63.4,35.9,62.4,31.4,66.3,35.25714285714285,66.28571428571429,8.814285714285715,28.3
2025-07-26,Greater Noida,28.3,68.2,8.7,0.0,207,7,-0.4071294853542516,-0.9133704517637858,37.3,66.1,36.1,63.4,35.9,62.4,34.642857142857146,66.02857142857142,8.714285714285714,37.1
2025-07-27,Greater Noida,37.1,73.0,9.3,0.0,208,7,-0.4227806579826773,-0.9062320427107697,28.3,68.2,37.3,66.1,36.1,63.4,34.785714285714285,66.71428571428571,8.857142857142858,35.5
2025-07-28,Greater Noida,35.5,67.0,5.9,0.0,209,7,-0.4383067230125192,-0.898825465016444,37.1,73.0,28.3,68.2,37.3,66.1,34.51428571428571,66.62857142857142,8.485714285714286,36.2
2025-07-29,Greater Noida,36.2,71.1,7.2,0.0,210,7,-0.45370308603134424,-0.8911529104063088,35.5,67.0,37.1,73.0,28.3,68.2,35.199999999999996,67.31428571428572,8.071428571428571,33.9
2025-07-30,Greater Noida,33.9,71.4,6.8,13.5,211,7,-0.46896519100763184,-0.8832166493127127,36.2,71.1,35.5,67.0,37.1,73.0,34.91428571428572,68.6,7.671428571428572,33.2
2025-07-31,Greater Noida,33.2,66.0,8.1,5.4,212,7,-0.48408852163897587,-0.8750190302029955,33.9,71.4,36.2,71.1,35.5,67.0,34.5,68.97142857142858,7.3428571428571425,33.5
2025-08-01,Greater Noida,33.5,69.3,10.4,24.1,213,8,-0.4990686026885319,-0.8665624788845385,33.2,66.0,33.9,71.4,36.2,71.1,33.95714285714286,69.42857142857143,8.057142857142857,26.9
2025-08-02,Greater Noida,26.9,65.8,11.0,0.0,214,8,-0.5139010013093103,-0.8578494977869301,33.5,69.3,33.2,66.0,33.9,71.4,33.75714285714286,69.08571428571429,8.385714285714286,33.2
2025-08-03,Greater Noida,33.2,72.0,6.7,0.0,215,8,-0.5285813283559292,-0.8488826652214553,26.9,65.8,33.5,69.3,33.2,66.0,33.2,68.94285714285715,8.014285714285714,36.7
2025-08-04,Greater Noida,36.7,69.1,8.6,0.0,216,8,-0.5431052396834317,-0.8396646346181327,33.2,72.0,26.9,65.8,33.5,69.3,33.371428571428574,69.24285714285715,8.4,35.7
2025-08-05,Greater Noida,35.7,61.7,8.6,16.9,217,8,-0.5574684374327892,-0.8301981337405212,36.7,69.1,33.2,72.0,26.9,65.8,33.300000000000004,67.9,8.6,25.5
2025-08-06,Greater Noida,25.5,66.9,8.3,0.0,218,8,-0.5716666713027052,-0.8204859638785327,35.7,61.7,36.7,69.1,33.2,72.0,32.1,67.25714285714285,8.814285714285715,34.4
2025-08-07,Greater Noida,34.4,72.7,8.3,0.9,219,8,-0.5856957398073508,-0.8105309990194823,25.5,66.9,35.7,61.7,36.7,69.1,32.27142857142857,68.21428571428571,8.842857142857143,32.5
2025-08-08,Greater Noida,32.5,65.2,8.1,9.8,220,8,-0.5995514915196489,-0.8003361849976323,34.4,72.7,25.5,66.9,35.7,61.7,32.128571428571426,67.62857142857142,8.514285714285714,30.0
2025-08-09,Greater Noida,30.0,67.6,10.1,23.9,221,8,-0.6132298262997502,-0.7899045386224707,32.5,65.2,34.4,72.7,25.5,66.9,32.57142857142857,67.88571428571429,8.385714285714286,25.0
2025-08-10,Greater Noida,25.0,67.8,9.2,0.0,222,8,-0.6267266965083301,-0.7792391467859886,30.0,67.6,32.5,65.2,34.4,72.7,31.400000000000002,67.28571428571429,8.742857142857142,35.7
2025-08-11,Greater Noida,35.7,61.3,5.9,19.2,223,8,-0.6400381082043503,-0.7683431655492202,25.0,67.8,30.0,67.6,32.5,65.2,31.25714285714286,66.17142857142856,8.357142857142858,24.4
2025-08-12,Greater Noida,24.4,67.3,8.6,0.0,224,8,-0.65316012232693,-0.7572198192083127,35.7,61.3,25.0,67.8,30.0,67.6,29.642857142857142,66.97142857142858,8.357142857142858,34.5
2025-08-13,Greater Noida,34.5,59.5,8.7,0.0,225,8,-0.666088855860977,-0.7458723993404063,24.4,67.3,35.7,61.3,25.0,67.8,30.928571428571427,65.91428571428571,8.414285714285715,32.6
2025-08-14,Greater Noida,32.6,62.4,7.8,0.0,226,8,-0.6788204829862355,-0.734304263829602,34.5,59.5,24.4,67.3,35.7,61.3,30.67142857142857,64.44285714285714,8.342857142857143,33.5
2025-08-15,Greater Noida,33.5,69.0,9.0,6.7,227,8,-0.6913512362094071,-0.722518835873311,32.6,62.4,34.5,59.5,24.4,67.3,30.814285714285713,64.98571428571428,8.471428571428572,29.8
2025-08-16,Greater Noida,29.8,65.9,7.5,0.0,228,8,-0.7036774074790128,-0.7105196029692745,33.5,69.0,32.6,62.4,34.5,59.5,30.785714285714285,64.74285714285715,8.1,34.0
2025-08-17,Greater Noida,34.0,63.1,7.5,0.0,229,8,-0.7157953492826642,-0.6983101158835584,29.8,65.9,33.5,69.0,32.6,62.4,32.07142857142857,64.07142857142857,7.857142857142857,31.8
2025-08-18,Greater Noida,31.8,65.8,7.3,0.0,230,8,-0.7277014757264236,-0.6858939875998223,34.0,63.1,29.8,65.9,33.5,69.0,31.514285714285716,64.71428571428571,8.057142857142855,30.1
2025-08-19,Greater Noida,30.1,63.6,4.0,0.0,231,8,-0.7393922635959241,-0.673274892250183,31.8,65.8,34.0,63.1,29.8,65.9,32.32857142857143,64.18571428571428,7.3999999999999995,30.2
2025-08-20,Greater Noida,30.2,63.7,6.9,0.0,232,8,-0.7508642533989489,-0.6604565640279754,30.1,63.6,31.8,65.8,34.0,63.1,31.714285714285715,64.78571428571429,7.142857142857143,31.1
2025-08-21,Greater Noida,31.1,66.1,6.0,0.0,233,8,-0.7621140503891487,-0.6474427960827475,30.2,63.7,30.1,63.6,31.8,65.8,31.5,65.31428571428572,6.885714285714286,29.9
2025-08-22,Greater Noida,29.9,60.3,5.1,0.0,234,8,-0.7731383255706026,-0.6342374393978054,31.1,66.1,30.2,63.7,30.1,63.6,30.985714285714288,64.07142857142858,6.328571428571428,32.0
2025-08-23,Greater Noida,32.0,63.2,9.0,0.0,235,8,-0.7839338166829201,-0.620844401650647,29.9,60.3,31.1,66.1,30.2,63.7,31.3,63.68571428571429,6.542857142857143,30.5
2025-08-24,Greater Noida,30.5,61.6,7.6,13.4,236,8,-0.7944973291665992,-0.6072676460566135,32.0,63.2,29.9,60.3,31.1,66.1,30.8,63.471428571428575,6.557142857142857,31.3
2025-08-25,Greater Noida,31.3,56.3,6.7,0.0,237,8,-0.8048257371083452,-0.593511190196115,30.5,61.6,32.0,63.2,29.9,60.3,30.728571428571428,62.11428571428571,6.471428571428572,28.3
2025-08-26,Greater Noida,28.3,58.7,5.9,3.2,238,8,-0.8149159841660791,-0.5795791048257612,31.3,56.3,30.5,61.6,32.0,63.2,30.47142857142857,61.41428571428572,6.742857142857143,30.8
2025-08-27,Greater Noida,30.8,68.5,7.1,0.0,239,8,-0.8247650844733614,-0.5654755126737576,28.3,58.7,31.3,56.3,30.5,61.6,30.557142857142857,62.10000000000001,6.771428571428571,28.7
2025-08-28,Greater Noida,28.7,63.5,8.1,0.0,240,8,-0.8343701235229537,-0.5512045872199277,30.8,68.5,28.3,58.7,31.3,56.3,30.214285714285715,61.728571428571435,7.071428571428571,29.3
2025-08-29,Greater Noida,29.3,56.5,5.4,22.2,241,8,-0.8437282590292712,-0.5367705514607103,28.7,63.5,30.8,68.5,28.3,58.7,30.12857142857143,61.185714285714276,7.114285714285715,27.8
2025-08-30,Greater Noida,27.8,55.4,6.5,0.0,242,8,-0.8528367217694595,-0.522177676659508,29.3,56.5,28.7,63.5,30.8,68.5,29.528571428571432,60.07142857142857,6.757142857142857,26.3
2025-08-31,Greater Noida,26.3,61.0,7.8,0.0,243,8,-0.8616928164028521,-0.5074302810827518,27.8,55.4,29.3,56.5,28.7,63.5,28.928571428571427,59.98571428571428,6.785714285714286,29.6
2025-09-01,Greater Noida,29.6,67.5,3.6,22.7,244,9,-0.8702939222685674,-0.49253272872205434,26.3,61.0,27.8,55.4,29.3,56.5,28.685714285714287,61.58571428571429,6.3428571428571425,23.2
2025-09-02,Greater Noida,23.2,60.3,6.3,7.8,245,9,-0.8786374941610001,-0.4774894280028391,29.6,67.5,26.3,61.0,27.8,55.4,27.957142857142856,61.81428571428571,6.3999999999999995,25.2
2025-09-03,Greater Noida,25.2,66.1,5.7,0.0,246,9,-0.886721063082993,-0.46230483047981086,23.2,60.3,29.6,67.5,26.3,61.0,27.157142857142855,61.471428571428575,6.2,28.9
2025-09-04,Greater Noida,28.9,62.1,6.1,0.0,247,9,-0.8945422369764496,-0.4469834295196741,25.2,66.1,23.2,60.3,29.6,67.5,27.185714285714283,61.271428571428565,5.914285714285714,29.7
2025-09-05,Greater Noida,29.7,62.5,5.5,0.0,248,9,-0.9020987014301837,-0.43152975897147144,28.9,62.1,25.2,66.1,23.2,60.3,27.24285714285714,62.128571428571426,5.928571428571429,27.8
2025-09-06,Greater Noida,27.8,55.1,6.4,0.0,249,9,-0.9093882203647925,-0.4159483918249421,29.7,62.5,28.9,62.1,25.2,66.1,27.24285714285714,62.08571428571429,5.914285714285714,27.0
2025-09-07,Greater Noida,27.0,64.0,9.1,15.3,250,9,-0.9164086366943458,-0.4002439388573056,27.8,55.1,29.7,62.5,28.9,62.1,27.342857142857145,62.51428571428572,6.1000000000000005,15.9
2025-09-08,Greater Noida,15.9,58.8,5.7,26.8,251,9,-0.9231578729647039,-0.38442104726885545,27.0,64.0,27.8,55.1,29.7,62.5,25.385714285714283,61.271428571428565,6.3999999999999995,19.7
2025-09-09,Greater Noida,19.7,63.4,6.6,0.0,252,9,-0.9296339319682695,-0.3684843993077793,15.9,58.8,27.0,64.0,27.8,55.1,24.885714285714283,61.714285714285715,6.442857142857143,26.9
2025-09-10,Greater Noida,26.9,56.6,9.1,0.0,253,9,-0.9358348973349941,-0.35243871088460327,19.7,63.4,15.9,58.8,27.0,64.0,25.12857142857143,60.357142857142854,6.928571428571429,25.4
2025-09-11,Greater Noida,25.4,60.5,5.2,0.0,254,9,-0.9417589340994617,-0.33628873017668287,26.9,56.6,19.7,63.4,15.9,58.8,24.62857142857143,60.128571428571426,6.799999999999999,26.7
2025-09-12,Greater Noida,26.7,61.0,8.7,0.0,255,9,-0.9474042892438845,-0.32003923622313857,25.4,60.5,26.9,56.6,19.7,63.4,24.199999999999996,59.91428571428571,7.257142857142857,25.5
2025-09-13,Greater Noida,25.5,58.9,6.0,0.0,256,9,-0.9527692922168511,-0.30369503751065885,26.7,61.0,25.4,60.5,26.9,56.6,23.87142857142857,60.457142857142856,7.199999999999998,25.3
2025-09-14,Greater Noida,25.3,61.1,8.6,0.0,257,9,-0.9578523554276669,-0.28726097055059635,25.5,58.9,26.7,61.0,25.4,60.5,23.62857142857143,60.042857142857144,7.128571428571428,26.6
2025-09-15,Greater Noida,26.6,58.3,7.0,0.0,258,9,-0.9626519747161487,-0.2707418984477642,25.3,61.1,25.5,58.9,26.7,61.0,25.157142857142855,59.971428571428575,7.314285714285714,23.6
2025-09-16,Greater Noida,23.6,56.7,6.3,0.0,259,9,-0.9671667297977312,-0.2541427094613622,26.6,58.3,25.3,61.1,25.5,58.9,25.714285714285715,59.01428571428571,7.271428571428571,26.7
2025-09-17,Greater Noida,26.7,65.6,5.7,11.7,260,9,-0.97139528468375,-0.23746831555846842,23.6,56.7,26.6,58.3,25.3,61.1,25.685714285714287,60.300000000000004,6.785714285714285,20.0
2025-09-18,Greater Noida,20.0,63.3,4.8,0.0,261,9,-0.9753363880767837,-0.2207236509605022,26.7,65.6,23.6,56.7,26.6,58.3,24.914285714285715,60.699999999999996,6.728571428571429,23.8
2025-09-19,Greater Noida,23.8,56.0,5.9,0.0,262,9,-0.9789888737409319,-0.20391367068311472,20.0,63.3,26.7,65.6,23.6,56.7,24.5,59.98571428571428,6.328571428571429,27.2
2025-09-20,Greater Noida,27.2,61.3,7.1,0.0,263,9,-0.9823516608469237,-0.18704334906991657,23.8,56.0,20.0,63.3,26.7,65.6,24.742857142857144,60.32857142857142,6.485714285714286,25.8
2025-09-21,Greater Noida,25.8,56.0,5.7,0.0,264,9,-0.9854237542919524,-0.17011767832049052,27.2,61.3,23.8,56.0,20.0,63.3,24.814285714285713,59.6,6.071428571428571,24.1
2025-09-22,Greater Noida,24.1,54.2,5.2,0.0,265,9,-0.9882042449941422,-0.15314166701312007,25.8,56.0,27.2,61.3,23.8,56.0,24.457142857142856,59.01428571428572,5.814285714285715,22.4
2025-09-23,Greater Noida,22.4,63.0,5.2,0.0,266,9,-0.9906923101615609,-0.13612033862266704,24.1,54.2,25.8,56.0,27.2,61.3,24.285714285714285,59.91428571428571,5.657142857142857,22.7
2025-09-24,Greater Noida,22.7,52.1,7.1,0.0,267,9,-0.9928872135356962,-0.11905873003404988,22.4,63.0,24.1,54.2,25.8,56.0,23.714285714285715,57.98571428571428,5.857142857142857,23.3
2025-09-25,Greater Noida,23.3,62.6,7.4,3.7,268,9,-0.994788305609327,-0.10196189005174576,22.7,52.1,22.4,63.0,24.1,54.2,24.185714285714283,57.88571428571429,6.228571428571428,23.0
2025-09-26,Greater Noida,23.0,57.8,4.5,0.0,269,9,-0.9963950238187231,-0.08483487790576538,23.3,62.6,22.7,52.1,22.4,63.0,24.071428571428573,58.142857142857146,6.028571428571429,22.5
2025-09-27,Greater Noida,22.5,58.0,4.5,0.0,270,9,-0.9977068927101168,-0.06768276175455162,23.0,57.8,23.3,62.6,22.7,52.1,23.4,57.67142857142858,5.657142857142857,22.4
2025-09-28,Greater Noida,22.4,60.5,6.0,0.0,271,9,-0.9987235240803972,-0.050510617185222886,22.5,58.0,23.0,57.8,23.3,62.6,22.914285714285715,58.314285714285724,5.700000000000001,21.9
2025-09-29,Greater Noida,21.9,61.2,7.7,0.0,272,9,-0.9994446170919858,-0.033323525711631344,22.4,60.5,22.5,58.0,23.0,57.8,22.6,59.31428571428571,6.057142857142857,19.9
2025-09-30,Greater Noida,19.9,55.6,7.1,28.0,273,9,-0.9998699583618592,-0.016126573270657762,21.9,61.2,22.4,60.5,22.5,58.0,22.24285714285714,58.25714285714286,6.328571428571429,12.4
2025-10-01,Greater Noida,12.4,61.8,3.5,0.0,274,10,-0.9999994220246925,0.001075151282798226,19.9,55.6,21.9,61.2,22.4,60.5,20.77142857142857,59.642857142857146,5.814285714285715,22.7
2025-10-02,Greater Noida,22.7,59.4,5.0,0.0,275,10,-0.999832969770105,0.018276557681691223,12.4,61.8,19.9,55.6,21.9,61.2,20.685714285714287,59.185714285714276,5.471428571428571,19.2
2025-10-03,Greater Noida,19.2,53.9,3.9,0.0,276,10,-0.9993706508539969,0.03547255575312556,22.7,59.4,12.4,61.8,19.9,55.6,20.142857142857142,58.62857142857143,5.385714285714285,20.6
2025-10-04,Greater Noida,20.6,58.3,4.9,0.0,277,10,-0.9986126020839734,0.052658056924614005,19.2,53.9,22.7,59.4,12.4,61.8,19.87142857142857,58.67142857142857,5.442857142857143,19.5
2025-10-05,Greater Noida,19.5,64.5,4.0,0.0,278,10,-0.9975590477788613,0.06982797572987089,20.6,58.3,19.2,53.9,22.7,59.4,19.457142857142856,59.24285714285715,5.157142857142857,20.6
2025-10-06,Greater Noida,20.6,65.8,3.1,0.0,279,10,-0.9962102997023297,0.0869772313136861,19.5,64.5,20.6,58.3,19.2,53.9,19.271428571428572,59.89999999999999,4.5,19.6
2025-10-07,Greater Noida,19.6,62.0,2.8,21.8,280,10,-0.9945667569706337,0.1041007489354256,20.6,65.8,19.5,64.5,20.6,58.3,19.228571428571428,60.81428571428571,3.8857142857142857,13.5
2025-10-08,Greater Noida,13.5,54.4,4.0,0.0,281,10,-0.9926289059345095,0.121193461470736,19.6,62.0,20.6,65.8,19.5,64.5,19.385714285714283,59.75714285714286,3.957142857142857,20.4
2025-10-09,Greater Noida,20.4,61.2,5.6,0.0,282,10,-0.9903973200352558,0.1382503109109819,13.5,54.4,19.6,62.0,20.6,65.8,19.057142857142857,60.01428571428571,4.042857142857143,17.6
2025-10-10,Greater Noida,17.6,62.7,6.1,0.0,283,10,-0.9878726596350429,0.15526624985999563,20.4,61.2,13.5,54.4,19.6,62.0,18.82857142857143,61.271428571428565,4.357142857142857,20.1
2025-10-11,Greater Noida,20.1,62.3,5.8,0.0,284,10,-0.9850556718215013,0.172236243027682,17.6,62.7,20.4,61.2,13.5,54.4,18.75714285714286,61.84285714285714,4.485714285714286,17.9
2025-10-12,Greater Noida,17.9,62.6,6.9,0.0,285,10,-0.981947190186646,0.18915526872004093,20.1,62.3,17.6,62.7,20.4,61.2,18.52857142857143,61.57142857142857,4.8999999999999995,17.9
2025-10-13,Greater Noida,17.9,61.0,2.5,0.0,286,10,-0.9785481345802031,0.20601832032517084,17.9,62.6,20.1,62.3,17.6,62.7,18.142857142857142,60.88571428571429,4.814285714285715,18.9
2025-10-14,Greater Noida,18.9,59.3,6.9,0.0,287,10,-0.9748595108374125,0.22282040779479959,17.9,61.0,17.9,62.6,20.1,62.3,18.04285714285714,60.5,5.3999999999999995,17.5
2025-10-15,Greater Noida,17.5,57.2,4.6,0.0,288,10,-0.9708824104813836,0.23955655912092708,18.9,59.3,17.9,61.0,17.9,62.6,18.61428571428571,60.89999999999999,5.485714285714286,19.3
2025-10-16,Greater Noida,19.3,52.1,6.2,0.0,289,10,-0.9666180104000972,0.2562218218071163,17.5,57.2,18.9,59.3,17.9,61.0,18.457142857142856,59.6,5.571428571428571,16.7
2025-10-17,Greater Noida,16.7,61.2,3.1,0.0,290,10,-0.9620675724981452,0.27281126433401914,19.3,52.1,17.5,57.2,18.9,59.3,18.328571428571426,59.385714285714286,5.142857142857144,16.7
2025-10-18,Greater Noida,16.7,60.6,5.1,0.0,291,10,-0.957232443323312,0.28931997761869527,16.7,61.2,19.3,52.1,17.5,57.2,17.842857142857145,59.142857142857146,5.042857142857143,16.5
2025-10-19,Greater Noida,16.5,62.2,5.4,0.0,292,10,-0.9521140536681102,0.3057430764672831,16.7,60.6,16.7,61.2,19.3,52.1,17.642857142857142,59.08571428571428,4.828571428571428,16.3
2025-10-20,Greater Noida,16.3,54.7,6.8,0.0,293,10,-0.9467139181463862,0.3220757010206104,16.5,62.2,16.7,60.6,16.7,61.2,17.414285714285715,58.1857142857143,5.442857142857143,18.4
2025-10-21,Greater Noida,18.4,62.7,2.7,0.0,294,10,-0.9410336347451197,0.3383130181923076,16.3,54.7,16.5,62.2,16.7,60.6,17.34285714285714,58.67142857142858,4.8428571428571425,17.5
2025-10-22,Greater Noida,17.5,68.5,5.1,0.0,295,10,-0.9350748843515574,0.3544502230989869,18.4,62.7,16.3,54.7,16.5,62.2,17.34285714285714,60.285714285714285,4.914285714285714,18.8
2025-10-23,Greater Noida,18.8,60.7,3.4,0.0,296,10,-0.9288394302558068,0.3704825404820963,17.5,68.5,18.4,62.7,16.3,54.7,17.271428571428572,61.51428571428572,4.514285714285714,19.4
2025-10-24,Greater Noida,19.4,60.2,5.8,0.0,297,10,-0.9223291176290545,0.3864052261209853,18.8,60.7,17.5,68.5,18.4,62.7,17.657142857142855,61.371428571428574,4.8999999999999995,14.6
2025-10-25,Greater Noida,14.6,61.8,6.2,0.0,298,10,-0.9155458729775467,0.40221356823680365,19.4,60.2,18.8,60.7,17.5,68.5,17.357142857142858,61.542857142857144,5.057142857142857,15.9
2025-10-26,Greater Noida,15.9,68.8,6.9,0.0,299,10,-0.9084917035725082,0.41790288888678667,14.6,61.8,19.4,60.2,18.8,60.7,17.271428571428572,62.48571428571429,5.271428571428571,13.9
2025-10-27,Greater Noida,13.9,56.6,4.2,0.0,300,10,-0.9011686968561569,0.4334685453485363,15.9,68.8,14.6,61.8,19.4,60.2,16.928571428571427,62.75714285714286,4.8999999999999995,14.100000000000001
2025-10-28,Greater Noida,14.100000000000001,57.150000000000006,6.4,0.0,301,10,-0.8935790198239952,0.4489059314938798,13.9,56.6,15.9,68.8,14.6,61.8,16.314285714285713,61.964285714285715,5.428571428571429,14.3
2025-10-29,Greater Noida,14.3,57.7,7.0,0.0,302,10,-0.8857249183835637,0.4642104791518923,14.100000000000001,57.150000000000006,13.9,56.6,15.9,68.8,15.857142857142858,60.42142857142857,5.7,13.5
2025-10-30,Greater Noida,13.5,58.8,2.5,0.0,303,10,-0.8776087166898392,0.4793776594606945,14.3,57.7,14.100000000000001,57.150000000000006,13.9,56.6,15.099999999999998,60.15,5.571428571428571,13.3
2025-10-31,Greater Noida,13.3,60.9,5.9,0.0,304,10,-0.8692328164574792,0.49440298420761813,13.5,58.8,14.3,57.7,14.100000000000001,57.150000000000006,14.22857142857143,60.25,5.585714285714286,14.4
2025-11-01,Greater Noida,14.4,66.6,6.4,0.0,305,11,-0.8605996962501181,0.5092820071573356,13.3,60.9,13.5,58.8,14.3,57.7,14.200000000000001,60.93571428571429,5.614285714285714,12.7
2025-11-02,Greater Noida,12.7,68.5,4.6,0.0,306,11,-0.8517119107469189,0.5240103253675756,14.4,66.6,13.3,60.9,13.5,58.8,13.742857142857144,60.892857142857146,5.285714285714286,15.4
2025-11-03,Greater Noida,15.4,63.2,3.2,0.0,307,11,-0.8425720899866032,0.5385835804920232,12.7,68.5,14.4,66.6,13.3,60.9,13.957142857142857,61.83571428571429,5.142857142857143,12.7
2025-11-04,Greater Noida,12.7,60.0,6.4,0.0,308,11,-0.8331829385891785,0.5529974600700271,15.4,63.2,12.7,68.5,14.4,66.6,13.757142857142856,62.24285714285714,5.142857142857143,17.8
2025-11-05,Greater Noida,17.8,71.6,3.2,0.0,309,11,-0.8235472349556007,0.5672476988027229,12.7,60.0,15.4,63.2,12.7,68.5,14.257142857142858,64.22857142857143,4.6000000000000005,13.0
2025-11-06,Greater Noida,13.0,60.0,4.7,0.0,310,11,-0.8136678304455991,0.5813300798152042,17.8,71.6,12.7,60.0,15.4,63.2,14.185714285714287,64.39999999999999,4.914285714285714,13.6
2025-11-07,Greater Noida,13.6,59.5,5.0,0.0,311,11,-0.8035476485339116,0.5952404359043674,13.0,60.0,17.8,71.6,12.7,60.0,14.228571428571428,64.2,4.785714285714286,11.5
2025-11-08,Greater Noida,11.5,54.8,6.1,0.0,312,11,-0.7931896839451843,0.6089746507720486,13.6,59.5,13.0,60.0,17.8,71.6,13.814285714285715,62.51428571428571,4.742857142857143,15.5
2025-11-09,Greater Noida,15.5,67.6,4.1,0.0,313,11,-0.7825970017677834,0.6225286602431057,11.5,54.8,13.6,59.5,13.0,60.0,14.214285714285714,62.385714285714286,4.671428571428571,14.6
2025-11-10,Greater Noida,14.6,65.9,4.0,0.0,314,11,-0.7717727365467837,0.6358984534680745,15.5,67.6,11.5,54.8,13.6,59.5,14.099999999999998,62.771428571428565,4.785714285714286,13.2
2025-11-11,Greater Noida,13.2,71.8,5.2,0.0,315,11,-0.7607200913564104,0.6490800741100398,14.6,65.9,15.5,67.6,11.5,54.8,14.171428571428573,64.45714285714286,4.614285714285714,10.8
2025-11-12,Greater Noida,10.8,56.7,6.6,0.0,316,11,-0.7494423368521953,0.6620696215153815,13.2,71.8,14.6,65.9,15.5,67.6,13.171428571428573,62.32857142857143,5.1,12.8
2025-11-13,Greater Noida,12.8,68.2,8.5,0.0,317,11,-0.7379428103031386,0.6748632518680403,10.8,56.7,13.2,71.8,14.6,65.9,13.142857142857142,63.5,5.642857142857143,10.8
2025-11-14,Greater Noida,10.8,62.7,2.8,15.5,318,11,-0.7262249146041543,0.6874571793269664,12.8,68.2,10.8,56.7,13.2,71.8,12.742857142857144,63.957142857142856,5.328571428571428,5.8
2025-11-15,Greater Noida,5.8,65.7,5.6,0.0,319,11,-0.7142921172691032,0.699847677146407,10.8,62.7,12.8,68.2,10.8,56.7,11.928571428571429,65.51428571428572,5.257142857142857,13.2
2025-11-16,Greater Noida,13.2,56.0,3.5,0.0,320,11,-0.7021479494046978,0.7120310787787131,5.8,65.7,10.8,62.7,12.8,68.2,11.6,63.857142857142854,5.171428571428571,12.1
2025-11-17,Greater Noida,12.1,68.5,6.7,3.9,321,11,-0.6897960046655887,0.7240037789593305,13.2,56.0,5.8,65.7,10.8,62.7,11.242857142857144,64.22857142857143,5.557142857142857,8.4
2025-11-18,Greater Noida,8.4,65.9,3.7,0.0,322,11,-0.6772399381909491,0.7357622347736527,12.1,68.5,13.2,56.0,5.8,65.7,10.557142857142859,63.38571428571429,5.342857142857143,10.3
2025-11-19,Greater Noida,10.3,62.6,4.1,0.0,323,11,-0.6644834655228552,0.7473029667054297,8.4,65.9,12.1,68.5,13.2,56.0,10.485714285714286,64.22857142857143,4.985714285714286,12.5
2025-11-20,Greater Noida,12.5,65.5,4.3,0.0,324,11,-0.6515303615068021,0.75862255966641,10.3,62.6,8.4,65.9,12.1,68.5,10.442857142857141,63.84285714285714,4.385714285714286,13.1
2025-11-21,Greater Noida,13.1,59.9,5.1,0.0,325,11,-0.6383844591746642,0.769717664006921,12.5,65.5,10.3,62.6,8.4,65.9,10.771428571428572,63.442857142857136,4.714285714285714,12.8
2025-11-22,Greater Noida,12.8,60.7,5.7,0.0,326,11,-0.6250496486104377,0.7805849965070866,13.1,59.9,12.5,65.5,10.3,62.6,11.771428571428572,62.728571428571435,4.728571428571429,8.9
2025-11-23,Greater Noida,8.9,61.2,6.0,0.0,327,11,-0.6115298757991053,0.7912213413483807,12.8,60.7,13.1,59.9,12.5,65.5,11.157142857142858,63.471428571428575,5.085714285714286,11.5
2025-11-24,Greater Noida,11.5,55.7,5.2,0.0,328,11,-0.5978291414589552,0.801623551065242,8.9,61.2,12.8,60.7,13.1,59.9,11.071428571428571,61.642857142857146,4.871428571428572,12.4
2025-11-25,Greater Noida,12.4,66.7,3.3,0.0,329,11,-0.5839514998576998,0.8117885474764613,11.5,55.7,8.9,61.2,12.8,60.7,11.642857142857142,61.75714285714287,4.814285714285715,8.5
2025-11-26,Greater Noida,8.5,68.0,6.4,0.0,330,11,-0.5699010576127624,0.821713322596059,12.4,66.7,11.5,55.7,8.9,61.2,11.385714285714284,62.52857142857143,5.142857142857143,10.7
2025-11-27,Greater Noida,10.7,60.5,5.2,0.0,331,11,-0.5556819724760489,0.8313949395234058,8.5,68.0,12.4,66.7,11.5,55.7,11.128571428571428,61.814285714285724,5.271428571428572,11.0
2025-11-28,Greater Noida,11.0,64.8,7.1,0.0,332,11,-0.5412984521036173,0.8408305333122887,10.7,60.5,8.5,68.0,12.4,66.7,10.828571428571427,62.51428571428572,5.557142857142857,10.1
2025-11-29,Greater Noida,10.1,62.4,4.3,0.0,333,11,-0.5267547528105542,0.8500173118187018,11.0,64.8,10.7,60.5,8.5,68.0,10.442857142857141,62.75714285714286,5.357142857142857,7.9
2025-11-30,Greater Noida,7.9,64.8,3.0,0.0,334,11,-0.5120551783114646,0.8589525565270845,10.1,62.4,11.0,64.8,10.7,60.5,10.299999999999999,63.271428571428565,4.928571428571429,9.9
2025-12-01,Greater Noida,9.9,61.0,5.4,36.7,335,12,-0.4972040784469378,0.8676336233547726,7.9,64.8,10.1,62.4,11.0,64.8,10.071428571428571,64.02857142857144,4.957142857142856,1.3
2025-12-02,Greater Noida,1.3,60.1,7.4,0.0,336,12,-0.4822058478963526,0.8760579434344281,9.9,61.0,7.9,64.8,10.1,62.4,8.485714285714286,63.08571428571428,5.542857142857144,10.0
2025-12-03,Greater Noida,10.0,67.8,5.7,0.0,337,12,-0.46706492487743034,0.8842230238742036,1.3,60.1,9.9,61.0,7.9,64.8,8.7,63.057142857142864,5.442857142857143,9.4
2025-12-04,Greater Noida,9.4,63.4,5.2,0.0,338,12,-0.451785789832884,0.8921264484954345,10.0,67.8,1.3,60.1,9.9,61.0,8.514285714285714,63.47142857142857,5.442857142857143,9.5
2025-12-05,Greater Noida,9.5,71.8,4.2,0.0,339,12,-0.4363729641045924,0.8997658785476209,9.4,63.4,10.0,67.8,1.3,60.1,8.3,64.47142857142858,5.028571428571429,10.0
2025-12-06,Greater Noida,10.0,63.9,8.2,0.0,340,12,-0.42083100859565564,0.9071390534005044,9.5,71.8,9.4,63.4,10.0,67.8,8.285714285714286,64.68571428571428,5.585714285714286,10.6
2025-12-07,Greater Noida,10.6,60.1,4.0,0.0,341,12,-0.4051645224207563,0.9142437912130223,10.0,63.9,9.5,71.8,9.4,63.4,8.671428571428573,64.01428571428572,5.728571428571429,9.5
2025-12-08,Greater Noida,9.5,68.7,4.5,0.0,342,12,-0.3893781415452015,0.9210779895789526,10.6,60.1,10.0,63.9,9.5,71.8,8.614285714285714,65.11428571428571,5.6000000000000005,9.3
2025-12-09,Greater Noida,9.3,66.4,6.5,0.0,343,12,-0.37347653741307074,0.9276396261490467,9.5,68.7,10.6,60.1,10.0,63.9,9.757142857142856,66.01428571428572,5.471428571428571,9.9
2025-12-10,Greater Noida,9.9,66.8,2.9,0.0,344,12,-0.3574644155648614,0.9339267592294762,9.3,66.4,9.5,68.7,10.6,60.1,9.742857142857144,65.87142857142858,5.071428571428571,7.1
2025-12-11,Greater Noida,7.1,68.7,7.6,0.0,345,12,-0.34134651424503615,0.9399375283564133,9.9,66.8,9.3,66.4,9.5,68.7,9.414285714285715,66.62857142857143,5.414285714285714,10.4
2025-12-12,Greater Noida,10.4,61.3,6.7,0.0,346,12,-0.3251276029999093,0.9456701548465688,7.1,68.7,9.9,66.8,9.3,66.4,9.542857142857143,65.12857142857142,5.771428571428572,9.7
2025-12-13,Greater Noida,9.7,63.4,7.1,0.0,347,12,-0.30881248126625377,0.9511229423235357,10.4,61.3,7.1,68.7,9.9,66.8,9.5,65.05714285714286,5.614285714285714,9.7
2025-12-14,Greater Noida,9.7,63.3,6.7,0.0,348,12,-0.29240597695107734,0.9562942772197719,9.7,63.4,10.4,61.3,7.1,68.7,9.37142857142857,65.51428571428572,6.0,11.0
2025-12-15,Greater Noida,11.0,58.8,5.6,0.0,349,12,-0.27591294500296043,0.9611826292540837,9.7,63.3,9.7,63.4,10.4,61.3,9.585714285714285,64.1,6.1571428571428575,6.9
2025-12-16,Greater Noida,6.9,62.9,4.3,0.0,350,12,-0.2593382659754056,0.9657865518844574,11.0,58.8,9.7,63.3,9.7,63.4,9.242857142857144,63.6,5.8428571428571425,6.9
2025-12-17,Greater Noida,6.9,69.3,5.7,0.0,351,12,-0.2426868445825954,0.9701046827361175,6.9,62.9,11.0,58.8,9.7,63.3,8.814285714285713,63.95714285714285,6.242857142857143,10.0
2025-12-18,Greater Noida,10.0,64.9,4.5,0.0,352,12,-0.22596360824801906,0.974135744004672,6.9,69.3,6.9,62.9,11.0,58.8,9.228571428571428,63.41428571428571,5.8,9.6
2025-12-19,Greater Noida,9.6,58.6,6.7,0.0,353,12,-0.20917350564635637,0.9778785428342386,10.0,64.9,6.9,69.3,6.9,62.9,9.114285714285714,63.02857142857143,5.799999999999999,9.8
2025-12-20,Greater Noida,9.8,57.8,7.3,0.0,354,12,-0.19232150523909483,0.9813319716704275,9.6,58.6,10.0,64.9,6.9,69.3,9.12857142857143,62.22857142857142,5.828571428571429,9.0
2025-12-21,Greater Noida,9.0,70.7,8.3,0.0,355,12,-0.17541259380427843,0.9844950085880858,9.8,57.8,9.6,58.6,10.0,64.9,9.028571428571428,63.285714285714285,6.057142857142857,10.5
2025-12-22,Greater Noida,10.5,63.6,7.95,0.0,356,12,-0.15845177496083632,0.9873667175937016,9.0,70.7,9.8,57.8,9.6,58.6,8.957142857142857,63.971428571428575,6.392857142857143,10.9
2025-12-23,Greater Noida,10.9,61.4,7.6,0.0,357,12,-0.14144406768794202,0.9899462489023779,10.5,63.6,9.0,70.7,9.8,57.8,9.528571428571428,63.75714285714285,6.864285714285715,10.3
2025-12-24,Greater Noida,10.3,62.9,5.8,0.0,358,12,-0.12439450483979998,0.9922328391893008,10.9,61.4,10.5,63.6,9.0,70.7,10.014285714285716,62.84285714285715,6.878571428571428,9.3
2025-12-25,Greater Noida,9.3,58.1,5.5,0.0,359,12,-0.10730813165636247,0.9942258118156161,10.3,62.9,10.9,61.4,10.5,63.6,9.914285714285715,61.871428571428574,7.021428571428571,6.7
2025-12-26,Greater Noida,6.7,69.6,7.0,0.0,360,12,-0.09019000427034513,0.9959245770286599,9.3,58.1,10.3,62.9,10.9,61.4,9.5,63.442857142857136,7.064285714285715,10.8
2025-12-27,Greater Noida,10.8,62.4,5.8,0.0,361,12,-0.07304518821104743,0.9973286321364752,6.7,69.6,9.3,58.1,10.3,62.9,9.642857142857142,64.1,6.85,11.5
2025-12-28,Greater Noida,11.5,69.4,6.8,0.0,362,12,-0.05587875690537313,0.9984375616565666,10.8,62.4,6.7,69.6,9.3,58.1,10.0,63.91428571428572,6.635714285714286,10.7
2025-12-29,Greater Noida,10.7,64.1,4.8,0.0,363,12,-0.03869579017652689,0.9992510374388481,11.5,69.4,10.8,62.4,6.7,69.6,10.028571428571428,63.98571428571428,6.185714285714285,8.6
2025-12-30,Greater Noida,8.6,69.6,5.1,46.1,364,12,-0.021501372740813793,0.999768818762748,10.7,64.1,11.5,69.4,10.8,62.4,9.700000000000001,65.15714285714286,5.828571428571428,2.3
